0.9999999999999999,0.2098444422911044,0.10725427351752262,0.2767689892927127,0.06352216772094418,0.11822689135890645,0.2715752173948564,0.09028952170201009,0.25730253232451,0.039726268030194724,0.06206917703197175,0.11348791000817415,0.2730925584446332,0.09719341983995275,0.2277158192292686,0.045402943344923216,0.07666510016667195,0.05282707850944436,0.22600761656532686,0.1358154118164575,0.18239762983656374,0.03386177319160058,0.402045538846354,0.2554242369562959,0.14754445008916992,0.06288512277347354,0.109583616230325,0.26024777519239667,0.11538834186198069,0.2029126715690164,0.0425880570570898,0.47626821536190095,0.06157366563607071,0.10172398404126426,0.12039987374498122,0.2180470103575698,0.05023456970390117,0.1729680017511213,0.2323767936513271,0.07131145198274261,0.05243449757296376,0.21228517486077644,0.13325639806555525,0.17888252605124455,0.03368910163285001,0.031095166783986466,0.22639512738984793,0.11149191024195465,0.1496926423937475,0.03462129568039235,0.0763734283492012,0.2504051457993962,0.4181459605843231,0.15975075146586715,0.058459692753563705,0.033910758678210584,0.23684495555775717,0.09036855816734246,0.19369125823025182,0.05447525258254595,0.09440150438418261,0.11161724777572028,0.27123143951609935,0.05137862153452807,0.07730297779242087,0.0519176920257841,0.20763698226726907,0.10067738952660789,0.20075491605348877,0.03714013859536016,0.062748726069887,0.06435242388226003,0.22270795650166303,0.14293275201198433,0.1641271100235489,0.036789774842976956,0.40050264975541794,0.33873628721795657,0.2601431697602167,0.37816513324280976,0.20830375536694198,0.3819523887969488,0.21162416017949776,0.2797211579131067,0.3963242873693588,0.2461131242944887,0.21820613419559656,0.4000165173382393,0.400153314999708,0.23214194365715912,0.07389098023435979,0.10944019153608149,0.256019730445132,0.12104290306349064,0.19753422021460598,0.03377081360063209,0.15279561572625072,0.22755826515506092,0.18362250127693597,0.0821117382429231,0.20644252964517712,0.14862311313941715,0.2550239713261068,0.05020398315537894,0.05182747361483297,0.23286684040282096,0.08657905006526571,0.2044797510180467,0.3026384919780019,0.3009909980427367,0.3604294334075407,0.2772816053280727
0.2098444422911044,0.9999999999999999,0.036230197894088344,0.0490420432919537,0.11771666927600205,0.04828611796364347,0.139248923911989,0.17635686466473535,0.11992194676984887,0.013452411149416825,0.14268027775719588,0.05683956466375419,0.1441914679540346,0.22036140609965624,0.10006694861954181,0.043156597456300606,0.15416118451855515,0.06985361271875154,0.16809037632357374,0.21131807179140893,0.07147850183876488,0.032561813781454056,0.17584896797684152,0.14548524527694362,0.15349413461412162,0.12625776194595079,0.04749642954500372,0.1145894439750591,0.34535422596750825,0.10726540066103071,0.03341119331949278,0.19234390827886122,0.12312640931488222,0.10456295284267883,0.2977742854003681,0.11632707089427623,0.024778089316298112,0.2377031760771486,0.15145719705669985,0.14940100198997736,0.04782913010973833,0.15574724405485282,0.19166920798308656,0.07242810672606291,0.03508233801104865,0.1878766751895881,0.11664216049748592,0.3008940253244609,0.09074423398080464,0.07961547280689854,0.03704895565248941,0.0390139567849073,0.6708255735124485,0.02333088124606777,0.09233971242548052,0.04884369693934812,0.12373733862082277,0.15873315513209782,0.11630254901427096,0.09735384006319174,0.12564882512988734,0.2702047444769104,0.13946157627993508,0.05058343425644043,0.14588739803525402,0.14778859847732095,0.10835254258093423,0.27007577756837825,0.09522231405862788,0.10345082753828755,0.12652268048715157,0.07658565973935406,0.1573098221186674,0.21618852621136575,0.07117349927915105,0.022015448631715208,0.18481613988192014,0.18599199255153015,0.09060871914488888,0.06920254237157067,0.07418077460436516,0.07574204495752553,0.07535302610235262,0.06972440023701047,0.22412243395498788,0.181767553089017,0.18615888769055142,0.19578349723451066,0.23764075625494624,0.19506742757443798,0.13103876918959292,0.13013500470551312,0.11131571365916698,0.21810604076867324,0.12080663514382343,0.04914058583484292,0.06927321546517215,0.06390881747021278,0.047558497286115935,0.05039381369362962,0.05483055782799395,0.040138893462768825,0.053186177714647294,0.09121230256195298,0.050784607146705844,0.11089294372810857,0.1746843969992875,0.1177441716265224,0.12539454915587675,0.12947971085366058,0.1866373813812514,0.14395330036502885
0.10725427351752262,0.036230197894088344,1.0,0.07939759979697286,0.05723129347531235,0.031210326400290672,0.3082307783718668,0.10648345871090692,0.23450335063168576,0.019014392977916357,0.04227553616018344,0.04974611002618744,0.30032367362613044,0.08917917414050147,0.2664126366330696,0.027380517283658704,0.06768661294481806,0.12357802906599782,0.30348710901911097,0.04672827759720235,0.21080794146313647,0.03171115604276308,0.1962219633485471,0.20670875636966485,0.21067617251824572,0.03125825808332848,0.04384137174566848,0.2800364280683185,0.10808905846426756,0.25924862745291233,0.01698720853725581,0.3131108009754542,0.024442373301196814,0.10131234593347366,0.11564338019879253,0.28387780813424024,0.034145272784398224,0.5152092870490101,0.1928765657383183,0.02618722320961772,0.13003675699596254,0.26187767870265155,0.04389328457550451,0.20254511173623008,0.022867043869708937,0.026024293098930687,0.24185784723330855,0.053981820096649466,0.2258346543300693,0.01647891708346042,0.20505586983034169,0.3688002078734201,0.20997159811139518,0.08395571250256903,0.0397215001298062,0.020547633565605565,0.21626021327193248,0.07309275879643172,0.23660206238542753,0.03361576242488316,0.10525566279323592,0.037742141043878887,0.293767032463736,0.06058065896360808,0.029608414370782148,0.012591213163208343,0.18028375865738008,0.06303403397963656,0.22719217713413986,0.023332064538032615,0.04066521360455354,0.14095110352721843,0.3198018538173184,0.036116788698387345,0.20768483166717305,0.04618334984934249,0.23418320235918524,0.18033445140639526,0.485923205560124,0.28405987329169796,0.6870259305693431,0.2427880363567032,0.08399668606274074,0.015866098646020968,0.16413006079201142,0.1987278294816105,0.28655255548447434,0.17169994865710017,0.23986853142558323,0.26821501664184,0.04686350402903448,0.09256554514876593,0.2979862550577949,0.09493345839709519,0.28583495859846253,0.026581942664437128,0.235717951300879,0.3342449911796417,0.2345268044285536,0.12020727414875028,0.25839524277735815,0.16872662790180334,0.22511227902451372,0.03570176963217305,0.00922812537188001,0.1987646835289077,0.038266949059931554,0.23541996595785053,0.1889341493945648,0.2778130680939693,0.16675200643063562,0.18578677242291866
0.2767689892927127,0.0490420432919537,0.07939759979697286,1.0,0.2743230644316723,0.1929747104183095,0.708074214789129,0.25342486796729136,0.6738537717508412,0.1477998471256643,0.2673468229956843,0.21024846357025098,0.714653726678714,0.28935428811135255,0.6495957215581978,0.1481232856101754,0.19244349964500285,0.20212776866173537,0.5897370616365292,0.30705642437206276,0.47375969737038803,0.15358962324264977,0.5722956801726691,0.38051241996434937,0.4900574284448338,0.2595795915522099,0.18581193448372868,0.7183084306872094,0.22996717788196452,0.5718916749247983,0.13041680224314187,0.716618798490624,0.2613635072438847,0.21288248654169564,0.28082059520200736,0.6142038837393881,0.12881620345382436,0.31090952408992767,0.7704275386668871,0.19554236104268305,0.2406046397924508,0.5962558496137781,0.297112060257433,0.49806545491707266,0.1525260347111016,0.18063060066728892,0.5895790865817159,0.32739894783014856,0.44443524129264855,0.16836519737995984,0.2622423016345341,0.408554771562096,0.11901425955686429,0.7801760096414061,0.2478943867370227,0.1575159133258508,0.6861228376639799,0.28939981171312257,0.5491548169263791,0.26244207266702296,0.19838115648550908,0.2502600428832956,0.6516715997011083,0.13065775817791098,0.25573285284396907,0.15638763221121996,0.7188396162068873,0.3185996682445502,0.5236731884050502,0.1421800481980759,0.15952996336294836,0.16754102459001374,0.5694700750780074,0.3275842938455138,0.43111203025719264,0.16298575290244294,0.5770209875029965,0.8426662877531295,0.19436646341818234,0.08924452328963789,0.2890987760801793,0.042841628467250134,0.546507945746777,0.8530365449121251,0.34903664512168675,0.532563322886104,0.7415903386536287,0.37366168166357755,0.6345938892750238,0.7216421676304436,0.28553044430773256,0.21028697337225383,0.6820453971063251,0.352162485150888,0.5836330916237732,0.16095817617997876,0.262068938184702,0.32965501687552845,0.23887568323470854,0.1155540321486002,0.19711744474719892,0.14405635404093187,0.46649245005379764,0.2648426120982484,0.19055430660443648,0.6989021042426238,0.262402499284735,0.5462143808608791,0.5618857540092116,0.6188657629028114,0.35431921870262345,0.669433469700863
0.06352216772094418,0.11771666927600205,0.05723129347531235,0.2743230644316723,1.0,0.19033684079778318,0.21506653884587637,0.18712482073369133,0.29259646551239205,0.058579523693959204,0.9909497464854699,0.12286087006879534,0.21950690919047566,0.15430605773699985,0.2628543316393166,0.05631190014942572,0.7640459314750416,0.25566516903842984,0.19473987225139427,0.18308492134085214,0.17568907299385816,0.04937050594061947,0.1572745538412952,0.06655628547592149,0.12883995302953652,0.9771346170935178,0.09850583201033221,0.2199503218776298,0.10974761283893116,0.2260482443431731,0.0452623627926118,0.3412634960255492,0.9816455201163459,0.058472468889374234,0.1029316540829008,0.24771201813927393,0.044144808547157216,0.18835379484293302,0.26799771396355415,0.7715037743478512,0.23168799091059264,0.1911072113034968,0.19637985170840122,0.19915829574891403,0.03825853319279077,0.08398920585359682,0.1763477655053129,0.13472987260715746,0.1894402462082656,0.06263607070290726,0.24124967123617158,0.1143505363330464,0.1987687164310611,0.29255605806064633,0.8435146906318208,0.17370212219878253,0.18328852834939985,0.09401177672096639,0.18831167205082794,0.9730348652484493,0.11474393507747256,0.07102909216350467,0.2615530045583044,0.054612202537298274,0.8823432870800035,0.25669768560298445,0.1706524575536994,0.09545371814370981,0.20555605104656285,0.044863235361025336,0.7091805487555143,0.2692815784415099,0.18175133343768052,0.15056557046097302,0.16193830691770636,0.04026696265543862,0.15012467512732303,0.33532760427020436,0.10361826343038928,0.03866448852182873,0.1409033387604925,0.021671829139013634,0.20444022609014867,0.2764699924277947,0.07913048779232885,0.1586374454469754,0.400163667107898,0.1650873726125882,0.19401338912719102,0.30664566443485675,0.978263231260899,0.2659448823827457,0.20833096788125,0.1754810405898817,0.24292896416382376,0.049212410034020146,0.23244385057808226,0.08541021787874846,0.1597208092585271,0.22965595030087058,0.04164190359672464,0.11765852311650021,0.07284953036882168,0.8599143077836441,0.19344777601217422,0.17505733695345554,0.09471039219029506,0.1785201818671384,0.06181239672261841,0.24138718117180752,0.12292020352756923,0.19610187630679793
0.11822689135890645,0.04828611796364347,0.031210326400290672,0.1929747104183095,0.19033684079778318,0.9999999999999997,0.17150857276637438,0.28213499001627423,0.2226055284843143,0.7117230028605519,0.18577599726000993,0.9267013123286043,0.15671159489172903,0.289713528916965,0.1990930360874104,0.6720814707905169,0.08643974136573208,0.6141903174474616,0.1613688568079702,0.2541254863186548,0.10519489774346968,0.5723848883874085,0.23494419376257056,0.13662583219383423,0.18518298810158046,0.1913008513340464,0.8860792267665483,0.15854670483247202,0.25742262783806186,0.1664880871785691,0.5874655185412614,0.2884172424131714,0.195629366785847,0.8610179743824091,0.3148467485709501,0.1442640411279257,0.6509686560863845,0.14055562143827913,0.25754606873048164,0.0879764677734756,0.6370707260778972,0.15461574058343305,0.26900429381905533,0.127157559592095,0.5490807968872153,0.34400464637674216,0.15984834588514488,0.17995819297628884,0.2025869234698693,0.4905624867527245,0.050881912503806845,0.10943321982069575,0.1269967604720373,0.316721333126673,0.10736846412226972,0.5265695609768392,0.10606137263465704,0.19425396565904351,0.16379847964572636,0.19748889483319354,0.7791097565466467,0.23739691756285464,0.17893833724014646,0.7085783082888025,0.10988774247375378,0.6152001549146602,0.13773798465124554,0.2123874092000761,0.13778859913705893,0.49323070021644966,0.08013804284203935,0.6035815825386731,0.15551317442201332,0.28374246469883074,0.07979461667657778,0.5702339638075774,0.24488980029514393,0.31364733711274184,0.06593175633122371,0.027519973252517566,0.09089925586393464,0.018790971280164784,0.1886019721126999,0.3254816855655289,0.11327099040190665,0.22891841751330588,0.304354082903164,0.11112592920879313,0.27556338066823977,0.2606908872412218,0.1689159612975821,0.84529248685779,0.1419539884772032,0.29498966139344707,0.13834339033209386,0.5756385125760008,0.28809447052748427,0.15805265220625292,0.26750828907607827,0.28736022472266765,0.14323959331749825,0.29962906205631884,0.24716553057121432,0.10841070313916798,0.5790034321688562,0.09968455390509952,0.17569030541104594,0.13390938959978776,0.18860907000788207,0.17581078418563575,0.09456016014560309,0.2661072339495552
0.2715752173948564,0.139248923911989,0.3082307783718668,0.708074214789129,0.21506653884587637,0.17150857276637438,1.0,0.2174403758762573,0.6299188666608686,0.16031007350514304,0.21570192602464391,0.20836227567743967,0.9902561047650882,0.24733664188376447,0.6248525004398844,0.1633219765685245,0.17294537053466283,0.26118517584595546,0.7691860975826603,0.26769147615402267,0.34871817935524774,0.1437418207028237,0.5531198062025744,0.35017347111794783,0.48225182227083374,0.2076764131985361,0.20292542023528243,0.9758283130355738,0.2595315860061733,0.5186131996556088,0.13632020921489513,0.7320259485874002,0.20103938710353575,0.18394529319282743,0.2560363073868357,0.5898514071331671,0.12926310025048382,0.3952151738024913,0.7137737312896744,0.16583597449773513,0.27281439070572544,0.7586162403835943,0.26850073173560296,0.38733113264911884,0.13661598226993613,0.1638138282025367,0.7160032243017946,0.29935494479587516,0.3747494689596891,0.13740404456419913,0.18488537938242233,0.44038678861660163,0.2754452161628427,0.7189377892082439,0.20280412303397133,0.15293118914199355,0.7987041509432331,0.30185052142774127,0.5347001184826338,0.20065201785238207,0.2332155228082637,0.20894476541111162,0.6393498017841794,0.14086575138801102,0.20310705287608816,0.14660816046110348,0.8366723668502253,0.30679646882660816,0.4603997556978603,0.12964460418672186,0.1339916681294715,0.2519386821610044,0.7459544138437786,0.2570983697062569,0.3053218142215538,0.14369638272011656,0.5604189234896811,0.7640359632989677,0.4493410120572458,0.19240357317033902,0.5839765901125625,0.1444997353271027,0.5807554450105876,0.6986631468092158,0.34698694336746894,0.5924362916568652,0.8187366708540023,0.40214041140616086,0.6517651761803219,0.8307298025250839,0.24017391634790625,0.224397979733935,0.9579892592914041,0.32671523862733515,0.537033353887681,0.14950754212829556,0.3973572304017836,0.4595961295314391,0.33252236764559406,0.260268596754028,0.4646887093292442,0.3556610133539742,0.5358108385223482,0.196071778767541,0.2005874270909483,0.8057896625438888,0.3044006741974313,0.5319251550383632,0.5371093237435522,0.6306486362811377,0.32756235614476986,0.6658696993514632
0.09028952170201009,0.17635686466473535,0.10648345871090692,0.25342486796729136,0.18712482073369133,0.28213499001627423,0.2174403758762573,0.9999999999999998,0.37995547580953626,0.3610321063220664,0.20813767156933777,0.3378992100431495,0.2180933211161617,0.9255106148667398,0.37694878145240307,0.27031427791621676,0.22998815203851544,0.2042372444243057,0.23301753456382407,0.6214507758822083,0.2757994107963285,0.17793950703081798,0.3288839240128659,0.16285365869027252,0.220568340121813,0.2156894983186609,0.2828503873698708,0.20490098175719407,0.7029370867184788,0.3568393586553442,0.1627043581848105,0.27558047040693073,0.21164527240551034,0.23681084423383897,0.7253190866798391,0.3295886524591971,0.16536030990826903,0.20815161696079088,0.2877872858738073,0.22768104655110277,0.22456355760752775,0.22941029208610866,0.6079694532921387,0.30746212512113524,0.17510541141650132,0.14046964220002744,0.21240031296742418,0.36450763762157906,0.37017773920159347,0.15100702760453222,0.09102971000679873,0.21915459401341567,0.17573280343222428,0.36924963173655995,0.21639473200838477,0.13342604822079032,0.18815738130400433,0.319264987337756,0.3411748016796627,0.20384546369126555,0.22341741348801764,0.7646931055778584,0.3468474588235626,0.22607238240057775,0.22696745750095892,0.18410158758663864,0.20578922871152383,0.44328481394386093,0.32846160386993073,0.1266769242551992,0.23118848210201015,0.20545146754047572,0.22609298633005748,0.6193553993689295,0.23808805579939926,0.17690243309312664,0.3182459056318388,0.3706654210048951,0.12110078799825048,0.05116980492305582,0.14293784528905457,0.025452134894275943,0.22389160117590134,0.3666091734378351,0.16518379245027942,0.2965680868086138,0.37795314850698836,0.1431143030860542,0.2962099978010966,0.3961970131698702,0.22055654887818885,0.29012464965715423,0.19974577454623563,0.7348005835356533,0.34994981834587935,0.15174024395277574,0.16140512218699388,0.17937580195390915,0.10747483472158151,0.04959752266878843,0.13494817755662702,0.12620797847320234,0.21415859959685785,0.21901463528157813,0.12654260145011817,0.18307435306419506,0.2887825061149013,0.3297261051551128,0.2890622990513666,0.1470504066056274,0.14833930597454614,0.3306372490512789
0.25730253232451,0.11992194676984887,0.23450335063168576,0.6738537717508412,0.29259646551239205,0.2226055284843143,0.6299188666608686,0.37995547580953626,0.9999999999999999,0.212114637401703,0.2925549955244178,0.2502812436963781,0.6375263458945915,0.4206654547101499,0.9912531590552975,0.22471945849361308,0.23421400170850482,0.2689169108669105,0.6171389886620054,0.4144749815319775,0.7521172022697693,0.2525812248475867,0.5435633569426294,0.37754248505790616,0.4903675805368207,0.29022058254353683,0.2434270363974598,0.6189212806235045,0.3781899706873277,0.9376576909047757,0.19848091353301012,0.733897376043692,0.2833310662305853,0.2253473712515849,0.3492703001133223,0.956954221096882,0.19219043429014823,0.4999503362745138,0.6523797081805751,0.22552855891496512,0.32240622686515336,0.6077004775154153,0.4139276594775039,0.7618185838952263,0.25408905455264497,0.2904601374583967,0.5753109459708783,0.43562427359000916,0.7308771820188438,0.2698666607579412,0.25972728681765656,0.4616056762014531,0.2996749425863236,0.7587173598968502,0.24320513799158394,0.2734855918412528,0.562407229713797,0.4291504228795412,0.8195983741022935,0.2715818218061183,0.2209745138452052,0.3161238585237773,0.9654974835531631,0.16320485855196767,0.2586415208376829,0.23833689520068382,0.5982387830826237,0.43207559968375503,0.8382813634386473,0.2813835022396465,0.21377166943873666,0.22553421007137497,0.606242730648783,0.4087378962428721,0.7055047863542829,0.23931991274570258,0.5400660867114261,0.8348591428932473,0.4786513176095002,0.24900024660131506,0.5484594871737911,0.17795485187887036,0.5510241646577686,0.7212604654216758,0.4768051639454951,0.6254896967854129,0.7522546333796103,0.4440541682202981,0.6420176781238772,0.7578790620961398,0.3049388167508339,0.3019116851635989,0.6259361599468055,0.4717422266437021,0.9476995338252165,0.2521474177428163,0.31286465319285506,0.3861440986048505,0.25715198893010355,0.2275507513420015,0.3870412835023549,0.27423662436188356,0.5297198533134984,0.24919976813611586,0.2744169655360392,0.5786703207882403,0.33995323436589975,0.8092410951416364,0.46161028121913766,0.6523584235318703,0.4902904116473631,0.6766445010806363
0.039726268030194724,0.013452411149416825,0.019014392977916357,0.1477998471256643,0.058579523693959204,0.7117230028605519,0.16031007350514304,0.3610321063220664,0.212114637401703,1.0000000000000002,0.05750749757341611,0.7306977240460701,0.15625817782709378,0.3482543128828174,0.19325891146020271,0.8932950210829563,0.05919283861838148,0.29647191035909637,0.1283449146810054,0.2121363207265704,0.12512229215850457,0.6802132032526333,0.13186428700512273,0.0422386327340444,0.07809930588978395,0.06199324705349951,0.7524024800352389,0.15002635191220692,0.22994564967647912,0.15930107053803347,0.7655191145314028,0.17967003345646804,0.0550155056368869,0.6639339891097166,0.278473645145444,0.15892525441892155,0.7862414324798283,0.09249961188076199,0.14508091496874853,0.060666668779465124,0.3684633725502474,0.10503382281279598,0.22927871890398957,0.1327985404147134,0.6583246100739475,0.2772884118234193,0.08775379254503134,0.20853104860061022,0.2501330957936177,0.5670450110138657,0.03908850914254546,0.0476471165473964,0.043817830194236976,0.29755831832813145,0.08482814292796656,0.3519997324813837,0.07245318229075101,0.2603882725620708,0.16681009354855145,0.053057241721685106,0.7657076625749251,0.2547254174187893,0.19765496055446938,0.8476830867215196,0.08453824823018367,0.37060659735824925,0.1060303487366725,0.23841972701125502,0.12366155863143756,0.6319278059704148,0.056747626401413405,0.28847917085042457,0.118507952604492,0.2204953393464432,0.11842693808746817,0.687885536085533,0.1371619505983577,0.24564631267568082,0.042813318274104326,0.018799246293360765,0.07580057214648327,0.015268063252162314,0.17519005635739354,0.28046796272228425,0.06149557848469895,0.12672136516231883,0.24754211291899728,0.029740231314770642,0.15182737709668323,0.25243229399599976,0.06969328947606958,0.47566360742362884,0.12608429368799173,0.22771897195472157,0.14591124177765086,0.6968424637024834,0.17772639819907457,0.0606590241542581,0.15855300973517833,0.09645045457820778,0.11250716851670668,0.3443642615115543,0.15592503449744605,0.08469809325582328,0.3682504735937566,0.07542635074931772,0.21967381972670785,0.10805679110122804,0.11273777773982374,0.1613955750653608,0.03875945207137207,0.14713859832858925
0.06206917703197175,0.14268027775719588,0.04227553616018344,0.2673468229956843,0.9909497464854699,0.18577599726000993,0.21570192602464391,0.20813767156933777,0.2925549955244178,0.05750749757341611,1.0,0.12564425722917952,0.21977486509787372,0.17215947266876405,0.2624640650467556,0.05628349410030943,0.758296134482213,0.24971520177842293,0.19048059758992014,0.2005547689424777,0.17056975266631552,0.05186182599832047,0.16285290895120733,0.06379086398385014,0.12530379980495385,0.9845571442020515,0.09050176303381982,0.2195093101827128,0.12303536359191337,0.2238952819574186,0.0423044128580822,0.33163755298631803,0.9862085369025375,0.05296504433257528,0.12158686532432268,0.24418436469245114,0.04561270877598767,0.17189475997233875,0.27228504831274125,0.7658128280787461,0.2259940067338404,0.1870778541659987,0.21391405186761944,0.19201866054550296,0.04210116399023704,0.09417149299059227,0.1681021792012657,0.14427929172877424,0.18167944166610928,0.06967950161047866,0.2360554253480541,0.11360970313431804,0.20637411341469955,0.2898950958493558,0.8560060566966061,0.16901092697476644,0.1834973338653802,0.08169584987617513,0.18409806024837644,0.9686457690388647,0.10975856869862018,0.07796382433881767,0.2604506179774314,0.058037772711892005,0.8912264703325884,0.26559473997045857,0.17130375890815,0.10358027865700309,0.20013844570059913,0.04570724011904451,0.7082446467086961,0.2691542657872958,0.17639845600316661,0.15912454498077824,0.1577945227999646,0.04234140938091539,0.15269502591633927,0.3323670318945221,0.10511893192779484,0.04149899455055385,0.13496485227778082,0.021964083925955582,0.2125356194922945,0.27456848654279226,0.07774385440601804,0.16103769552004873,0.4041655565225827,0.16209349485938013,0.19733591230544945,0.31294737128465555,0.9815289400016182,0.2663851821354246,0.20708669484147058,0.1896004530713959,0.24119533859954984,0.051788585740384835,0.2352518466781799,0.07634568801615482,0.15656813405744932,0.23374640241117772,0.038236950560193425,0.11795312327047792,0.06759827264525053,0.8685980899020308,0.1920825172682069,0.17711522983327743,0.09158471426945862,0.1735550409712399,0.06453248856119025,0.23480866095928568,0.12422537865144151,0.19840939579823308
0.11348791000817415,0.05683956466375419,0.04974611002618744,0.21024846357025098,0.12286087006879534,0.9267013123286043,0.20836227567743967,0.3378992100431495,0.2502812436963781,0.7306977240460701,0.12564425722917952,1.0,0.1882699258994815,0.37695636507014335,0.23284128797054057,0.6971804265962481,0.09292338752184505,0.6139402883673989,0.16570880630134208,0.33229896162438394,0.11848433482119952,0.6221493355815352,0.25058185231792884,0.13708864085247432,0.19745654503279603,0.1334685737409108,0.891847040982716,0.1812336544536851,0.34382269962948736,0.20941634094383219,0.6168118469061147,0.27376163937659953,0.1261065253715624,0.9026139481218004,0.387241972137128,0.17409456750513497,0.6885838291544963,0.12505666861574632,0.2707707405768022,0.0951656935887159,0.6389976718541711,0.1607090874830609,0.3485921936305368,0.14734946254770934,0.5950714865763997,0.35654237957819723,0.1688022740419883,0.2473105302832363,0.2391696774972684,0.512541993657133,0.06939520469321225,0.1197794638612788,0.11683947299635557,0.34689849371118453,0.11809902085086246,0.40428796348243395,0.13361014367128451,0.20539038741025872,0.20489448671685623,0.12382039806617146,0.7509843347050212,0.2752528334823943,0.20946085818559776,0.740618263809046,0.1203323119462592,0.49808259664641313,0.15040502289250782,0.27070318393412734,0.16314818354137903,0.5105595451548223,0.08903291787462184,0.5963618824847253,0.16182721160647853,0.3702282880433855,0.09236248177012084,0.6202967994883664,0.26322378766433113,0.33775330002215775,0.08439581780805182,0.03857679565236883,0.10442212797346948,0.026771269826146294,0.20712490336344933,0.34443082698446187,0.11502522542770202,0.25583677596962046,0.3323432542121015,0.09821048522569475,0.2862810777285115,0.28420856499359126,0.12922759461252975,0.7822769322664069,0.16135156040846949,0.3756181789759174,0.17262924085119022,0.6219130355124739,0.28122373773382925,0.1594726140047344,0.23315682870864407,0.18541609292825512,0.15952730312879107,0.30842415241714266,0.25063593584221083,0.12070041107661159,0.46320476392693577,0.11534447572379404,0.19552589709497653,0.16414793768716532,0.1929463749504231,0.18302956148302826,0.09374251991528279,0.28539532484128727
0.2730925584446332,0.1441914679540346,0.30032367362613044,0.714653726678714,0.21950690919047566,0.15671159489172903,0.9902561047650882,0.2180933211161617,0.6375263458945915,0.15625817782709378,0.21977486509787372,0.1882699258994815,0.9999999999999999,0.24356200451921017,0.631625544381725,0.1559743008764558,0.17929235035352653,0.23083386901623154,0.7927016367616261,0.25749895002897133,0.3507521337528679,0.13953113609717993,0.5509413234121558,0.35604663981661827,0.48688922535416546,0.2104692098198155,0.18721043653830347,0.9850884410263379,0.25752245811964014,0.517373237462476,0.12892945277351892,0.7310954963529388,0.20818221970307846,0.16903968831387173,0.24860341579098907,0.5974171423264316,0.12085066636489708,0.38610140815938565,0.7215842377279372,0.17363482940784808,0.24855666377446933,0.7802328272471171,0.2589366151551512,0.39067024193959665,0.13263899926952877,0.1600139208325645,0.7366918903269603,0.29847841323049507,0.37390443354629954,0.1351191078113939,0.17817219302813997,0.4300346796681127,0.2737416439208997,0.7210068995874699,0.20398984329102088,0.1512113732943926,0.8173697993802457,0.3029929474877068,0.529627711553596,0.21194839032294477,0.22884891904485258,0.21175107198542437,0.6431503167867036,0.1345134059644827,0.20754453128516823,0.14134307311476454,0.8593429215342974,0.29695826512711354,0.4603515537263756,0.12689440626297552,0.13733679632703527,0.2236030492715521,0.7685903674896536,0.24851834718669574,0.30431068926878024,0.14110351318896638,0.5579384094914077,0.7666652869891882,0.4341612386249899,0.188576697742425,0.5716770817741377,0.14211416892880566,0.5720210710657759,0.7016222655656333,0.35548712448021264,0.5937911717382331,0.812321133814798,0.40931419424268833,0.6474368173062919,0.8314886816643146,0.24442303021313483,0.20496065988587114,0.9685730040500791,0.3197754373495091,0.5408645968321766,0.1448561810926728,0.37925820484709416,0.44314960757043526,0.31705107673677474,0.2694908386780143,0.4538105228135415,0.36091337244499516,0.5272988754503765,0.2000249112863197,0.2019303472714053,0.8251684835938272,0.30706534494302884,0.526822060108403,0.5396652242181752,0.6241924107803287,0.3369182394796178,0.6675916516195655
0.09719341983995275,0.22036140609965624,0.08917917414050147,0.28935428811135255,0.15430605773699985,0.289713528916965,0.24733664188376447,0.9255106148667398,0.4206654547101499,0.3482543128828174,0.17215947266876405,0.37695636507014335,0.24356200451921017,0.9999999999999999,0.4112810716590122,0.3101553195827288,0.1978733633706221,0.27132834883000023,0.23937057990785057,0.7163924524217742,0.2725312941004561,0.23484477110289337,0.33316171599214534,0.16490085070931793,0.21871463556358192,0.17607691077667345,0.3209637168882089,0.2221824632265163,0.8208917876605795,0.37153774450681093,0.23019828069655301,0.30884596205994175,0.17772826591174812,0.29015844912565064,0.7836004207235041,0.35094122165264835,0.22089917840149284,0.18941207760387757,0.3188532453011841,0.20030027111878995,0.27866905720919005,0.23296095248469154,0.6928880094420293,0.31408635660545314,0.22237417001678775,0.15131310674262216,0.2281854563796583,0.413403534553351,0.3923614478295809,0.19947278761241394,0.10004232440657274,0.2101785971275617,0.19178905001304952,0.3896668975835223,0.18930834949729217,0.1243004080111697,0.19108836874147042,0.37698963594641666,0.35220364239172336,0.16499803885327347,0.20645212772876256,0.7654545666119033,0.3835519454563784,0.21279621296254464,0.20050016926158956,0.17402594787006298,0.2161463998589416,0.584387364143623,0.32931383552786986,0.17915878642474137,0.20019680210845325,0.2549258764790072,0.22939978106467665,0.7304084047113487,0.22511700286089792,0.23415625437569604,0.3219149882415924,0.40299510477242784,0.10470910778468023,0.039664045348521096,0.13339699119150394,0.009856934862525486,0.254686995068813,0.41041030892193775,0.18444541808504925,0.3104134794802957,0.42891704527205815,0.14870252676840626,0.30648308928637047,0.4370863153516261,0.18592114008667066,0.3188309618680281,0.20737340890226344,0.8142346340955281,0.36317118111307395,0.20931999662263576,0.14816788676596032,0.19020620751982978,0.11116727716742489,0.04515394010134862,0.14439687774280546,0.12185003352815575,0.22327512811191985,0.19206763263880983,0.13246777312338082,0.18518257955242637,0.40383268527456245,0.33018896633380734,0.299271624662248,0.1557283998511303,0.15309508463380422,0.3557951889638734
0.2277158192292686,0.10006694861954181,0.2664126366330696,0.6495957215581978,0.2628543316393166,0.1990930360874104,0.6248525004398844,0.37694878145240307,0.9912531590552975,0.19325891146020271,0.2624640650467556,0.23284128797054057,0.631625544381725,0.4112810716590122,0.9999999999999998,0.19899850445781506,0.2045123848175937,0.26883525537417746,0.605720070207034,0.4109527086334389,0.7651205833078834,0.23477111722309185,0.5263275169586544,0.3757836656365289,0.48567470017380504,0.2586498063300675,0.22356148978793577,0.611364293575047,0.363894628103133,0.9547273535477907,0.173507574886736,0.714058056577893,0.24963595769170827,0.2094394490794806,0.3382282147668618,0.9655927817703863,0.16987982933361034,0.5147913127474352,0.6419117475088386,0.19499520316487282,0.31997881886820795,0.5943218815603966,0.41268921832032723,0.775123502216433,0.2359433730181392,0.28560205479812933,0.5617148910761365,0.4249109823871198,0.7419414929859578,0.2533138277674812,0.26679523540508865,0.47845429262512373,0.2771731303914459,0.7400214545809652,0.2145954751601614,0.26307213952679337,0.5477893997421728,0.4219557511572138,0.8321575762361566,0.2419975432238079,0.19442538214556204,0.305153616084213,0.9639457331986763,0.13997506939683688,0.22725386238007925,0.22515319240549456,0.5824791535891456,0.4211450837208948,0.8557594846815401,0.2633041306129476,0.18412715521415757,0.2290360140183807,0.5956363757381822,0.4018866607489737,0.718781211254951,0.2200833158565023,0.5216731589800457,0.8192670930541031,0.49318649691520433,0.23533202583680723,0.574649762493497,0.16505097644418892,0.535562165445806,0.6944534805675223,0.4699959091853756,0.6191518950222337,0.7445438011987233,0.4322057934369427,0.6259378119923412,0.7433527585530659,0.2737397380164356,0.2933388139292554,0.6195585226240342,0.4658858160994239,0.9592290138205614,0.23269864282670008,0.31070605880995994,0.3915789390263855,0.2665038114041228,0.23622482810958956,0.4017971293308737,0.2818475837142629,0.5277850975278432,0.21934050504440897,0.2601581212992532,0.5624857841959402,0.33135334505383907,0.8239876639985035,0.4513018592720428,0.6518613912615128,0.4829559002855672,0.6616570471758136
0.045402943344923216,0.043156597456300606,0.027380517283658704,0.1481232856101754,0.05631190014942572,0.6720814707905169,0.1633219765685245,0.27031427791621676,0.22471945849361308,0.8932950210829563,0.05628349410030943,0.6971804265962481,0.1559743008764558,0.3101553195827288,0.19899850445781506,0.9999999999999998,0.046893484799423776,0.3451362626037801,0.12770832753442074,0.24850972972512142,0.08837028439393974,0.8103861089166366,0.11856008415739473,0.05522429518552659,0.09921410832504066,0.060021744807029716,0.7495619935250117,0.14540979036576862,0.2705985893618246,0.14059004198409775,0.9548971719283397,0.17951432042727367,0.05069828169480327,0.6521300802277987,0.34073069137519363,0.14577320267642654,0.9529406877923322,0.09750106960450688,0.16538926976751347,0.050646255138599966,0.42282400855153646,0.10287321372960495,0.25230497529270535,0.09274759897336723,0.7829334902511509,0.3068738062021602,0.08706748582870084,0.2513643942592648,0.18893834023848532,0.7261786054674048,0.047673520589496005,0.05283024593375297,0.07148529725472495,0.3007433664770875,0.08119610753524689,0.36780099973230773,0.07875378177252707,0.2738099337657348,0.12314646754202019,0.04926293215612114,0.7206164216687915,0.26447157811358296,0.21189380970563665,0.8301806093609561,0.08015714947157883,0.3852132806618627,0.10113505263475098,0.29325823753652525,0.08983404383833236,0.7805537061652095,0.04436481030514348,0.3375087201900542,0.11909306479925649,0.2749657089043889,0.07725935151729271,0.8315256371671313,0.1264794639582132,0.2441942379910953,0.05419932740724142,0.021240234876057983,0.08691630975474915,0.01614090842419384,0.18747863151721245,0.2771229272481824,0.07633591650126184,0.13724260603016708,0.26467067912273345,0.04663852377314102,0.1645414049935529,0.252860049575527,0.06667414000592853,0.4823406797960754,0.12776712259559125,0.2546574829876469,0.14385940185239465,0.842571009896016,0.18443753144055314,0.06473128556486664,0.1711804868149897,0.12538084080307774,0.12514589775937265,0.3389079362077805,0.17748110699131994,0.08294046217437802,0.36178433708286406,0.08158787920617276,0.24199273313037645,0.07792665004350843,0.09320292978606987,0.19342245086351345,0.05019392837937979,0.15628819423169227
0.07666510016667195,0.15416118451855515,0.06768661294481806,0.19244349964500285,0.7640459314750416,0.08643974136573208,0.17294537053466283,0.22998815203851544,0.23421400170850482,0.05919283861838148,0.758296134482213,0.09292338752184505,0.17929235035352653,0.1978733633706221,0.2045123848175937,0.046893484799423776,1.0000000000000002,0.0783186742046594,0.17065823165289612,0.0818210763191705,0.16288068347820625,0.027064308225884435,0.09844348726130255,0.06987561707227932,0.14013670919893784,0.7941874589110234,0.09035357407619032,0.16698898304228574,0.12599217839047036,0.1716776796949757,0.02784176772696545,0.28300790321964886,0.7587314857343092,0.02303049784612461,0.08442990364256306,0.2009338707751474,0.020539721916568367,0.1547582057789264,0.1826303328547909,0.9861028601680779,0.08259737866017212,0.16377870654477156,0.07080368552541706,0.16598571187564562,0.023909165759569168,0.03207020880894074,0.16132638963887339,0.05119183915840865,0.16188166599338888,0.030155669717164074,0.33440974781911065,0.12924389652605464,0.16974761549986758,0.23325425492088958,0.7333423411855275,0.022596063076683,0.1365266941977232,0.06600317080341923,0.15612867916556752,0.7480595430191803,0.06080444556196357,0.061620413172468795,0.2238027340267355,0.04273277811002349,0.7906056681207931,0.06216074126865591,0.13773703391814035,0.08904174074565269,0.14653225869747713,0.03281572061290483,0.9825179328213818,0.07611115433142746,0.16505741777729838,0.07640149153097346,0.15757862771622505,0.025903079732428277,0.10098432090207396,0.2888702559073887,0.08933153076443706,0.04216300612021333,0.15050853262258204,0.018711482477169455,0.14394835449663668,0.21592850171832104,0.07903977320796954,0.15698540739296812,0.3048838020775846,0.14261606483881709,0.1780639816141739,0.24872384745781365,0.8032987878894456,0.08237625441971735,0.16261794219628598,0.14690939717631363,0.18936171970312918,0.024648916412560236,0.1602036282443275,0.05475955508124478,0.04751735969259033,0.04558628373444515,0.03853176391623661,0.053499788493429214,0.0741555926865548,0.731512288694236,0.04946710757990051,0.13037206107447108,0.08494182079935558,0.14813633137009447,0.062078503328180504,0.18200414166677964,0.1107378746020559,0.18875717935060615
0.05282707850944436,0.06985361271875154,0.12357802906599782,0.20212776866173537,0.25566516903842984,0.6141903174474616,0.26118517584595546,0.2042372444243057,0.2689169108669105,0.29647191035909637,0.24971520177842293,0.6139402883673989,0.23083386901623154,0.27132834883000023,0.26883525537417746,0.3451362626037801,0.0783186742046594,0.9999999999999999,0.14331083218192409,0.3889323945186606,0.11656499705318926,0.399589324295414,0.18053159762986676,0.08337464282988438,0.15529069690745945,0.2567576139676928,0.48481291767818385,0.23848590000051104,0.2303731500180267,0.25132007571109266,0.31344747676867063,0.3112612729235974,0.24739249086963946,0.5127333013446598,0.24168987219136928,0.24037011320214494,0.33058191649251756,0.17785938818714228,0.254708805164689,0.09272205701715622,0.9231707363320966,0.14107315198367026,0.374486210496611,0.14300562188091942,0.3725842626989757,0.37515989381789516,0.11098129583720412,0.27262374343154117,0.1917384373962922,0.3387204606545415,0.0360189910171512,0.10688305538911261,0.22755072472350946,0.2456518826272421,0.12709950381452267,0.39408210842131214,0.15024179504065938,0.16407981361683024,0.22327139273644075,0.24436778738924292,0.3208686038153052,0.14517301335021174,0.256604851387048,0.26455096725669663,0.10570784851852896,0.48019006430058786,0.14160142737681847,0.20109418248231292,0.19915295698767688,0.2864766808745668,0.06527702525652143,0.9159949431159213,0.1365947726649593,0.4052986590008475,0.09042891845376834,0.37095337807736656,0.19407940201428353,0.29322186515077775,0.08603249472009103,0.040585632223754636,0.1429655473944719,0.030340828287796193,0.19927774797333947,0.26676949991786164,0.11742563923865876,0.20304801693713279,0.34057327691901107,0.1921944698148501,0.2406456976914515,0.2660984490361227,0.21996475916439256,0.8066817237613023,0.21233033496221626,0.3630692002136759,0.22807285159309065,0.3764692110221105,0.2444511019690458,0.13962442453474588,0.26645981943193187,0.31705524614476494,0.09020198101298174,0.1938329815715032,0.1675663961285102,0.12424750816261652,0.45939682215887717,0.14082012761260448,0.14224827576064852,0.20185518556681367,0.10907698436756717,0.2033098649973769,0.12424298294196856,0.21949099879885497
0.22600761656532686,0.16809037632357374,0.30348710901911097,0.5897370616365292,0.19473987225139427,0.1613688568079702,0.7691860975826603,0.23301753456382407,0.6171389886620054,0.1283449146810054,0.19048059758992014,0.16570880630134208,0.7927016367616261,0.23937057990785057,0.605720070207034,0.12770832753442074,0.17065823165289612,0.14331083218192409,0.9999999999999998,0.16526422708450206,0.363842898454821,0.10634610577150126,0.6080908680395796,0.3945333886792046,0.5432401571199869,0.17483162120952433,0.18056256018706512,0.8092498058303501,0.2547862102673845,0.52182770387319,0.1049623521714684,0.6640707150716952,0.18011861270312543,0.17235174288150873,0.24116631283309053,0.5702877396831783,0.08499898865064373,0.4097607317520505,0.6376826636623819,0.1635306538279071,0.17931660155358825,0.9789407685944553,0.1601652580977265,0.40022492358131984,0.09683539689275515,0.14288656040965525,0.9096339148670792,0.24061982164573995,0.38599840681735226,0.11766347567166013,0.1842797559374283,0.4730417801820427,0.2460355362794842,0.680892821960106,0.1604353054812835,0.20187547531828454,0.752000262969572,0.3353487351101142,0.5196284589354435,0.19252396872204353,0.26373556231638107,0.23681975564927224,0.5961055980319832,0.09374719879076031,0.17471551307777172,0.16317367323864324,0.855792278029424,0.2701700983881492,0.43683736897051856,0.13808076472009617,0.13080289028234393,0.1377608112326035,0.9845136870556856,0.15793879926237048,0.33145015678153134,0.10332937727250445,0.6099273902929159,0.7051342844731283,0.3753078125484117,0.15526544554460686,0.4711855697330853,0.0994646321812843,0.4507482925994528,0.6458227961745757,0.4241757558584106,0.6627215017071549,0.63291286415133,0.39765077377177005,0.6683772799806912,0.6978727390162942,0.2086115804751929,0.19111109469119067,0.86674020066413,0.26359685705144587,0.5197295770408705,0.11114445428217591,0.2970196895625382,0.4202166036246628,0.23475882148045912,0.24369690622532195,0.3878157602216294,0.2870392522787015,0.5419432672152612,0.16377766774676444,0.23852658682907718,0.7441748900381098,0.36010905433800355,0.5088813568241526,0.5992955161465832,0.5131318956967567,0.4015493231504367,0.7037891006194638
0.1358154118164575,0.21131807179140893,0.04672827759720235,0.30705642437206276,0.18308492134085214,0.2541254863186548,0.26769147615402267,0.6214507758822083,0.4144749815319775,0.2121363207265704,0.2005547689424777,0.33229896162438394,0.25749895002897133,0.7163924524217742,0.4109527086334389,0.24850972972512142,0.0818210763191705,0.3889323945186606,0.16526422708450206,1.0000000000000002,0.19853671544306606,0.2977058529160474,0.33829130341832586,0.1470555453526164,0.16928942802567035,0.1994917332438892,0.24953895702857964,0.2399234504351056,0.7225383599068445,0.3791591041475096,0.2223734366790439,0.34390306743008037,0.1750781315892693,0.26268898994256856,0.7296837553315302,0.3553048272418225,0.24765423734055622,0.17546653280024752,0.34750424341466335,0.0959585386120498,0.39884251245542185,0.15827911403514874,0.9487207671813056,0.24448235294762424,0.2804469883955651,0.21354739455495517,0.15595093571763174,0.57895644104122,0.3241029286262167,0.2688391636981426,0.11320345769798984,0.1512932495451883,0.2268503841262307,0.3640518397700033,0.21619470829967583,0.13093976805896074,0.20175527553284928,0.41637946212160265,0.32730720512014494,0.16159167086985854,0.18818151260550028,0.7066685132305244,0.3841572997577051,0.25985577380213587,0.23210566634209134,0.16952560470145717,0.19808141513518163,0.5992854421975083,0.3121801562055453,0.22100905825449016,0.06561764315783207,0.361573718894872,0.16363786721667833,0.9523155336141835,0.14073301275195155,0.2923374263407742,0.3251821440791119,0.3893075937260198,0.10397259565663072,0.024805509932573383,0.11645872723140772,0.014816174875956774,0.3118433620931296,0.38358697457955937,0.20772555011322352,0.26703476091540423,0.4250336009258954,0.2488787002062462,0.27991524598103223,0.4320028181249166,0.20795866881309152,0.3369969566160682,0.20239172711390263,0.9180845782318334,0.3613791444899858,0.27124984990218615,0.11859436455512276,0.11766807279832038,0.09859509071255645,0.06113021531193273,0.13166814141952377,0.1154412773049583,0.19243029951560198,0.21871707750948932,0.11039004360195219,0.20633703200370407,0.37799565324372153,0.313718170937881,0.20040145991516892,0.20622501567145002,0.20846161570915728,0.31518897145801716
0.18239762983656374,0.07147850183876488,0.21080794146313647,0.47375969737038803,0.17568907299385816,0.10519489774346968,0.34871817935524774,0.2757994107963285,0.7521172022697693,0.12512229215850457,0.17056975266631552,0.11848433482119952,0.3507521337528679,0.2725312941004561,0.7651205833078834,0.08837028439393974,0.16288068347820625,0.11656499705318926,0.363842898454821,0.19853671544306606,0.9999999999999999,0.07292017901769968,0.3121480427684148,0.41662674774950526,0.4493684286312995,0.16127426999059696,0.12536688681917285,0.33347119564003075,0.1930255829197296,0.8262422294573721,0.06038485854933718,0.52117850487604,0.16091561443817065,0.1260433258533678,0.1964749361169482,0.8007211306786033,0.05558375141332088,0.3668464195791703,0.4093339119841053,0.16130842119721756,0.11716600075650738,0.35883204756990433,0.21617067180918192,0.9556879592913092,0.07372708402344107,0.07554694340560389,0.3390962343722678,0.2452188688770711,0.7929661878937928,0.07823375067240128,0.25257140918426385,0.3861870904685443,0.23126077403610168,0.4587746667170415,0.13539837180889658,0.09129350681001396,0.3480727354353142,0.278909812135698,0.7427286599176758,0.16780142842423834,0.11892579474800874,0.1810678410922142,0.7706177235790472,0.07340724713127378,0.13938713272082892,0.07773622710152789,0.33942870395517,0.2765345271438593,0.7994591286005707,0.07075695938780256,0.1576231185436975,0.10805527661765071,0.3612630887985675,0.2065392147806854,0.9743287203734969,0.06616637344884116,0.3174669806276288,0.5807351649344333,0.407557335867419,0.25120580005476567,0.4837622409237602,0.188919914575877,0.35140579916643044,0.44039529214804984,0.3876735125808903,0.40198997928166935,0.42031305593822876,0.3471575774717891,0.3987085206449818,0.38761009612532366,0.17181932269911893,0.1304342710324239,0.3356557240657254,0.2457095141488389,0.8365362402885588,0.05947945638263153,0.14932301001834467,0.20405876037203732,0.17813444795200611,0.1345773683978772,0.17870241907975576,0.12244646653609534,0.2970182680386767,0.13697289913007205,0.09215804142114375,0.3483479318743334,0.20798243026732752,0.7184739291183054,0.31760392934854015,0.60446281590975,0.3766783627063036,0.3990602993297114
0.03386177319160058,0.032561813781454056,0.03171115604276308,0.15358962324264977,0.04937050594061947,0.5723848883874085,0.1437418207028237,0.17793950703081798,0.2525812248475867,0.6802132032526333,0.05186182599832047,0.6221493355815352,0.13953113609717993,0.23484477110289337,0.23477111722309185,0.8103861089166366,0.027064308225884435,0.399589324295414,0.10634610577150126,0.2977058529160474,0.07292017901769968,1.0,0.08654934275769631,0.045493244522831704,0.1011715262243113,0.056055437069298775,0.6716102881244383,0.12452253633541852,0.2193099931043538,0.20834154611709169,0.8153462869004607,0.1681819323024789,0.04007880714623355,0.5735256724460569,0.33716231817700365,0.19386030498399737,0.8479475753090253,0.12174916521720602,0.21652966586737785,0.03558047799593245,0.4875444931624314,0.08560630806984998,0.2851083954839805,0.08167222482997621,0.989341517498622,0.37970005857273326,0.0886810672731253,0.27455748833310084,0.17812814289195653,0.8657462641988153,0.0681193551755505,0.07338360462642535,0.08544300026816276,0.30965301082626684,0.09020565422704478,0.3492972921339484,0.0641534050874835,0.19736863332601318,0.15255235057763067,0.04046425191075162,0.5659513402815491,0.2209753592791603,0.22407945364518345,0.6904566208064817,0.09233079328116359,0.3543375163390377,0.09491551488937283,0.2437333289553262,0.15363093634389183,0.7306735770390527,0.018444684630297976,0.3919599303163062,0.10571565307561138,0.3262764236940485,0.052425782161284726,0.9880178093221346,0.08850013270556595,0.25787736259459676,0.08858917556646939,0.03765564901988318,0.08560557440323009,0.02855520200106564,0.166961884381996,0.28937914415411775,0.07972375542573018,0.1535007673959927,0.2790925903883666,0.047841133814142574,0.1673014021867919,0.24741266691148506,0.07283585866465059,0.45894752593046917,0.11528982923859414,0.2753421930931492,0.1943869494640238,0.9593123217159546,0.1667498429500503,0.06726208803447602,0.17524423629054076,0.14183156129027896,0.10364306722312668,0.29609984497398034,0.20138408377327982,0.09328629853702909,0.3328709854901702,0.059901745806837596,0.1928916838434756,0.12170776546035036,0.04939690684988957,0.21441686327518011,0.05987448539570791,0.15899212077241587
0.402045538846354,0.17584896797684152,0.1962219633485471,0.5722956801726691,0.1572745538412952,0.23494419376257056,0.5531198062025744,0.3288839240128659,0.5435633569426294,0.13186428700512273,0.16285290895120733,0.25058185231792884,0.5509413234121558,0.33316171599214534,0.5263275169586544,0.11856008415739473,0.09844348726130255,0.18053159762986676,0.6080908680395796,0.33829130341832586,0.3121480427684148,0.08654934275769631,1.0,0.5471007786322392,0.5763535716653755,0.14960914053298713,0.23842965288787876,0.5650551995915483,0.39837694419739655,0.46384940727961455,0.08700491309330939,0.6315463645162811,0.14729035278901492,0.2089362385054862,0.32119268447027327,0.4806027498860319,0.07497546239039121,0.38174697524707707,0.634542313155134,0.10106997601313697,0.2165339978601905,0.5969395583587143,0.3485231139411899,0.33411292813774823,0.08132220800571635,0.2961050558886743,0.615286682515493,0.48340768501799036,0.3125022955710415,0.14621189975846965,0.14317238003243493,0.4754138729676779,0.22836582291482022,0.6838885961721852,0.13497846548094525,0.2625224642320369,0.5678080050378003,0.42801954336557074,0.4162452892667172,0.14904675015923144,0.2689525916689515,0.31673715630736254,0.5106432076232436,0.11380247365559266,0.1573550093236052,0.23198336985864054,0.6149465598299431,0.4423868224466416,0.3563652234179475,0.12546267698477445,0.07757793083208489,0.14445061046431845,0.6011473057204293,0.31962026012292744,0.26987844887771395,0.0846519459738257,0.9893928917209183,0.7171563293433816,0.2533946822793418,0.1480428867577191,0.2789647586844277,0.1032754473787127,0.46710691542088906,0.6913919028478079,0.5537006381218625,0.75073055122365,0.5327842386702841,0.5439482793889008,0.7726010324832178,0.6191157117061832,0.17472545512842338,0.2777068185833421,0.5652128824316078,0.38582427772960914,0.40910266560438613,0.10436121268094323,0.2416791385099525,0.48232238126489474,0.20604171742139393,0.08399718137123771,0.28755578400009785,0.13363747327463069,0.6960413520550558,0.14518391335457526,0.2594868324950479,0.5755606404058503,0.3595747838825044,0.41409433697165404,0.819684107531766,0.3888932357873668,0.5179890024593808,0.7558989581158548
0.2554242369562959,0.14548524527694362,0.20670875636966485,0.38051241996434937,0.06655628547592149,0.13662583219383423,0.35017347111794783,0.16285365869027252,0.37754248505790616,0.0422386327340444,0.06379086398385014,0.13708864085247432,0.35604663981661827,0.16490085070931793,0.3757836656365289,0.05522429518552659,0.06987561707227932,0.08337464282988438,0.3945333886792046,0.1470555453526164,0.41662674774950526,0.045493244522831704,0.5471007786322392,1.0,0.6278980885469052,0.06179180533505299,0.14767540778223462,0.3451351065749544,0.21312346576077132,0.372672908878007,0.041740189870889025,0.43417603553485296,0.055664238059139996,0.14136897378100372,0.19698347747594877,0.3721523304562612,0.04921035371979165,0.2823899305312281,0.3865523645705929,0.06376967576711529,0.0863616420699398,0.38547223754086146,0.16076506229245607,0.40377254974656357,0.04056848754789508,0.07457962732894277,0.40780624586188496,0.18576506236893064,0.29715451231154927,0.05587784137527743,0.20240927559082378,0.4014255604572565,0.18838611109004252,0.39324602648062423,0.06095118065099166,0.09231961947196332,0.3717939157065035,0.16221754225501397,0.33795339202242325,0.05583604104600681,0.16100200048529995,0.1652118280838677,0.3754918414917932,0.05842380169710035,0.07155293105237413,0.11231871281042725,0.3809753949570939,0.1988713946200168,0.32596116414051834,0.06479783585508773,0.05230624755180614,0.09184797061318206,0.3998605697145098,0.13257084356195506,0.3896612333232345,0.04145806376041608,0.5616826762128844,0.46909551840825137,0.19655314551255793,0.1125293315119166,0.27879991856385333,0.07041171871524722,0.24104197443954944,0.3848974828286411,0.7449142260924394,0.48029233979084984,0.2940206865825353,0.6924019508009098,0.4654822330437095,0.3408668948993824,0.07100028104241224,0.11677941526852006,0.34589785204888124,0.1689272661054907,0.33722774508290987,0.047179105901065554,0.20132308006097757,0.30757200058313844,0.139251467315832,0.12515941219541785,0.1931465438111712,0.13632424071083832,0.37981189443094804,0.0600834832448536,0.10723817232772892,0.3776799463990128,0.13362089149381368,0.3392089152724658,0.4761567527748431,0.24640611169623008,0.6598222988253323,0.4554978209649027
0.14754445008916992,0.15349413461412162,0.21067617251824572,0.4900574284448338,0.12883995302953652,0.18518298810158046,0.48225182227083374,0.220568340121813,0.4903675805368207,0.07809930588978395,0.12530379980495385,0.19745654503279603,0.48688922535416546,0.21871463556358192,0.48567470017380504,0.09921410832504066,0.14013670919893784,0.15529069690745945,0.5432401571199869,0.16928942802567035,0.4493684286312995,0.1011715262243113,0.5763535716653755,0.6278980885469052,0.9999999999999999,0.1276145133960513,0.1898538986902703,0.48109462593227514,0.2582830540759019,0.4784965839714246,0.08596566411714936,0.4722087490092766,0.11994090958949163,0.20088746305568533,0.24396601119564854,0.44866801121473665,0.08632590987352537,0.3154903497840879,0.5367982616703268,0.13102618562152718,0.178576462622261,0.5336445886559393,0.18580689060014435,0.47097550131252547,0.09309060263401495,0.14261046366913685,0.5133359888836909,0.2571377920465866,0.3336793960969292,0.10391221940775758,0.18264790344915133,0.39863274743524074,0.21300124150414357,0.6116368786266444,0.11552630914394849,0.1402157692571459,0.5124562310075982,0.22132555734873627,0.4582577159795723,0.118716910801823,0.20608018631682765,0.20046730475969832,0.4385788567395176,0.07758506258406067,0.1294863275144319,0.15337637611507712,0.5272968331126288,0.30965055619825577,0.4098121552812696,0.08242092144276925,0.11770256222081243,0.16439915937514454,0.550884834617666,0.1841972606450457,0.40933918540973097,0.09777347719539467,0.5772479741831262,0.6374690917971391,0.22220135788830975,0.13264423238954498,0.29735464446973003,0.08207664943531369,0.344157155873521,0.5667648872672428,0.46527727427111165,0.741456397989684,0.4582444837582155,0.4016934124542997,0.6671407131756881,0.501070061291415,0.14379697051033719,0.18136111359914414,0.4827920096200192,0.23157207261535517,0.44863316837784895,0.10341521854310573,0.29208828774985546,0.48153162278045003,0.19817875638825394,0.20695623075265548,0.2682645318928329,0.15919172935658768,0.5766779156091525,0.11778509781353536,0.160729285848219,0.5101204994891305,0.2173738000769691,0.4436017531802504,0.6101434666328351,0.3396787499973175,0.41322661419660744,0.7078354802818465
0.06288512277347354,0.12625776194595079,0.03125825808332848,0.2595795915522099,0.9771346170935178,0.1913008513340464,0.2076764131985361,0.2156894983186609,0.29022058254353683,0.06199324705349951,0.9845571442020515,0.1334685737409108,0.2104692098198155,0.17607691077667345,0.2586498063300675,0.060021744807029716,0.7941874589110234,0.2567576139676928,0.17483162120952433,0.1994917332438892,0.16127426999059696,0.056055437069298775,0.14960914053298713,0.06179180533505299,0.1276145133960513,1.0,0.09520932630800899,0.20557632153049057,0.114952057581261,0.22092110154420624,0.04202762083255237,0.32699649860909713,0.977216012824025,0.04929210675266479,0.10460759319840446,0.2412417393181166,0.04849213344765338,0.17850034305981716,0.2708619041149668,0.7990982098187286,0.23269063544089197,0.17274375674456388,0.2096692492815065,0.1826171799065207,0.045055288601792136,0.09592415203179092,0.15446231407569236,0.15371429491734154,0.17324602347633156,0.07207966521278066,0.24011140504166478,0.1002309382868701,0.19938886043565518,0.28898439926420694,0.8706836848584101,0.17007395229994812,0.1706404443137747,0.09596477454113758,0.18126018329042676,0.9427786898974099,0.10349428449230193,0.06994130028870002,0.2583626452825919,0.06002628276013924,0.9048205244912361,0.2548023797858816,0.15994017180363482,0.09745379047713326,0.19406686499166526,0.045293902666566646,0.7565272936564892,0.27462009135784915,0.16112171976095382,0.16391782767394023,0.14672074407395305,0.044266079800098806,0.14070333772185806,0.33073859308388465,0.1043973136592597,0.04175057921786933,0.130043080414702,0.020006655831463285,0.21758659236671882,0.2755660074020629,0.07822714235983691,0.15951165405069956,0.3927533908451787,0.1661175580170318,0.19130565021798973,0.3072130442468811,0.9825339656081001,0.2659494444858637,0.19557096264746882,0.19789649576880253,0.23727602499698888,0.05323466589168436,0.2503732341039986,0.07386817218311631,0.15418003013630358,0.22885452301681058,0.039373963780916295,0.12009744070489578,0.07490224697253144,0.8828297666945449,0.18899286815045446,0.16679123723593745,0.07922470196476304,0.17425356352858842,0.06164536964762635,0.23570521101717679,0.12466789596586607,0.19834305340860747
0.109583616230325,0.04749642954500372,0.04384137174566848,0.18581193448372868,0.09850583201033221,0.8860792267665483,0.20292542023528243,0.2828503873698708,0.2434270363974598,0.7524024800352389,0.09050176303381982,0.891847040982716,0.18721043653830347,0.3209637168882089,0.22356148978793577,0.7495619935250117,0.09035357407619032,0.48481291767818385,0.18056256018706512,0.24953895702857964,0.12536688681917285,0.6716102881244383,0.23842965288787876,0.14767540778223462,0.1898538986902703,0.09520932630800899,0.9999999999999999,0.17885256244428427,0.28927687163634397,0.18922311273768322,0.712609981320697,0.2546591822762229,0.09741068961067115,0.8608634634176232,0.33031943917175544,0.17315152131482278,0.7341071650378936,0.13058913450149665,0.23522346980625058,0.08787091513899305,0.5340623680971095,0.16878718683604144,0.2651939267032921,0.13992624468724357,0.6509080404993963,0.38632101950962255,0.18645069031003644,0.18747080140139308,0.20733381723091193,0.5816433806179327,0.046002705818016125,0.12715715145058187,0.10453128785739509,0.3376330566878732,0.07252768907155557,0.45629893539674216,0.1346910438241289,0.2257657334746901,0.17812430609218058,0.09470051802808191,0.7818254769373063,0.23954565415790785,0.2034880056658862,0.7466754673219121,0.07173166379095268,0.5130139502944038,0.15172890977860826,0.2853125015451927,0.15529033405331527,0.6088594318782674,0.09365105790670078,0.46749762166729936,0.1723752284143743,0.2717160556625592,0.09770543910237625,0.6671847263475493,0.2492400865724835,0.3230625788302923,0.08351964501347814,0.047014591471147206,0.12169156063496891,0.028359340571680082,0.23981601136544645,0.3260381862873768,0.10695388276810347,0.2405858296220167,0.2994569084662379,0.09352825411588525,0.27184151061832607,0.2738515183859367,0.09365887505153997,0.7114107983416204,0.1631334812995438,0.2973179016633933,0.16591496631140937,0.6761689511552796,0.22976248958770124,0.15065606794809683,0.19856364945869753,0.15109125359282516,0.15190686323825342,0.3136712620037491,0.2617609213081344,0.06914688320408745,0.4985242484907374,0.11804166407830748,0.24635925768906264,0.1503957182890367,0.1822258796821295,0.20538308546857553,0.08535787555101249,0.26610680015229166
0.26024777519239667,0.1145894439750591,0.2800364280683185,0.7183084306872094,0.2199503218776298,0.15854670483247202,0.9758283130355738,0.20490098175719407,0.6189212806235045,0.15002635191220692,0.2195093101827128,0.1812336544536851,0.9850884410263379,0.2221824632265163,0.611364293575047,0.14540979036576862,0.16698898304228574,0.23848590000051104,0.8092498058303501,0.2399234504351056,0.33347119564003075,0.12452253633541852,0.5650551995915483,0.3451351065749544,0.48109462593227514,0.20557632153049057,0.17885256244428427,1.0,0.23260429724616427,0.49243846458479656,0.116994194930017,0.7246297196712369,0.20559396174918335,0.17002542490062159,0.2261679680748254,0.5753753785415937,0.1073270770757983,0.38019106680739173,0.7141472434793616,0.1620658765691186,0.2541982279925405,0.8011838355810341,0.24186702289398215,0.3748378463324334,0.11826225206305552,0.15241650526263306,0.7554271783259766,0.28306483910434366,0.3574009149318477,0.12440484321023505,0.17211792387389693,0.4473558973027001,0.24883462913878923,0.7194590637028322,0.201214917860343,0.15059443159377053,0.8459218111787689,0.2988373341763,0.5107405620877078,0.21535038846615312,0.23545111528854396,0.20264295812062477,0.6200199797024672,0.12931919963265315,0.20289155934605135,0.13045634770334302,0.8906296170048128,0.2704571358075972,0.4372845232789949,0.1121929389036845,0.12233949576486741,0.2164947551569017,0.7811194773805967,0.22869999494803772,0.28877288600019047,0.12728952906433796,0.5710916968806773,0.7615833378303911,0.40720003058123755,0.17394049228163297,0.5326115456312349,0.12947547387767797,0.566014080105384,0.7101081998222911,0.3499020970900505,0.5939491612744505,0.79586677682546,0.40218190663288855,0.6401226940955322,0.8184500334911471,0.2441667730048505,0.20075979810543065,0.9750199956204572,0.29703388386791807,0.5174036139080642,0.1278730851607866,0.357981082190113,0.44191032382699746,0.2988805626975335,0.23524700335976972,0.4227492134732254,0.3194516330090911,0.5297865938365556,0.1972492346395498,0.20067798983200952,0.8563162357199179,0.2960687756955517,0.5058663434162445,0.5536116380881306,0.6034541389793755,0.33305339493209285,0.6686724743794203
0.11538834186198069,0.34535422596750825,0.10808905846426756,0.22996717788196452,0.10974761283893116,0.25742262783806186,0.2595315860061733,0.7029370867184788,0.3781899706873277,0.22994564967647912,0.12303536359191337,0.34382269962948736,0.25752245811964014,0.8208917876605795,0.363894628103133,0.2705985893618246,0.12599217839047036,0.2303731500180267,0.2547862102673845,0.7225383599068445,0.1930255829197296,0.2193099931043538,0.39837694419739655,0.21312346576077132,0.2582830540759019,0.114952057581261,0.28927687163634397,0.23260429724616427,1.0,0.30683673235659326,0.22659914079196639,0.29601541252507835,0.12185321022526448,0.2788862242547968,0.8366081094892006,0.2910896028568717,0.23366628347617974,0.24489734518948983,0.3177923944343569,0.13438629750704056,0.23266904793318172,0.24317060702240417,0.713263442839014,0.22416904695841305,0.20625151254776025,0.15785859441907416,0.23835169826427613,0.49133723804400964,0.3168580022523944,0.20116786175150847,0.07825229667277693,0.19271973056345926,0.2844747317628534,0.3637790561336446,0.13345851053165733,0.1402945306313964,0.21328856522965656,0.48924652811440333,0.29133223479811987,0.11558295509431847,0.2660317406091866,0.7690831139623939,0.33399190840353055,0.24376924868508335,0.14962487599713464,0.1944878770018461,0.23377460799671995,0.6966902552443409,0.24998048307185886,0.18928350170127084,0.12187654792943897,0.22366505530022085,0.2492608107250279,0.7709095837699376,0.14018471103812596,0.22106155397279703,0.39170541469515874,0.3803422697482056,0.11640180728954061,0.06533175880848485,0.131463562257501,0.03838400708245666,0.259028463422093,0.37042205824427876,0.22689103944881692,0.3554847833884208,0.4132694633941722,0.17441069778532273,0.34147644468191485,0.42394665240097223,0.12683285104272438,0.28476162234339375,0.21820888251814036,0.8183422794550523,0.29278268953240866,0.21059439644571035,0.12586758942134682,0.2511143873683206,0.09974352827724128,0.05699702370136678,0.20351955747665834,0.14031181224887507,0.2723846298390022,0.13544071396174392,0.1250427800235251,0.20643724468813365,0.5079035664681565,0.27083062751314335,0.3605790904110286,0.15218694036511327,0.19582927828653396,0.38248557406303046
0.2029126715690164,0.10726540066103071,0.25924862745291233,0.5718916749247983,0.2260482443431731,0.1664880871785691,0.5186131996556088,0.3568393586553442,0.9376576909047757,0.15930107053803347,0.2238952819574186,0.20941634094383219,0.517373237462476,0.37153774450681093,0.9547273535477907,0.14059004198409775,0.1716776796949757,0.25132007571109266,0.52182770387319,0.3791591041475096,0.8262422294573721,0.20834154611709169,0.46384940727961455,0.372672908878007,0.4784965839714246,0.22092110154420624,0.18922311273768322,0.49243846458479656,0.30683673235659326,1.0,0.12056038477809516,0.6476082523435177,0.2119057649604194,0.1846870979197786,0.3098845173252487,0.938855934980275,0.12090875923466371,0.4984140960449545,0.5740323398420862,0.16574367986523625,0.29454458711627185,0.5155244343969383,0.3813891357766125,0.8343139723072936,0.21337685287667701,0.26192184670328555,0.4848185577186031,0.3983002330913215,0.7776526533728509,0.21358927829434773,0.2755289993354762,0.4485242928506038,0.28239767800030724,0.6510861353827874,0.17575324393642622,0.2208790878247139,0.4582840121026047,0.3683798397395524,0.8562472058495283,0.20389270695409972,0.15673114567487295,0.2755942477422612,0.9116670022905721,0.11482035779534229,0.18857832090878152,0.2092048099399481,0.4789103517196023,0.37697437339950757,0.8944538553559049,0.23894001806169654,0.15396838910942098,0.2182700408041493,0.5154861931499941,0.3710185146866424,0.7833685601260445,0.18567463050176697,0.46204291371925443,0.7444346184763535,0.48409839762894513,0.24246038146910273,0.566602208956671,0.1749302660401067,0.4480932016367317,0.5945030869400945,0.48355151492821397,0.6030724593560464,0.6420521638018736,0.4236832660730915,0.5910162024434527,0.6189189929691936,0.23348344716205388,0.2619824164814203,0.5118599590632309,0.4226854080460998,0.9696450452243748,0.20017403013851937,0.2623103680241966,0.3345119787192997,0.24354036683491403,0.22004898720825875,0.3442784226901289,0.25683955136758135,0.4759345104899173,0.18245106203490805,0.22707382359785191,0.4573887255464289,0.2885429594104154,0.8433150699995579,0.4031172901476564,0.6280188095502702,0.49539807414529036,0.6102779491375507
0.0425880570570898,0.03341119331949278,0.01698720853725581,0.13041680224314187,0.0452623627926118,0.5874655185412614,0.13632020921489513,0.1627043581848105,0.19848091353301012,0.7655191145314028,0.0423044128580822,0.6168118469061147,0.12892945277351892,0.23019828069655301,0.173507574886736,0.9548971719283397,0.02784176772696545,0.31344747676867063,0.1049623521714684,0.2223734366790439,0.06038485854933718,0.8153462869004607,0.08700491309330939,0.041740189870889025,0.08596566411714936,0.04202762083255237,0.712609981320697,0.116994194930017,0.22659914079196639,0.12056038477809516,0.9999999999999998,0.14539342720926918,0.04043609131585046,0.605276858251897,0.30136071289747357,0.11690886482703683,0.9668660112698655,0.06301866990678072,0.15286001585726738,0.03180952026560228,0.379190267953424,0.08184911704762049,0.2245867281094289,0.062421564404808616,0.7860043386799268,0.29004741480270746,0.08764579200259404,0.2208721344743543,0.12249378491275309,0.7429521241698203,0.03446517927774368,0.04589346873432467,0.0638359421651774,0.2699715598349487,0.05443699612625483,0.32336944164315806,0.07258849580904113,0.20567921816885334,0.0855864798842616,0.03442360108758882,0.6478389202269133,0.20347933886875275,0.18196079393655362,0.7752966472850694,0.05509910239650627,0.3485816197770256,0.08868949024893263,0.26636255235682776,0.0591284753731989,0.8171001759727592,0.025078079009541634,0.3081404333555316,0.09864036485631986,0.24255088720891116,0.04825134458445515,0.8401406391821382,0.09118344796756875,0.21900710218060943,0.04256071095635612,0.022802602545911255,0.06670975941506962,0.018249758354001437,0.15620477340554156,0.24840065261120403,0.06381889673724028,0.13488478973669388,0.2321246640959957,0.04554175406091596,0.14803113700220458,0.20087581618306852,0.048171385130617445,0.4186029063629608,0.10624030277553723,0.2053568051421606,0.12539922437310946,0.8535320732455114,0.14462662534987916,0.05692896722165175,0.15115328779992443,0.11504416137790748,0.1097165378172057,0.31242180874540915,0.18034644712149323,0.05500842494567036,0.325235956380536,0.06810639534017845,0.21289756518935365,0.05307392880261265,0.05145217413423726,0.19500350173860018,0.040184021733821025,0.14231616269944558
0.47626821536190095,0.19234390827886122,0.3131108009754542,0.716618798490624,0.3412634960255492,0.2884172424131714,0.7320259485874002,0.27558047040693073,0.733897376043692,0.17967003345646804,0.33163755298631803,0.27376163937659953,0.7310954963529388,0.30884596205994175,0.714058056577893,0.17951432042727367,0.28300790321964886,0.3112612729235974,0.6640707150716952,0.34390306743008037,0.52117850487604,0.1681819323024789,0.6315463645162811,0.43417603553485296,0.4722087490092766,0.32699649860909713,0.2546591822762229,0.7246297196712369,0.29601541252507835,0.6476082523435177,0.14539342720926918,1.0,0.33633503204201803,0.2453517406752676,0.31918376699959117,0.6886540458281525,0.15091969242274544,0.5256641576347706,0.6878520445825074,0.27902059959950554,0.31668450280986454,0.6491010386901934,0.3282711482017593,0.5648971848414923,0.1605415145723072,0.18266920182586333,0.6319089092293788,0.3170835331129221,0.5575127132466491,0.15921705863810487,0.2939563936949435,0.4446309458558388,0.357765797052905,0.6984781480138996,0.33023795966509767,0.2050695582723886,0.6728146158117791,0.3010000321594578,0.6259062709769395,0.3367615212823258,0.2749563441002888,0.25715138694204753,0.7438881110553789,0.16774601055495506,0.32483825625043417,0.2150061738948108,0.6726179239778682,0.3168041035834182,0.6004499242388945,0.15185705662501725,0.2357141275334195,0.30423340048373204,0.6495107279235218,0.33761523125676257,0.46667890802210266,0.15962256388976892,0.6427349639773692,0.8221492585325861,0.45607231566036255,0.24836205757182633,0.5287899250249714,0.1954529970185464,0.49281280460494725,0.738147817859066,0.4952054872828119,0.5684654715152662,0.7489450673828144,0.6077007704686055,0.7200853412573541,0.7352327842922217,0.35948559907896693,0.3247506058271067,0.7195000470959325,0.3742322485179499,0.6516791884434914,0.1559154331967878,0.3301280779447577,0.4129157826479212,0.3001777428504976,0.1974132065734176,0.36767130668372566,0.24245968986771332,0.5603219710958978,0.3286456472695785,0.2493098118818783,0.6596436169847455,0.29991324238285444,0.6226288455152064,0.5582492856517703,0.6924671998334307,0.5081070273293656,0.6518730320404591
0.06157366563607071,0.12312640931488222,0.024442373301196814,0.2613635072438847,0.9816455201163459,0.195629366785847,0.20103938710353575,0.21164527240551034,0.2833310662305853,0.0550155056368869,0.9862085369025375,0.1261065253715624,0.20818221970307846,0.17772826591174812,0.24963595769170827,0.05069828169480327,0.7587314857343092,0.24739249086963946,0.18011861270312543,0.1750781315892693,0.16091561443817065,0.04007880714623355,0.14729035278901492,0.055664238059139996,0.11994090958949163,0.977216012824025,0.09741068961067115,0.20559396174918335,0.12185321022526448,0.2119057649604194,0.04043609131585046,0.33633503204201803,0.9999999999999999,0.045011811289739675,0.1057803523711846,0.22832711440816758,0.03682237275699668,0.1708458730076986,0.2627997130145152,0.7652113748654041,0.21355378320342783,0.17848965313858664,0.18566960887230133,0.1854965986048842,0.028189400443750616,0.06995760368734494,0.16744466639769318,0.10495403709771597,0.18398981091900352,0.04761194435915836,0.2074032860582343,0.088225531209926,0.19924049340202837,0.28121033415251284,0.8429123130409629,0.16486344326705712,0.17909587653676906,0.06565995092309374,0.17730475023956996,0.9746883842215739,0.10324684156802212,0.0667197469583978,0.2469881434942308,0.04863406558123331,0.8710065957913287,0.2666552387289618,0.16533491051010196,0.09304698318706708,0.19400743100030443,0.03896493978452775,0.7122132843170941,0.27535064631750295,0.16790950524075357,0.13639237588994563,0.14713418623201496,0.029782782732449522,0.13956222045345082,0.32183914753066045,0.09553128421312626,0.040273056803907026,0.11980621538967613,0.023863580201594382,0.19439597958656973,0.2745574139157861,0.07622570154255365,0.1541141898801038,0.39028096718080163,0.15857142479483874,0.19021583013920643,0.3036165092098394,0.9701303511504379,0.26833776952346666,0.1979539915159,0.17382365298892602,0.22952926611215188,0.03702830579630639,0.22804016553601525,0.07226427764013242,0.16115912391759601,0.24414741702854242,0.035194624915117975,0.11874557672724266,0.06957459176019802,0.8546551848136542,0.197943385821982,0.17118108245636876,0.08941872758444805,0.16610818701040353,0.06446167898760499,0.22166329549230562,0.12354939953994264,0.19664227329722733
0.10172398404126426,0.10456295284267883,0.10131234593347366,0.21288248654169564,0.058472468889374234,0.8610179743824091,0.18394529319282743,0.23681084423383897,0.2253473712515849,0.6639339891097166,0.05296504433257528,0.9026139481218004,0.16903968831387173,0.29015844912565064,0.2094394490794806,0.6521300802277987,0.02303049784612461,0.5127333013446598,0.17235174288150873,0.26268898994256856,0.1260433258533678,0.5735256724460569,0.2089362385054862,0.14136897378100372,0.20088746305568533,0.04929210675266479,0.8608634634176232,0.17002542490062159,0.2788862242547968,0.1846870979197786,0.605276858251897,0.2453517406752676,0.045011811289739675,1.0,0.33555754309307706,0.1569035996887259,0.6689894812199825,0.15637865605982929,0.24279077007522665,0.02074269219332532,0.5327279302707661,0.15406370137444475,0.29041670137875014,0.15900249460075697,0.5446486392108036,0.2963107251270869,0.15658500358412986,0.18823593888826373,0.22971878558071762,0.47043012566032616,0.04405981420964185,0.1548341164863295,0.11450321463865581,0.2940194141151632,0.04334671938801866,0.34206884635499774,0.1326322576227255,0.1825416923552162,0.18578441061201348,0.04729440278258678,0.7594002595545801,0.22833499625215353,0.19208424345416508,0.7188478690119158,0.04163847649423849,0.4148765810685511,0.13934962602549486,0.22293664353392226,0.1682449022440973,0.505875784262216,0.02024012332988422,0.45774632138539223,0.1690798971507402,0.29721781299106687,0.10211384212418079,0.590899132418142,0.2189766980878878,0.3109773403953174,0.08532690639522432,0.04737343335284681,0.1161611573963833,0.03482754325792119,0.17502703278268555,0.29569560222905983,0.11376507726291016,0.22293979111473144,0.27896497692482636,0.07640900889412791,0.24742137827363023,0.24702941144889984,0.05137714679114666,0.6966747925221479,0.14586602864951106,0.29782782351082826,0.15941381507037483,0.5710377410227403,0.20284611165604896,0.14642343495030946,0.1677240467522287,0.11043690838555131,0.11750467794831111,0.2445604817005188,0.2453635450492384,0.04601529883883753,0.39224882190983146,0.11478201830477378,0.1611431742343465,0.1632578587792693,0.18615170585823,0.19019277064334414,0.0826239074785275,0.2576220032193556
0.12039987374498122,0.2977742854003681,0.11564338019879253,0.28082059520200736,0.1029316540829008,0.3148467485709501,0.2560363073868357,0.7253190866798391,0.3492703001133223,0.278473645145444,0.12158686532432268,0.387241972137128,0.24860341579098907,0.7836004207235041,0.3382282147668618,0.34073069137519363,0.08442990364256306,0.24168987219136928,0.24116631283309053,0.7296837553315302,0.1964749361169482,0.33716231817700365,0.32119268447027327,0.19698347747594877,0.24396601119564854,0.10460759319840446,0.33031943917175544,0.2261679680748254,0.8366081094892006,0.3098845173252487,0.30136071289747357,0.31918376699959117,0.1057803523711846,0.33555754309307706,1.0000000000000002,0.2738286829728545,0.3437001865634839,0.26535025484704156,0.364369880181997,0.09798016197619633,0.26677759602448614,0.2239678456506308,0.7143579754081772,0.22800635255775792,0.3228381326344417,0.1839892889359258,0.21498702761608535,0.458470296767703,0.3267794936090204,0.2920816564649608,0.16924152290274627,0.26285789078232363,0.2691037394936135,0.35173209633886815,0.14482444230967234,0.1498658206309345,0.20937848250444213,0.3449800411304387,0.3187934801488423,0.1133950903872645,0.3253561630475399,0.842188292455654,0.30608761858020833,0.36330715621273973,0.1642631049242439,0.2215999997157752,0.2017170276519969,0.5480794982265279,0.2818390162067071,0.2417439354080746,0.06079193493170314,0.25110397439137544,0.23915164354617624,0.7852978059583997,0.15394365053089554,0.34175287054288067,0.3229068239555793,0.3742028449977012,0.15876356030893707,0.07170710491935944,0.18335729066630427,0.034083111247142084,0.22774827797919114,0.34857895632291347,0.20340063971038055,0.2907957626929484,0.43452544273787347,0.17929913917825302,0.35034320829327537,0.4077767363209781,0.12862115164931692,0.328447077662424,0.2109686411654948,0.8177090477370438,0.3046342112805415,0.31650758721993705,0.15323613922766205,0.1698562631934343,0.1139236440812293,0.08331728183844674,0.13900841778075362,0.18803068241396687,0.23544024022397406,0.1541113455309988,0.1439344062802511,0.19529013484432833,0.36581609201947735,0.2987965598821989,0.2895531823312867,0.19355467736971738,0.1795450775377807,0.3427279172211097
0.2180470103575698,0.11632707089427623,0.28387780813424024,0.6142038837393881,0.24771201813927393,0.1442640411279257,0.5898514071331671,0.3295886524591971,0.956954221096882,0.15892525441892155,0.24418436469245114,0.17409456750513497,0.5974171423264316,0.35094122165264835,0.9655927817703863,0.14577320267642654,0.2009338707751474,0.24037011320214494,0.5702877396831783,0.3553048272418225,0.8007211306786033,0.19386030498399737,0.4806027498860319,0.3721523304562612,0.44866801121473665,0.2412417393181166,0.17315152131482278,0.5753753785415937,0.2910896028568717,0.938855934980275,0.11690886482703683,0.6886540458281525,0.22832711440816758,0.1569035996887259,0.2738286829728545,1.0,0.11349474807390364,0.5189789638103763,0.5859703285202708,0.19432064695652074,0.2759294071459092,0.5607735724919729,0.35307900113875523,0.7978022928223762,0.19735748833988265,0.25028828026030897,0.5307754251082559,0.4124875987068195,0.7367966042404981,0.20846128399522848,0.24183117576236024,0.4511547879277188,0.2831228186697134,0.6724764885347704,0.1997830570046007,0.2135632595542833,0.5346598445008641,0.3908653306141959,0.8139232132796175,0.2251902337593954,0.1499236589371513,0.2468665118567976,0.9692346362191662,0.10571331348003311,0.21039502140585198,0.17003210966864643,0.5458565184038027,0.3786979620942295,0.8588404500140454,0.20373277503443352,0.18505970450703288,0.19044602506242325,0.5634754291900039,0.346726830752059,0.7657614020179182,0.17896381354967042,0.4831600315554929,0.7730533867846798,0.5022579014606501,0.22639927934070767,0.5941459409147141,0.1563756115097755,0.5126180163314675,0.619674853502808,0.4678870782439375,0.5477206276903245,0.6815099998262266,0.4467570541288249,0.5694743362845668,0.677522395706226,0.25652411241822426,0.23973431044245136,0.5898160450393867,0.40100208011586025,0.9567019405556187,0.18331774221631733,0.26143217513549033,0.31249648579683476,0.227544475838024,0.21830783881739543,0.35115633513993977,0.2594851450586903,0.4528468450431482,0.20588508503345668,0.20425054489836264,0.5463809557280086,0.2978704826845214,0.8103695871019544,0.37754934167744025,0.67969949945172,0.48872574583737927,0.5751744538774587
0.05023456970390117,0.024778089316298112,0.034145272784398224,0.12881620345382436,0.044144808547157216,0.6509686560863845,0.12926310025048382,0.16536030990826903,0.19219043429014823,0.7862414324798283,0.04561270877598767,0.6885838291544963,0.12085066636489708,0.22089917840149284,0.16987982933361034,0.9529406877923322,0.020539721916568367,0.33058191649251756,0.08499898865064373,0.24765423734055622,0.05558375141332088,0.8479475753090253,0.07497546239039121,0.04921035371979165,0.08632590987352537,0.04849213344765338,0.7341071650378936,0.1073270770757983,0.23366628347617974,0.12090875923466371,0.9668660112698655,0.15091969242274544,0.03682237275699668,0.6689894812199825,0.3437001865634839,0.11349474807390364,0.9999999999999997,0.09543681647999092,0.17096249180839815,0.025674468400288454,0.39778948315798546,0.06727590940001058,0.24863097161395023,0.06077739264249987,0.8172201530925817,0.29411664574520585,0.07543474994783084,0.23849566832596497,0.13259246526670715,0.7716645217634927,0.06946142015326368,0.058040047149556795,0.06665000854682666,0.2661858463947148,0.08326838909259836,0.3176587876162468,0.06694166767035911,0.19360497624743833,0.090562807749293,0.034824360005166775,0.6911879381208643,0.2232390758874836,0.17084657127668812,0.8490112935755106,0.0817513802461613,0.3586936423006987,0.07727106647976952,0.2474935922462232,0.07085645652942876,0.7792670963047705,0.014925553855512504,0.3388169188969464,0.08002890324542344,0.2798703178449647,0.04350319565533636,0.876216788108382,0.07991251709301815,0.22075036628133507,0.07397162970240609,0.03201982377220623,0.08534526722984051,0.02639785401247525,0.1552880785644937,0.2417225842592035,0.057291043236646216,0.12289945822971915,0.2456444479931158,0.03974370642509978,0.15187929913659193,0.20425730867797126,0.05885494523862338,0.45948835985668596,0.09545624997681378,0.23714314386745577,0.12182037780613282,0.8760943956598836,0.17891323742559934,0.0713753384258749,0.16899178718726546,0.1375351728783411,0.12897026729499955,0.3315643200203413,0.19056727363724565,0.08582493993244997,0.32116617929344676,0.05982202136584511,0.19605360811786435,0.05828256499544268,0.05234767821548565,0.20100808400868375,0.0346089552332107,0.1388104921821456
0.1729680017511213,0.2377031760771486,0.5152092870490101,0.31090952408992767,0.18835379484293302,0.14055562143827913,0.3952151738024913,0.20815161696079088,0.4999503362745138,0.09249961188076199,0.17189475997233875,0.12505666861574632,0.38610140815938565,0.18941207760387757,0.5147913127474352,0.09750106960450688,0.1547582057789264,0.17785938818714228,0.4097607317520505,0.17546653280024752,0.3668464195791703,0.12174916521720602,0.38174697524707707,0.2823899305312281,0.3154903497840879,0.17850034305981716,0.13058913450149665,0.38019106680739173,0.24489734518948983,0.4984140960449545,0.06301866990678072,0.5256641576347706,0.1708458730076986,0.15637865605982929,0.26535025484704156,0.5189789638103763,0.09543681647999092,1.0000000000000004,0.3785861802042328,0.11868453738097019,0.2023483887114917,0.3828681600367573,0.1855431924680625,0.4308409052944098,0.12190856637712848,0.21265163442210172,0.3290505902154913,0.3087537167929761,0.49191421908135247,0.15507514361404767,0.2583845224126139,0.4113793090116359,0.3729154413973628,0.3864879749493816,0.2764361294634642,0.22643964008462297,0.30856473967316117,0.31919162849588495,0.46194817772486313,0.17048952051559857,0.18685462056293362,0.18239568454317295,0.5262807736807702,0.12600561739006302,0.2296059232144825,0.16147273056971923,0.3315232301344796,0.2607531393103307,0.4797175582663171,0.14310464509968904,0.11587671596857645,0.16062353397782328,0.40223737214048566,0.1676225902342219,0.3279518901800816,0.12425966860264435,0.3879595551302929,0.48621632084424765,0.465147188602124,0.22137841590456878,0.533677281257534,0.17819986377860297,0.2893292723856712,0.3247816931973821,0.3406525276445198,0.4101555654528483,0.4929209172583383,0.3228871594337258,0.4602021392260026,0.4927761131872426,0.2220686218335863,0.22296402315686548,0.3836882445539873,0.2593511698461769,0.5190429123738735,0.12698378388459267,0.24958497655533754,0.36672109137844466,0.2275204409686252,0.1425307723353837,0.28625865309378135,0.21244532220065598,0.37836823440749856,0.267291191564888,0.1900547782695336,0.3279048686255012,0.23747340768998887,0.46533143925849685,0.33551929160413385,0.44266420560654873,0.34977123845842956,0.3944163169392138
0.2323767936513271,0.15145719705669985,0.1928765657383183,0.7704275386668871,0.26799771396355415,0.25754606873048164,0.7137737312896744,0.2877872858738073,0.6523797081805751,0.14508091496874853,0.27228504831274125,0.2707707405768022,0.7215842377279372,0.3188532453011841,0.6419117475088386,0.16538926976751347,0.1826303328547909,0.254708805164689,0.6376826636623819,0.34750424341466335,0.4093339119841053,0.21652966586737785,0.634542313155134,0.3865523645705929,0.5367982616703268,0.2708619041149668,0.23522346980625058,0.7141472434793616,0.3177923944343569,0.5740323398420862,0.15286001585726738,0.6878520445825074,0.2627997130145152,0.24279077007522665,0.364369880181997,0.5859703285202708,0.17096249180839815,0.3785861802042328,0.9999999999999998,0.19584521224350432,0.30516623307594387,0.6447413276637908,0.3443114338676422,0.4516236623244859,0.21814038486461543,0.2634034038751253,0.6581842572169396,0.40317171133565866,0.42525060734358183,0.22513213374440688,0.2478058812692582,0.44562523787656744,0.22881665963627332,0.8042935033838479,0.2573443983159265,0.2386028688357447,0.7648248117323007,0.3176343858757387,0.5306901992689705,0.24998857733578922,0.23385175487626098,0.28256211600355996,0.6049955904337506,0.16549739067724908,0.2827875971066165,0.2561959478792691,0.7683326142749494,0.3542411490074752,0.4852487843476482,0.16783971661472866,0.14680222488652564,0.23733472780708598,0.613360280073721,0.36342369675411124,0.3547320538473602,0.21041864689181633,0.6330882739961595,0.8102291487229283,0.30785824610612667,0.13276585347433356,0.34264449109332634,0.0938671416270413,0.5242161025333945,0.7911336384636031,0.36002492313836537,0.6595327104349429,0.7721150269864919,0.3711298206477384,0.6967026003782398,0.7476598444957159,0.2997021356189192,0.31202574058571153,0.7117474828873526,0.3953370224655296,0.5700139915402919,0.21146336150722658,0.30928523991443735,0.3847303289474915,0.24395991402356698,0.2268539314025395,0.3152547443270505,0.22526602055681022,0.6102436654588026,0.26845818006699784,0.25597423345458,0.7674826910140505,0.2922499670347657,0.5227006619170337,0.6238815120479642,0.5523490009166918,0.35078607266205175,0.7607155410141845
0.07131145198274261,0.14940100198997736,0.02618722320961772,0.19554236104268305,0.7715037743478512,0.0879764677734756,0.16583597449773513,0.22768104655110277,0.22552855891496512,0.060666668779465124,0.7658128280787461,0.0951656935887159,0.17363482940784808,0.20030027111878995,0.19499520316487282,0.050646255138599966,0.9861028601680779,0.09272205701715622,0.1635306538279071,0.0959585386120498,0.16130842119721756,0.03558047799593245,0.10106997601313697,0.06376967576711529,0.13102618562152718,0.7990982098187286,0.08787091513899305,0.1620658765691186,0.13438629750704056,0.16574367986523625,0.03180952026560228,0.27902059959950554,0.7652113748654041,0.02074269219332532,0.09798016197619633,0.19432064695652074,0.025674468400288454,0.11868453738097019,0.19584521224350432,1.0,0.0902084275721666,0.15998579524794032,0.07770028887047366,0.1629546173079297,0.030052268977529183,0.036289295392777254,0.16087886301862456,0.0642975983499717,0.15204507781989277,0.04176416571241949,0.30596903049975904,0.10966949167486371,0.1672728773399896,0.23907929780244622,0.7471484018536568,0.015356896196777409,0.14444764946613267,0.06331902861925719,0.14316496786901903,0.7566506447395595,0.05777391330160646,0.07460248458278165,0.2155469677566121,0.04267686367826416,0.8084900870483791,0.05826466441873519,0.1356989605741425,0.08787049192627235,0.13557596288609405,0.030565143230004654,0.9625350886308561,0.08487891914251114,0.15273210993121566,0.09802740548739955,0.1529837300967052,0.033313145572736236,0.10211945235266878,0.2869881879321413,0.08598399585300416,0.037648368457440594,0.1197087276569661,0.015028606449733563,0.1493122437725794,0.22156469387688443,0.07200475819479954,0.14741358445996217,0.30243689680379887,0.14787868087625994,0.1639243626748223,0.24208185844835656,0.8142724862172848,0.07958833802326959,0.15781269789101793,0.1505858263377966,0.18066213973920953,0.030012160041680072,0.14255973001190403,0.045370608206275725,0.028251202704789813,0.028650370454498187,0.02663441232216022,0.03795126895919612,0.07776361864843562,0.7503594905750719,0.03630743832102437,0.1358436573852102,0.08454474677963894,0.1380462317549114,0.058024373055435056,0.1913997509834688,0.10419891000901393,0.18280374055164295
0.05243449757296376,0.04782913010973833,0.13003675699596254,0.2406046397924508,0.23168799091059264,0.6370707260778972,0.27281439070572544,0.22456355760752775,0.32240622686515336,0.3684633725502474,0.2259940067338404,0.6389976718541711,0.24855666377446933,0.27866905720919005,0.31997881886820795,0.42282400855153646,0.08259737866017212,0.9231707363320966,0.17931660155358825,0.39884251245542185,0.11716600075650738,0.4875444931624314,0.2165339978601905,0.0863616420699398,0.178576462622261,0.23269063544089197,0.5340623680971095,0.2541982279925405,0.23266904793318172,0.29454458711627185,0.379190267953424,0.31668450280986454,0.21355378320342783,0.5327279302707661,0.26677759602448614,0.2759294071459092,0.39778948315798546,0.2023483887114917,0.30516623307594387,0.0902084275721666,1.0000000000000002,0.16875996804518328,0.39301089242056486,0.14110743764084863,0.4865868916837704,0.5632696220901376,0.14585288463038848,0.33821229790977486,0.19580940130462485,0.49109746609333893,0.02996598929153815,0.11594169420887543,0.19163664218033602,0.3156440053373669,0.13673738905629262,0.5439372175433317,0.16534600541070016,0.21715890596179077,0.22493076218996372,0.21692691766455405,0.34753456386484405,0.15560797103984977,0.3094669045687475,0.30959849087884295,0.13037162983236367,0.6098066471445278,0.16738501756467855,0.23977171460287316,0.20306613140554314,0.41322821820980876,0.06617396693734225,0.7947857629538919,0.17724098280796635,0.4139645142153344,0.08418288522965144,0.4602165827593985,0.2331880043566864,0.3295842426985377,0.10708151494610818,0.029350118826800393,0.15388630934667424,0.01755676965625838,0.22501360974936074,0.32299659381422785,0.1172473704296157,0.2465757784695668,0.38378287408568845,0.1582133972865717,0.27356611759558086,0.3188354612026625,0.20985412895807815,0.8353907463003094,0.22951002713877766,0.3879712042295253,0.2707813604572383,0.49382132199129825,0.25467721312991315,0.14550680696572788,0.23926590126642472,0.2717167837540126,0.08391535361332203,0.17539806534687974,0.1941876000716967,0.14268744672949002,0.5924952256202387,0.1617058082038877,0.17573806580527135,0.20086355229960423,0.12782830262821412,0.20534498124161743,0.11798909039028858,0.26289114694290405
0.21228517486077644,0.15574724405485282,0.26187767870265155,0.5962558496137781,0.1911072113034968,0.15461574058343305,0.7586162403835943,0.22941029208610866,0.6077004775154153,0.10503382281279598,0.1870778541659987,0.1607090874830609,0.7802328272471171,0.23296095248469154,0.5943218815603966,0.10287321372960495,0.16377870654477156,0.14107315198367026,0.9789407685944553,0.15827911403514874,0.35883204756990433,0.08560630806984998,0.5969395583587143,0.38547223754086146,0.5336445886559393,0.17274375674456388,0.16878718683604144,0.8011838355810341,0.24317060702240417,0.5155244343969383,0.08184911704762049,0.6491010386901934,0.17848965313858664,0.15406370137444475,0.2239678456506308,0.5607735724919729,0.06727590940001058,0.3828681600367573,0.6447413276637908,0.15998579524794032,0.16875996804518328,0.9999999999999998,0.15332454678935584,0.4004065222208637,0.0778262930025011,0.1268618217290962,0.935533139605064,0.23098139417394956,0.3836356782844077,0.09641596087445417,0.18074749344143515,0.4713959374501339,0.2348561173895562,0.678903111383679,0.16061718212939902,0.1866599843528575,0.7709164846452549,0.31837142165000076,0.5051819207769838,0.1921434776006069,0.24419427162736812,0.23410346356661577,0.5821225453979746,0.08544574996654514,0.1711105483633891,0.15305394971067687,0.8688853119053344,0.24786685702208053,0.42736483973036765,0.11610570183853564,0.12164314577388136,0.14357747560957873,0.9596961108962034,0.15487281574804562,0.32459419020586466,0.0815341570324434,0.5963538150639542,0.6970140601223745,0.3641678882137316,0.14871835708913916,0.4458693729850529,0.09146934359952343,0.45079246438247766,0.6393356319925807,0.40130951576199303,0.6540965834331001,0.6225978810382319,0.39523906585645646,0.6553250296573503,0.6843344146674111,0.20962434778485164,0.1801750961138496,0.8655976593012565,0.25525326906707707,0.5159248891988465,0.09021722553027647,0.28395987785986887,0.4052576841068836,0.21850546320039543,0.23420138953423292,0.380445788931359,0.2796654228799136,0.5392652397731666,0.16121408604231313,0.22329548153133627,0.7605032488329394,0.344272194561322,0.49817086373526287,0.6009168700187344,0.516548166637806,0.38582841437614424,0.697531263186703
0.13325639806555525,0.19166920798308656,0.04389328457550451,0.297112060257433,0.19637985170840122,0.26900429381905533,0.26850073173560296,0.6079694532921387,0.4139276594775039,0.22927871890398957,0.21391405186761944,0.3485921936305368,0.2589366151551512,0.6928880094420293,0.41268921832032723,0.25230497529270535,0.07080368552541706,0.374486210496611,0.1601652580977265,0.9487207671813056,0.21617067180918192,0.2851083954839805,0.3485231139411899,0.16076506229245607,0.18580689060014435,0.2096692492815065,0.2651939267032921,0.24186702289398215,0.713263442839014,0.3813891357766125,0.2245867281094289,0.3282711482017593,0.18566960887230133,0.29041670137875014,0.7143579754081772,0.35307900113875523,0.24863097161395023,0.1855431924680625,0.3443114338676422,0.07770028887047366,0.39301089242056486,0.15332454678935584,1.0,0.2414726407230661,0.27029182958253467,0.20523541262032372,0.14734758553320465,0.6232062212931363,0.33161655554652836,0.24240123635160504,0.07286159682035388,0.16386917449017155,0.21577261868152836,0.3748312160076275,0.21768448910587948,0.12589615838993673,0.18883737199111225,0.4569935474000728,0.3313932640538747,0.1811415983601201,0.20467702259022516,0.6670270808793677,0.3721537780772376,0.26760691791993074,0.2388192330393905,0.16032091248371352,0.18354972545144482,0.6246836560340268,0.32031271311164755,0.19461849139286824,0.051554950336213004,0.33287835079363487,0.15708561496006412,0.9053763045805057,0.1650410479783906,0.2823358125482661,0.3319346716357944,0.39679403772210997,0.1177776695794052,0.024175180399894042,0.12017623619402573,0.010821255629041796,0.29061971562581723,0.3881483273074593,0.2061168961567142,0.2834834174304419,0.42771356841388,0.2297667964368995,0.28303441413220565,0.4178543125104054,0.21911124718504674,0.33804239697948174,0.19698360296814127,0.9074359584566682,0.3577211838914198,0.2537489957067777,0.10020844669781406,0.11771564077073794,0.08920059792775017,0.06334414840014987,0.12399789435954173,0.12006152851634541,0.2033921023046305,0.2203593637621235,0.11133673622607348,0.19542203043556516,0.4124633470382457,0.3157250398173982,0.21818133226376318,0.21613968688884466,0.20314274393264603,0.3237252675249618
0.17888252605124455,0.07242810672606291,0.20254511173623008,0.49806545491707266,0.19915829574891403,0.127157559592095,0.38733113264911884,0.30746212512113524,0.7618185838952263,0.1327985404147134,0.19201866054550296,0.14734946254770934,0.39067024193959665,0.31408635660545314,0.775123502216433,0.09274759897336723,0.16598571187564562,0.14300562188091942,0.40022492358131984,0.24448235294762424,0.9556879592913092,0.08167222482997621,0.33411292813774823,0.40377254974656357,0.47097550131252547,0.1826171799065207,0.13992624468724357,0.3748378463324334,0.22416904695841305,0.8343139723072936,0.062421564404808616,0.5648971848414923,0.1854965986048842,0.15900249460075697,0.22800635255775792,0.7978022928223762,0.06077739264249987,0.4308409052944098,0.4516236623244859,0.1629546173079297,0.14110743764084863,0.4004065222208637,0.2414726407230661,0.9999999999999998,0.08176092206544988,0.07739354267695403,0.37176467147951275,0.21725930284208678,0.865547212472543,0.06814003714767346,0.24310152989098938,0.3873843895241452,0.21969884802649703,0.5068675190093779,0.18234763946781876,0.08849253832179618,0.3861661267690558,0.2593572287049929,0.7744021022691302,0.1930729125304329,0.12619425254767672,0.20836262855782392,0.7695803980803679,0.08327751455708313,0.17072571042810314,0.08460716089259399,0.38590144106218666,0.2456090217755577,0.8329953009890583,0.07205460117501625,0.15424928615587152,0.1316254066378204,0.39061006114816277,0.25032364972502363,0.9024354659598677,0.07339233128634719,0.335336917750232,0.6204687913729997,0.38387067141479186,0.23262277531382453,0.4677554491585906,0.1734938500505406,0.3370323512442829,0.4907059455997871,0.39297449931614703,0.4441170360686649,0.4679203078826225,0.3460495578292881,0.432539595638168,0.4533304692416754,0.20303815612896634,0.15983283661082298,0.3765624024331282,0.28582337803312463,0.8402420572090477,0.0660864996938297,0.16975300835357146,0.24577981198182175,0.19280490704525818,0.1402603326485653,0.2047469819276883,0.152830766755966,0.32971339892315105,0.18505070955871825,0.09091406978613753,0.39018656053037265,0.18437920151845374,0.7535639617517571,0.3357915935920252,0.6017588395430704,0.37632112865684403,0.4442786246607461
0.03368910163285001,0.03508233801104865,0.022867043869708937,0.1525260347111016,0.03825853319279077,0.5490807968872153,0.13661598226993613,0.17510541141650132,0.25408905455264497,0.6583246100739475,0.04210116399023704,0.5950714865763997,0.13263899926952877,0.22237417001678775,0.2359433730181392,0.7829334902511509,0.023909165759569168,0.3725842626989757,0.09683539689275515,0.2804469883955651,0.07372708402344107,0.989341517498622,0.08132220800571635,0.04056848754789508,0.09309060263401495,0.045055288601792136,0.6509080404993963,0.11826225206305552,0.20625151254776025,0.21337685287667701,0.7860043386799268,0.1605415145723072,0.028189400443750616,0.5446486392108036,0.3228381326344417,0.19735748833988265,0.8172201530925817,0.12190856637712848,0.21814038486461543,0.030052268977529183,0.4865868916837704,0.0778262930025011,0.27029182958253467,0.08176092206544988,1.0,0.4230114106682709,0.0773387966608226,0.26078065308060844,0.18140377066836338,0.8697798542764618,0.06310450490962854,0.06902519768021312,0.0879731442970797,0.3082425874011056,0.08597777641802098,0.3746705760228931,0.061094800985396346,0.1841934107772869,0.15064059519855272,0.030242794726216212,0.5433331002646751,0.21767065421443782,0.22582915599388112,0.6614772739262281,0.0884401331344176,0.3749654342779505,0.09180721661637645,0.22623554474854368,0.1616642890430645,0.7124523426225126,0.0157302027651333,0.3490190521569519,0.09649382673438348,0.3082031841997809,0.04935567353946415,0.9702859308726943,0.0833303862525049,0.25343883590358,0.08843991036409381,0.04671051345440782,0.07952124894112816,0.03581708540894708,0.1695265151662776,0.2884281358845779,0.0758947609525655,0.14675980424845558,0.2773469705299796,0.04048542461035075,0.15798664977996046,0.25168694488143084,0.0651811298194076,0.44168147435079563,0.10866875183660439,0.26308722741376317,0.20067859083882872,0.9468777361411376,0.1551973185664483,0.06063965597638643,0.154212477541283,0.12736396084812504,0.09236007573116682,0.27282244504778214,0.20372940122020117,0.08876379145212285,0.35344075465680497,0.055656826699173524,0.18081668717086077,0.12329149766436903,0.04826116002811341,0.20564456496265374,0.05729133489359914,0.14999312969926681
0.031095166783986466,0.1878766751895881,0.026024293098930687,0.18063060066728892,0.08398920585359682,0.34400464637674216,0.1638138282025367,0.14046964220002744,0.2904601374583967,0.2772884118234193,0.09417149299059227,0.35654237957819723,0.1600139208325645,0.15131310674262216,0.28560205479812933,0.3068738062021602,0.03207020880894074,0.37515989381789516,0.14288656040965525,0.21354739455495517,0.07554694340560389,0.37970005857273326,0.2961050558886743,0.07457962732894277,0.14261046366913685,0.09592415203179092,0.38632101950962255,0.15241650526263306,0.15785859441907416,0.26192184670328555,0.29004741480270746,0.18266920182586333,0.06995760368734494,0.2963107251270869,0.1839892889359258,0.25028828026030897,0.29411664574520585,0.21265163442210172,0.2634034038751253,0.036289295392777254,0.5632696220901376,0.1268618217290962,0.20523541262032372,0.07739354267695403,0.4230114106682709,1.0000000000000002,0.09646036666473658,0.4442095827302194,0.11480857207823734,0.6462696260531501,0.02632045805458019,0.1283457390001749,0.14412256696545755,0.2682484748016309,0.05327181868556846,0.785093170964948,0.0878583116129193,0.2799394558596489,0.1267637139986623,0.06894690667154411,0.27950560822283077,0.12904690701567775,0.2869424271731751,0.2241787326230275,0.07193093225003087,0.6895587652658263,0.11454440275398922,0.2322173920392509,0.16122088139823482,0.4727581834927151,0.028697107019049716,0.2853799446602957,0.1436668835305804,0.22494889373388222,0.05801791327382354,0.3483781417998479,0.29546199398361594,0.26619189700515267,0.09300826645304676,0.027281168243098994,0.10814162322979365,0.01056235256293252,0.21023247832864278,0.24137690712511686,0.08787868765765941,0.20934642095016043,0.2949359565448677,0.11940150427779167,0.20432605244732288,0.2994606604441383,0.08792386630392017,0.5568766245837895,0.13948417681692354,0.22053578293648687,0.24790130140443284,0.4947681439652675,0.13195957209600287,0.0953164040694208,0.12118620572612943,0.11881703864547231,0.047063321974356205,0.08793221581226869,0.22161275922060608,0.07320862787556312,0.7193280464829006,0.09245167405058559,0.17021596191790433,0.16399601918877307,0.12840484565258148,0.15500435579531163,0.08916870883143047,0.17742770058187024
0.22639512738984793,0.11664216049748592,0.24185784723330855,0.5895790865817159,0.1763477655053129,0.15984834588514488,0.7160032243017946,0.21240031296742418,0.5753109459708783,0.08775379254503134,0.1681021792012657,0.1688022740419883,0.7366918903269603,0.2281854563796583,0.5617148910761365,0.08706748582870084,0.16132638963887339,0.11098129583720412,0.9096339148670792,0.15595093571763174,0.3390962343722678,0.0886810672731253,0.615286682515493,0.40780624586188496,0.5133359888836909,0.15446231407569236,0.18645069031003644,0.7554271783259766,0.23835169826427613,0.4848185577186031,0.08764579200259404,0.6319089092293788,0.16744466639769318,0.15658500358412986,0.21498702761608535,0.5307754251082559,0.07543474994783084,0.3290505902154913,0.6581842572169396,0.16087886301862456,0.14585288463038848,0.935533139605064,0.14734758553320465,0.37176467147951275,0.0773387966608226,0.09646036666473658,1.0,0.2085849765407897,0.3323258510696036,0.09489530238592972,0.18747014620360747,0.4519992675723623,0.19850681167818707,0.666036665959402,0.1471170170575101,0.1635768098130616,0.7877983159128364,0.27079254271365627,0.460810662616097,0.17800616070136688,0.21542938553720847,0.19452374546052217,0.5378527081819595,0.08440602953575317,0.16894257803247986,0.14591209397696345,0.8646974675137492,0.23614394023480254,0.3851859067021457,0.10915379550455906,0.11755106858377588,0.11292163247050117,0.8878529517116639,0.15155476367006146,0.3121925334865071,0.08571043808035911,0.6126787767084888,0.6885929923638655,0.3468564297001838,0.14122727399721743,0.4141106416313378,0.08776553277956342,0.4269783761556875,0.6410032108489685,0.39266740798549243,0.6660122296567108,0.5975237895280983,0.38517863855381085,0.658493531970447,0.631135127657671,0.1947986712979124,0.16829084171555386,0.8235887330663213,0.2446656819181578,0.4744210645468053,0.09152037616419079,0.27432993445565035,0.39596298085090187,0.21993537990211456,0.2021660657583898,0.3763414818432578,0.258398354463624,0.5732378546827981,0.15165375895588412,0.2102951237357746,0.7636382687618046,0.336027326381515,0.4540607619065679,0.6010778454074304,0.4844787109525563,0.370581349789843,0.7154047573199028
0.11149191024195465,0.3008940253244609,0.053981820096649466,0.32739894783014856,0.13472987260715746,0.17995819297628884,0.29935494479587516,0.36450763762157906,0.43562427359000916,0.20853104860061022,0.14427929172877424,0.2473105302832363,0.29847841323049507,0.413403534553351,0.4249109823871198,0.2513643942592648,0.05119183915840865,0.27262374343154117,0.24061982164573995,0.57895644104122,0.2452188688770711,0.27455748833310084,0.48340768501799036,0.18576506236893064,0.2571377920465866,0.15371429491734154,0.18747080140139308,0.28306483910434366,0.49133723804400964,0.3983002330913215,0.2208721344743543,0.3170835331129221,0.10495403709771597,0.18823593888826373,0.458470296767703,0.4124875987068195,0.23849566832596497,0.3087537167929761,0.40317171133565866,0.0642975983499717,0.33821229790977486,0.23098139417394956,0.6232062212931363,0.21725930284208678,0.26078065308060844,0.4442095827302194,0.2085849765407897,0.9999999999999998,0.22503711312016078,0.3663036956154237,0.09334844256938082,0.188251082764709,0.2851420156423492,0.4416051844644991,0.13658030939645696,0.2809476070445334,0.23681939214098557,0.7383290239551606,0.26519520728712465,0.11127655476389245,0.2088114834972989,0.45215929167379176,0.42956112368154215,0.21867116373207574,0.18230635517329205,0.2611431410841157,0.2623800161603562,0.7090598589499642,0.27833109341865825,0.2886301714451975,0.03938687421740581,0.20952715290360632,0.23682513730384175,0.5912442322466485,0.22551521788855053,0.27904783461909566,0.47798589746480613,0.44070058055702904,0.20664170288585987,0.13235318978779043,0.15794678245197072,0.09714365166122609,0.34957359006777045,0.3843674589558844,0.245342844214186,0.37438539129358606,0.38839593006846224,0.2676160150432471,0.3778308827515982,0.42175182905823394,0.1663108901048648,0.3042409704024325,0.2599080203760064,0.6153161278816455,0.3818850395749135,0.29588106718145374,0.11372648961293977,0.18189338701938554,0.09204583944357601,0.06998951456056644,0.1588469422484042,0.1205046511968739,0.31092698834409455,0.17979302092715427,0.24005869993106582,0.2569132405489226,0.506739950483554,0.28477221521989116,0.32688163219754157,0.32967700008541545,0.24196570992454278,0.35563440329624013
0.1496926423937475,0.09074423398080464,0.2258346543300693,0.44443524129264855,0.1894402462082656,0.2025869234698693,0.3747494689596891,0.37017773920159347,0.7308771820188438,0.2501330957936177,0.18167944166610928,0.2391696774972684,0.37390443354629954,0.3923614478295809,0.7419414929859578,0.18893834023848532,0.16188166599338888,0.1917384373962922,0.38599840681735226,0.3241029286262167,0.7929661878937928,0.17812814289195653,0.3125022955710415,0.29715451231154927,0.3336793960969292,0.17324602347633156,0.20733381723091193,0.3574009149318477,0.3168580022523944,0.7776526533728509,0.12249378491275309,0.5575127132466491,0.18398981091900352,0.22971878558071762,0.3267794936090204,0.7367966042404981,0.13259246526670715,0.49191421908135247,0.42525060734358183,0.15204507781989277,0.19580940130462485,0.3836356782844077,0.33161655554652836,0.865547212472543,0.18140377066836338,0.11480857207823734,0.3323258510696036,0.22503711312016078,1.0,0.09636772353289441,0.28029050683432066,0.3554092642428303,0.18985093142456833,0.5222996945474344,0.18675707073078784,0.11582371883150305,0.31879143604957444,0.3007197870816891,0.7697983928257355,0.17915761295896163,0.20928044455856748,0.2901132676220048,0.7236227865084983,0.1735361171628425,0.16931284988826592,0.09899329622875998,0.34142638375365697,0.2870956766142034,0.8139939904227416,0.11062222763312167,0.1522936007611952,0.17869397800968484,0.37376391417466254,0.3394999242118368,0.7353149408577224,0.15738463240784545,0.31622846353006395,0.5765667900827292,0.3898455879314389,0.20036658478054037,0.47183863064569026,0.14562766864420137,0.32481252270931427,0.47959778569334227,0.27484068318019184,0.3658801020216342,0.5002588921091482,0.23523602935530397,0.36442853457258084,0.49272120399201047,0.1952615405980802,0.22963687917440273,0.3595909721381298,0.3875182161882528,0.7906405451122507,0.13407133737486382,0.20150439764218797,0.24119417318299657,0.221667138018339,0.15121764311136418,0.27838477159968633,0.24570956709940237,0.31213142087127244,0.18508842103979103,0.11564908127510404,0.33083545569299655,0.2115311600252459,0.739266518117014,0.30045151524326535,0.5702101412656472,0.25482750343084387,0.3805935813642215
0.03462129568039235,0.07961547280689854,0.01647891708346042,0.16836519737995984,0.06263607070290726,0.4905624867527245,0.13740404456419913,0.15100702760453222,0.2698666607579412,0.5670450110138657,0.06967950161047866,0.512541993657133,0.1351191078113939,0.19947278761241394,0.2533138277674812,0.7261786054674048,0.030155669717164074,0.3387204606545415,0.11766347567166013,0.2688391636981426,0.07823375067240128,0.8657462641988153,0.14621189975846965,0.05587784137527743,0.10391221940775758,0.07207966521278066,0.5816433806179327,0.12440484321023505,0.20116786175150847,0.21358927829434773,0.7429521241698203,0.15921705863810487,0.04761194435915836,0.47043012566032616,0.2920816564649608,0.20846128399522848,0.7716645217634927,0.15507514361404767,0.22513213374440688,0.04176416571241949,0.49109746609333893,0.09641596087445417,0.24240123635160504,0.06814003714767346,0.8697798542764618,0.6462696260531501,0.09489530238592972,0.3663036956154237,0.09636772353289441,1.0,0.0490873836691018,0.09724306095506725,0.11789294588915819,0.29529304234011483,0.10891585427997655,0.5819064261033177,0.06738566842737845,0.24970618233567832,0.08231742982424459,0.04820225195286963,0.48000550195423286,0.20007781030527133,0.26220527160601625,0.5545996537266017,0.11700918449207673,0.504010510736255,0.10784708630583086,0.2563580849136272,0.12695489412514677,0.7640651110783165,0.02332177427688295,0.31727665776761954,0.11416143324805425,0.2991584207672814,0.062112165429070554,0.8776089594397053,0.14280688972156777,0.25446461441565615,0.10761432688462405,0.06054477974833642,0.08719627547889243,0.042336321269935945,0.20583163760674336,0.27193717889508645,0.08624386470177106,0.15549953507685335,0.2717704136233922,0.08026187507552238,0.16778424208780698,0.2509173861951184,0.08624229904028843,0.48118000930855176,0.11983666422895788,0.24577873879126969,0.20414233428909503,0.9280321992628098,0.1420955164706229,0.06688744797311671,0.14416127248899838,0.12190019295794283,0.06656745108256233,0.17548344869428412,0.21362611136027593,0.11711074301279528,0.5035525059627568,0.0693887052248694,0.20850416823039594,0.09167843312638518,0.06474844598444061,0.22100361709322974,0.07668752923476196,0.15047106712597608
0.0763734283492012,0.03704895565248941,0.20505586983034169,0.2622423016345341,0.24124967123617158,0.050881912503806845,0.18488537938242233,0.09102971000679873,0.25972728681765656,0.03908850914254546,0.2360554253480541,0.06939520469321225,0.17817219302813997,0.10004232440657274,0.26679523540508865,0.047673520589496005,0.33440974781911065,0.0360189910171512,0.1842797559374283,0.11320345769798984,0.25257140918426385,0.0681193551755505,0.14317238003243493,0.20240927559082378,0.18264790344915133,0.24011140504166478,0.046002705818016125,0.17211792387389693,0.07825229667277693,0.2755289993354762,0.03446517927774368,0.2939563936949435,0.2074032860582343,0.04405981420964185,0.16924152290274627,0.24183117576236024,0.06946142015326368,0.2583845224126139,0.2478058812692582,0.30596903049975904,0.02996598929153815,0.18074749344143515,0.07286159682035388,0.24310152989098938,0.06310450490962854,0.02632045805458019,0.18747014620360747,0.09334844256938082,0.28029050683432066,0.0490873836691018,1.0,0.38790610085474797,0.08993253875564682,0.20129900880929397,0.22506512957597766,0.027776568822971696,0.17676689838102128,0.07744856403702398,0.26890255528279383,0.22846856012726088,0.0655013884779053,0.09910071546419856,0.25213498947864366,0.07431861755741477,0.24731153534600225,0.032562871764393625,0.16334068587172312,0.08885040522503825,0.2754690914523976,0.04576130362498028,0.3140062372364357,0.10929998010058631,0.19067918033058065,0.1059674324851436,0.23595958541045275,0.05756391739514623,0.14656654835582897,0.22051312780405635,0.1758251969041344,0.06139123097279908,0.28382232611474956,0.04039251545974114,0.09005156491801708,0.1691620651983528,0.12634447102720225,0.14606666534633045,0.2639286099028189,0.16894847902509436,0.2136769811746927,0.20247482396813332,0.2553632503731027,0.0574996010512883,0.18058451235354464,0.12403946823933104,0.27861560314191625,0.06277350197433249,0.17243837985528082,0.1438486198339144,0.13105487097745566,0.11514266018587796,0.16673949388318754,0.1361804525885731,0.13102932359052966,0.23306804626506467,0.03508074633372758,0.16102145794619097,0.07005944031039248,0.261403152021531,0.13930178970715024,0.2166673964677589,0.12590881080170752,0.1917162784819117
0.2504051457993962,0.0390139567849073,0.3688002078734201,0.408554771562096,0.1143505363330464,0.10943321982069575,0.44038678861660163,0.21915459401341567,0.4616056762014531,0.0476471165473964,0.11360970313431804,0.1197794638612788,0.4300346796681127,0.2101785971275617,0.47845429262512373,0.05283024593375297,0.12924389652605464,0.10688305538911261,0.4730417801820427,0.1512932495451883,0.3861870904685443,0.07338360462642535,0.4754138729676779,0.4014255604572565,0.39863274743524074,0.1002309382868701,0.12715715145058187,0.4473558973027001,0.19271973056345926,0.4485242928506038,0.04589346873432467,0.4446309458558388,0.088225531209926,0.1548341164863295,0.26285789078232363,0.4511547879277188,0.058040047149556795,0.4113793090116359,0.44562523787656744,0.10966949167486371,0.11594169420887543,0.4713959374501339,0.16386917449017155,0.3873843895241452,0.06902519768021312,0.1283457390001749,0.4519992675723623,0.188251082764709,0.3554092642428303,0.09724306095506725,0.38790610085474797,1.0,0.22339807040495221,0.42527286032347317,0.09259761158242087,0.15467627405400786,0.3889079892192916,0.17754617784703053,0.4325416640857592,0.10036481004900775,0.1513910982038793,0.19307846012021457,0.4439273272309916,0.06993318300175341,0.0936407050001587,0.08798967564843277,0.4143473266627656,0.1968695528861525,0.4487063102963542,0.05001577503385688,0.10586646974704077,0.10735774431531186,0.4811405189586073,0.14434662077232618,0.3620209403550837,0.08092603723595697,0.48365780109781314,0.4803196702310698,0.39796577251976456,0.24660468218294188,0.4657067626825969,0.19489138863700858,0.29482398928605114,0.3665041597825216,0.33450835946335145,0.44220112449142135,0.45944725659827945,0.3152981577361235,0.42969375144407235,0.44487808457094014,0.12660424716369992,0.152909339323413,0.45153114963257734,0.24179528076903156,0.4492257645191578,0.07750973307757297,0.2684776953261741,0.3242328759966762,0.2790202504710173,0.12414892388649844,0.28940184024190385,0.19998481393439022,0.4116622477535868,0.08805317881662969,0.14764951467731993,0.3917990876189296,0.19064994717121309,0.43321675468474324,0.43360012317078545,0.37947109757691605,0.30547739532109286,0.4605271292849401
0.4181459605843231,0.6708255735124485,0.20997159811139518,0.11901425955686429,0.1987687164310611,0.1269967604720373,0.2754452161628427,0.17573280343222428,0.2996749425863236,0.043817830194236976,0.20637411341469955,0.11683947299635557,0.2737416439208997,0.19178905001304952,0.2771731303914459,0.07148529725472495,0.16974761549986758,0.22755072472350946,0.2460355362794842,0.2268503841262307,0.23126077403610168,0.08544300026816276,0.22836582291482022,0.18838611109004252,0.21300124150414357,0.19938886043565518,0.10453128785739509,0.24883462913878923,0.2844747317628534,0.28239767800030724,0.0638359421651774,0.357765797052905,0.19924049340202837,0.11450321463865581,0.2691037394936135,0.2831228186697134,0.06665000854682666,0.3729154413973628,0.22881665963627332,0.1672728773399896,0.19163664218033602,0.2348561173895562,0.21577261868152836,0.21969884802649703,0.0879731442970797,0.14412256696545755,0.19850681167818707,0.2851420156423492,0.18985093142456833,0.11789294588915819,0.08993253875564682,0.22339807040495221,1.0,0.09779332980967614,0.13358400768665332,0.10544236543908413,0.21482312354888106,0.1623254471643501,0.2713205889662596,0.18641805248574356,0.16185284224062604,0.2357282583948746,0.30581864751371446,0.08312621516374354,0.1660299572489002,0.1829455767714324,0.17447280341542934,0.21348973211064004,0.2577237477424308,0.09267045075935168,0.1351530741555373,0.2552152268875321,0.23659578347002233,0.2162725252356697,0.21615353585335,0.07311563023106687,0.23076461611200477,0.2985437578868708,0.5012680266442429,0.6421967725264078,0.2962849365281142,0.640320023749718,0.2611968244392749,0.13104892372029597,0.2925282339878534,0.24268642317708009,0.3122302209406525,0.2851422269589499,0.3036814766319583,0.3002046481015387,0.20038469022973193,0.21470780535964257,0.2499323541041215,0.24874419236373896,0.3076067934326817,0.07912729842527724,0.17243312494343235,0.23794309782482237,0.2034527365517138,0.1937126646065207,0.24122157138633718,0.22942442724582168,0.23909861822851766,0.12387904681523143,0.11546611549781717,0.20386536888076018,0.18678006486264165,0.27971206581031993,0.19635993450193534,0.34681463578658595,0.2706267754946123,0.22347474235899795
0.15975075146586715,0.02333088124606777,0.08395571250256903,0.7801760096414061,0.29255605806064633,0.316721333126673,0.7189377892082439,0.36924963173655995,0.7587173598968502,0.29755831832813145,0.2898950958493558,0.34689849371118453,0.7210068995874699,0.3896668975835223,0.7400214545809652,0.3007433664770875,0.23325425492088958,0.2456518826272421,0.680892821960106,0.3640518397700033,0.4587746667170415,0.30965301082626684,0.6838885961721852,0.39324602648062423,0.6116368786266444,0.28898439926420694,0.3376330566878732,0.7194590637028322,0.3637790561336446,0.6510861353827874,0.2699715598349487,0.6984781480138996,0.28121033415251284,0.2940194141151632,0.35173209633886815,0.6724764885347704,0.2661858463947148,0.3864879749493816,0.8042935033838479,0.23907929780244622,0.3156440053373669,0.678903111383679,0.3748312160076275,0.5068675190093779,0.3082425874011056,0.2682484748016309,0.666036665959402,0.4416051844644991,0.5222996945474344,0.29529304234011483,0.20129900880929397,0.42527286032347317,0.09779332980967614,1.0000000000000002,0.30222476422432487,0.26407151010619784,0.6869287775302051,0.4202946207603855,0.6179707291235477,0.26705852098740007,0.3190257362555411,0.3181130751503022,0.6916951393315788,0.24650353695207827,0.314282788075389,0.23013160982671094,0.7592589416078751,0.4290194046266561,0.5634079447044384,0.23290402787043304,0.2093061728638429,0.19325220340632443,0.6648504582948805,0.36653640696210577,0.4019814576053312,0.3068454021449087,0.6773663792056759,0.8962215764959569,0.24200537968262592,0.08388233487156861,0.28357733144975805,0.031295894049884976,0.5753309410179115,0.9213802845202859,0.3604192956878044,0.730177272424134,0.7913321123840125,0.34644447795783945,0.7187304062200799,0.8204491872138981,0.3225763164179785,0.3092766912717315,0.7103810482347639,0.4432226971431313,0.6364955446861227,0.3019880468193401,0.35821170058939666,0.4824332359338829,0.2337410495583526,0.18050268001087524,0.3571480751150375,0.2407089974091282,0.6895922003289263,0.3097778890397243,0.2897384852806373,0.691586522071398,0.39611279010127526,0.5979018639160023,0.660304408713203,0.5646693414675519,0.3482080509736049,0.8018459751368552
0.058459692753563705,0.09233971242548052,0.0397215001298062,0.2478943867370227,0.8435146906318208,0.10736846412226972,0.20280412303397133,0.21639473200838477,0.24320513799158394,0.08482814292796656,0.8560060566966061,0.11809902085086246,0.20398984329102088,0.18930834949729217,0.2145954751601614,0.08119610753524689,0.7333423411855275,0.12709950381452267,0.1604353054812835,0.21619470829967583,0.13539837180889658,0.09020565422704478,0.13497846548094525,0.06095118065099166,0.11552630914394849,0.8706836848584101,0.07252768907155557,0.201214917860343,0.13345851053165733,0.17575324393642622,0.05443699612625483,0.33023795966509767,0.8429123130409629,0.04334671938801866,0.14482444230967234,0.1997830570046007,0.08326838909259836,0.2764361294634642,0.2573443983159265,0.7471484018536568,0.13673738905629262,0.16061718212939902,0.21768448910587948,0.18234763946781876,0.08597777641802098,0.05327181868556846,0.1471170170575101,0.13658030939645696,0.18675707073078784,0.10891585427997655,0.22506512957597766,0.09259761158242087,0.13358400768665332,0.30222476422432487,1.0,0.018059853736801176,0.17731299229787062,0.06517987030706643,0.1440674260186842,0.8025302994165164,0.06621168552676178,0.09889001699709643,0.21768527459969897,0.10316067560583622,0.9681047012408357,0.0526300059244583,0.16122187272581193,0.0890393024689653,0.15676960282632302,0.03256268069199257,0.689102800407078,0.11603617323692493,0.14606234820859954,0.17011980862014292,0.10907847542950154,0.09072316249450067,0.12048947234315238,0.3129286358593543,0.10528546631087218,0.04206121424928598,0.10524290709006724,0.017202368334580838,0.21532995557989484,0.2795399928691018,0.07143876455718892,0.15864366853380332,0.3763617635495915,0.146810152745251,0.18812976371039725,0.31455349391752796,0.9138512877083971,0.10047581191516616,0.18808288573813026,0.19252066116501365,0.19246280984629116,0.07996773908821635,0.18319234275088508,0.05257682231436082,0.04259625594807695,0.018747857961566215,0.026531933309739755,0.04152993988466851,0.07598558009371442,0.9892409785721095,0.02388180544032186,0.17110043203880626,0.08348960587242595,0.13229547823032095,0.04926831356399365,0.21020163003294928,0.10957698176885242,0.19863315766717038
0.033910758678210584,0.04884369693934812,0.020547633565605565,0.1575159133258508,0.17370212219878253,0.5265695609768392,0.15293118914199355,0.13342604822079032,0.2734855918412528,0.3519997324813837,0.16901092697476644,0.40428796348243395,0.1512113732943926,0.1243004080111697,0.26307213952679337,0.36780099973230773,0.022596063076683,0.39408210842131214,0.20187547531828454,0.13093976805896074,0.09129350681001396,0.3492972921339484,0.2625224642320369,0.09231961947196332,0.1402157692571459,0.17007395229994812,0.45629893539674216,0.15059443159377053,0.1402945306313964,0.2208790878247139,0.32336944164315806,0.2050695582723886,0.16486344326705712,0.34206884635499774,0.1498658206309345,0.2135632595542833,0.3176587876162468,0.22643964008462297,0.2386028688357447,0.015356896196777409,0.5439372175433317,0.1866599843528575,0.12589615838993673,0.08849253832179618,0.3746705760228931,0.785093170964948,0.1635768098130616,0.2809476070445334,0.11582371883150305,0.5819064261033177,0.027776568822971696,0.15467627405400786,0.10544236543908413,0.26407151010619784,0.018059853736801176,1.0,0.08346192918852217,0.33447890455011775,0.07480436719737402,0.17428668873363262,0.4356625771202295,0.1586087168717112,0.2560651183932637,0.26500653207369734,0.03133286350829388,0.8476425683025377,0.15806706685259736,0.18913941269319806,0.1214040030196563,0.48761181091835815,0.022749447167988213,0.3810194402979474,0.20045508379532145,0.15222555680423677,0.08293966361084988,0.3222723730059539,0.2560054047979398,0.26083229175419803,0.0441229482575129,0.01993951573418611,0.10443638750186177,0.009756739181642826,0.16128139312860712,0.2592210221598746,0.07830449661213731,0.20606504527007133,0.26594588703069555,0.08643747882476872,0.19581240789825163,0.283564566949287,0.13036012698778368,0.6870476993346855,0.15666874999214306,0.15996275263637352,0.19630797597256489,0.4738616502364256,0.22345779267777488,0.1303989573331064,0.24464576940904048,0.3236860202582138,0.06111250204003592,0.19280787029547475,0.20674010920234676,0.02640717907289285,0.9277656588551575,0.08829789624831448,0.2553544556920293,0.09395638574519971,0.14304317301822211,0.14311802662557827,0.07246618494360746,0.19252002977805238
0.23684495555775717,0.12373733862082277,0.21626021327193248,0.6861228376639799,0.18328852834939985,0.10606137263465704,0.7987041509432331,0.18815738130400433,0.562407229713797,0.07245318229075101,0.1834973338653802,0.13361014367128451,0.8173697993802457,0.19108836874147042,0.5477893997421728,0.07875378177252707,0.1365266941977232,0.15024179504065938,0.752000262969572,0.20175527553284928,0.3480727354353142,0.0641534050874835,0.5678080050378003,0.3717939157065035,0.5124562310075982,0.1706404443137747,0.1346910438241289,0.8459218111787689,0.21328856522965656,0.4582840121026047,0.07258849580904113,0.6728146158117791,0.17909587653676906,0.1326322576227255,0.20937848250444213,0.5346598445008641,0.06694166767035911,0.30856473967316117,0.7648248117323007,0.14444764946613267,0.16534600541070016,0.7709164846452549,0.18883737199111225,0.3861661267690558,0.061094800985396346,0.0878583116129193,0.7877983159128364,0.23681939214098557,0.31879143604957444,0.06738566842737845,0.17676689838102128,0.3889079892192916,0.21482312354888106,0.6869287775302051,0.17731299229787062,0.08346192918852217,0.9999999999999998,0.21030312216207508,0.4357976586535423,0.1832109894050979,0.16939478485615844,0.1787854830663104,0.5538350701849895,0.09504542154614908,0.180762363467111,0.10049266652734228,0.925164597298307,0.2332566501760241,0.37655982394892007,0.07120285752441638,0.09487698119900294,0.141298824280809,0.7222626621977967,0.2001481815850954,0.303042965574562,0.06761635916364343,0.5789334107097441,0.7207092827971693,0.3165542695284382,0.12692180108382362,0.37659616455821177,0.08424692164946984,0.49604689516283973,0.6862330680857498,0.3553753399224242,0.5956018404609357,0.6577178090217228,0.40391477840376955,0.6213437740847303,0.688938672701317,0.21001606348493146,0.14087839836222538,0.8548266880350688,0.23984344877779343,0.4770370842732041,0.0622220059610259,0.21437806536542156,0.3160401469455929,0.17769654421561673,0.1710075370932897,0.2953289801894164,0.20219961110267076,0.5122311376032777,0.1786862085865084,0.1296115396621953,0.9760669204430421,0.22696882239700453,0.42077680484762986,0.5609282886054848,0.5355719236689263,0.34278775575886566,0.6668596759206669
0.09036855816734246,0.15873315513209782,0.07309275879643172,0.28939981171312257,0.09401177672096639,0.19425396565904351,0.30185052142774127,0.319264987337756,0.4291504228795412,0.2603882725620708,0.08169584987617513,0.20539038741025872,0.3029929474877068,0.37698963594641666,0.4219557511572138,0.2738099337657348,0.06600317080341923,0.16407981361683024,0.3353487351101142,0.41637946212160265,0.278909812135698,0.19736863332601318,0.42801954336557074,0.16221754225501397,0.22132555734873627,0.09596477454113758,0.2257657334746901,0.2988373341763,0.48924652811440333,0.3683798397395524,0.20567921816885334,0.3010000321594578,0.06565995092309374,0.1825416923552162,0.3449800411304387,0.3908653306141959,0.19360497624743833,0.31919162849588495,0.3176343858757387,0.06331902861925719,0.21715890596179077,0.31837142165000076,0.4569935474000728,0.2593572287049929,0.1841934107772869,0.2799394558596489,0.27079254271365627,0.7383290239551606,0.3007197870816891,0.24970618233567832,0.07744856403702398,0.17754617784703053,0.1623254471643501,0.4202946207603855,0.06517987030706643,0.33447890455011775,0.21030312216207508,0.9999999999999998,0.23493104514721547,0.07734647903238898,0.28716360765158333,0.414403726427919,0.41316442668642417,0.20255220730334694,0.09665023075569491,0.2138817909722501,0.302193380810781,0.7487476027287591,0.24271161912992734,0.28554696235563654,0.062041257253609025,0.1292602934507994,0.340403508524184,0.43924598014632277,0.2494322790916088,0.20000393256659088,0.41608923276179954,0.4138950003967742,0.16147267254425177,0.11559635964398476,0.16154579204630035,0.08423650872156568,0.29158968339223024,0.39059604858658364,0.18782339378567886,0.3523235035183921,0.34058014381975465,0.15092788463416312,0.33249422478501195,0.4234298390007166,0.10699993539455863,0.2381306104904738,0.29725471648332624,0.517623250709616,0.3513583189904414,0.22464191208076215,0.1352208021790929,0.2121825133791086,0.1099551267580973,0.07715009860425992,0.16941768596880036,0.14130412341279242,0.27840951128387975,0.0851027320704549,0.30136050760405436,0.21672367600822057,0.8054303374409406,0.24512543257658453,0.3562757305381147,0.26500029034640077,0.18314456398804627,0.35499294281409477
0.19369125823025182,0.11630254901427096,0.23660206238542753,0.5491548169263791,0.18831167205082794,0.16379847964572636,0.5347001184826338,0.3411748016796627,0.8195983741022935,0.16681009354855145,0.18409806024837644,0.20489448671685623,0.529627711553596,0.35220364239172336,0.8321575762361566,0.12314646754202019,0.15612867916556752,0.22327139273644075,0.5196284589354435,0.32730720512014494,0.7427286599176758,0.15255235057763067,0.4162452892667172,0.33795339202242325,0.4582577159795723,0.18126018329042676,0.17812430609218058,0.5107405620877078,0.29133223479811987,0.8562472058495283,0.0855864798842616,0.6259062709769395,0.17730475023956996,0.18578441061201348,0.3187934801488423,0.8139232132796175,0.090562807749293,0.46194817772486313,0.5306901992689705,0.14316496786901903,0.22493076218996372,0.5051819207769838,0.3313932640538747,0.7744021022691302,0.15064059519855272,0.1267637139986623,0.460810662616097,0.26519520728712465,0.7697983928257355,0.08231742982424459,0.26890255528279383,0.4325416640857592,0.2713205889662596,0.6179707291235477,0.1440674260186842,0.07480436719737402,0.4357976586535423,0.23493104514721547,0.9999999999999999,0.17015109126898037,0.1610507376113702,0.26037059405060353,0.7948698198120575,0.11702588806239399,0.1503175085094275,0.0841262553809339,0.46435045648622797,0.2783281451627632,0.9170317706072715,0.08281045221877789,0.13574880324679164,0.216284347679072,0.5064900259807684,0.32483018783157014,0.6935920249328474,0.1267460330302031,0.41984074889248296,0.6910919079836597,0.4411224426668472,0.23285896381507545,0.5558381367684029,0.16576126650433404,0.5100708491030996,0.5712916892896353,0.41874889284976635,0.5316017376702569,0.6140389007644498,0.35006362945331326,0.5419233588341357,0.6006344280996548,0.19345291028377287,0.21043810364748322,0.5081467520920633,0.38766686302116643,0.8751492166073438,0.11934784271342744,0.336878488526718,0.4174718278483277,0.3213886202231987,0.2671014363097304,0.44539477955675033,0.349038548177481,0.4640834412777687,0.14793697173854695,0.10024733406324336,0.44041128506959626,0.19412047832222368,0.9601066467786818,0.4056560784143335,0.6440142413565298,0.4345739610860969,0.5488946731774711
0.05447525258254595,0.09735384006319174,0.03361576242488316,0.26244207266702296,0.9730348652484493,0.19748889483319354,0.20065201785238207,0.20384546369126555,0.2715818218061183,0.053057241721685106,0.9686457690388647,0.12382039806617146,0.21194839032294477,0.16499803885327347,0.2419975432238079,0.04926293215612114,0.7480595430191803,0.24436778738924292,0.19252396872204353,0.16159167086985854,0.16780142842423834,0.04046425191075162,0.14904675015923144,0.05583604104600681,0.118716910801823,0.9427786898974099,0.09470051802808191,0.21535038846615312,0.11558295509431847,0.20389270695409972,0.03442360108758882,0.3367615212823258,0.9746883842215739,0.04729440278258678,0.1133950903872645,0.2251902337593954,0.034824360005166775,0.17048952051559857,0.24998857733578922,0.7566506447395595,0.21692691766455405,0.1921434776006069,0.1811415983601201,0.1930729125304329,0.030242794726216212,0.06894690667154411,0.17800616070136688,0.11127655476389245,0.17915761295896163,0.04820225195286963,0.22846856012726088,0.10036481004900775,0.18641805248574356,0.26705852098740007,0.8025302994165164,0.17428668873363262,0.1832109894050979,0.07734647903238898,0.17015109126898037,1.0,0.10361921344829629,0.06671707050701764,0.2410904299594622,0.04767166098980591,0.8331750742433466,0.27443323722020974,0.16709799684454257,0.08596105826834383,0.19203536648133557,0.029240728537447754,0.6878000036760543,0.27695122872739364,0.17912819553168124,0.1343143315330724,0.1577740497501936,0.03157656623304795,0.14299962592180893,0.3158756553771499,0.10272389532955475,0.03760183697933551,0.13219601856797153,0.018729801180829175,0.18241493950944776,0.25688953230482686,0.07308019452996012,0.14691570187498906,0.38436245073902864,0.16343150316332614,0.1888504738681222,0.2919259816536045,0.9514876857858363,0.27036765112217565,0.20345165865981846,0.16884700239576894,0.22482670943927446,0.03916885658279318,0.19595825810446604,0.07032592687389638,0.1636099648886889,0.2549538358300041,0.04011289336671406,0.12445357357944217,0.06647095605881527,0.8203110018532914,0.20567478674485182,0.171137125550381,0.09397310693031918,0.16155581426741197,0.0652389891820734,0.22283392305908234,0.11900524260781112,0.18979103440556228
0.09440150438418261,0.12564882512988734,0.10525566279323592,0.19838115648550908,0.11474393507747256,0.7791097565466467,0.2332155228082637,0.22341741348801764,0.2209745138452052,0.7657076625749251,0.10975856869862018,0.7509843347050212,0.22884891904485258,0.20645212772876256,0.19442538214556204,0.7206164216687915,0.06080444556196357,0.3208686038153052,0.26373556231638107,0.18818151260550028,0.11892579474800874,0.5659513402815491,0.2689525916689515,0.16100200048529995,0.20608018631682765,0.10349428449230193,0.7818254769373063,0.23545111528854396,0.2660317406091866,0.15673114567487295,0.6478389202269133,0.2749563441002888,0.10324684156802212,0.7594002595545801,0.3253561630475399,0.1499236589371513,0.6911879381208643,0.18685462056293362,0.23385175487626098,0.05777391330160646,0.34753456386484405,0.24419427162736812,0.20467702259022516,0.12619425254767672,0.5433331002646751,0.27950560822283077,0.21542938553720847,0.2088114834972989,0.20928044455856748,0.48000550195423286,0.0655013884779053,0.1513910982038793,0.16185284224062604,0.3190257362555411,0.06621168552676178,0.4356625771202295,0.16939478485615844,0.28716360765158333,0.1610507376113702,0.10361921344829629,0.9999999999999998,0.33307240608063426,0.17889036034332284,0.8269193074317194,0.0737012578985804,0.4668862960350133,0.2046915135478071,0.25540827507336694,0.11382669773212671,0.5527594933343665,0.05563444192691009,0.34431898289141727,0.25856956575560575,0.2039527689763143,0.10553281001460889,0.5758695375195023,0.27302656500174577,0.3171327974332251,0.10526308068246276,0.046169421342530145,0.15256033122101864,0.034556515236262596,0.17174814449532105,0.3081120971591501,0.14876715680726624,0.23497457241381364,0.29215208640105844,0.11229584232492479,0.27485231681412897,0.3105497334804949,0.10024207099510277,0.562275352201045,0.21929891041847555,0.20886557271456418,0.12859380247005414,0.5810078259409052,0.264160863432363,0.19857145183992297,0.25678108126480864,0.19970189027336788,0.18188505678704317,0.36190715796667194,0.2556980003011326,0.06790072229027638,0.4465411420467409,0.16582463885955867,0.22574681561181598,0.13487483837512038,0.22820635417833676,0.21418034294489435,0.12380261966117652,0.2601605647563722
0.11161724777572028,0.2702047444769104,0.037742141043878887,0.2502600428832956,0.07102909216350467,0.23739691756285464,0.20894476541111162,0.7646931055778584,0.3161238585237773,0.2547254174187893,0.07796382433881767,0.2752528334823943,0.21175107198542437,0.7654545666119033,0.305153616084213,0.26447157811358296,0.061620413172468795,0.14517301335021174,0.23681975564927224,0.7066685132305244,0.1810678410922142,0.2209753592791603,0.31673715630736254,0.1652118280838677,0.20046730475969832,0.06994130028870002,0.23954565415790785,0.20264295812062477,0.7690831139623939,0.2755942477422612,0.20347933886875275,0.25715138694204753,0.0667197469583978,0.22833499625215353,0.842188292455654,0.2468665118567976,0.2232390758874836,0.18239568454317295,0.28256211600355996,0.07460248458278165,0.15560797103984977,0.23410346356661577,0.6670270808793677,0.20836262855782392,0.21767065421443782,0.12904690701567775,0.19452374546052217,0.45215929167379176,0.2901132676220048,0.20007781030527133,0.09910071546419856,0.19307846012021457,0.2357282583948746,0.3181130751503022,0.09889001699709643,0.1586087168717112,0.1787854830663104,0.414403726427919,0.26037059405060353,0.06671707050701764,0.33307240608063426,1.0,0.27158974078513143,0.30964790372363427,0.11375824971790971,0.15254985277929078,0.20774879054880901,0.49050542318119195,0.23696576870213903,0.1744063135737726,0.0503402420884205,0.1520115862571132,0.22639580424310843,0.7347008602054206,0.14643204559857384,0.22030756677085372,0.30209052077973647,0.3251766545522972,0.09690826479118098,0.05547832196671532,0.09536957457229359,0.03434338510870503,0.2182480219453704,0.32601821476008724,0.19849798368146793,0.26531987165764714,0.337555377884593,0.1666125594626465,0.28664822354655356,0.4060279575850235,0.08533251745333562,0.22458941959222023,0.19335707992248152,0.7749123992230899,0.2563274185000768,0.19870130426111685,0.11568899806843336,0.17134232912112718,0.10496335116928264,0.03838692747614882,0.11337887032048993,0.13438571869390653,0.21251562511028466,0.10421289980889903,0.12595264807129136,0.18168770936361897,0.3596533075899077,0.24902044278977942,0.2963864152478745,0.14142419870216041,0.17460162800451215,0.3011825824511149
0.27123143951609935,0.13946157627993508,0.293767032463736,0.6516715997011083,0.2615530045583044,0.17893833724014646,0.6393498017841794,0.3468474588235626,0.9654974835531631,0.19765496055446938,0.2604506179774314,0.20946085818559776,0.6431503167867036,0.3835519454563784,0.9639457331986763,0.21189380970563665,0.2238027340267355,0.256604851387048,0.5961055980319832,0.3841572997577051,0.7706177235790472,0.22407945364518345,0.5106432076232436,0.3754918414917932,0.4385788567395176,0.2583626452825919,0.2034880056658862,0.6200199797024672,0.33399190840353055,0.9116670022905721,0.18196079393655362,0.7438881110553789,0.2469881434942308,0.19208424345416508,0.30608761858020833,0.9692346362191662,0.17084657127668812,0.5262807736807702,0.6049955904337506,0.2155469677566121,0.3094669045687475,0.5821225453979746,0.3721537780772376,0.7695803980803679,0.22582915599388112,0.2869424271731751,0.5378527081819595,0.42956112368154215,0.7236227865084983,0.26220527160601625,0.25213498947864366,0.4439273272309916,0.30581864751371446,0.6916951393315788,0.21768527459969897,0.2560651183932637,0.5538350701849895,0.41316442668642417,0.7948698198120575,0.2410904299594622,0.17889036034332284,0.27158974078513143,1.0,0.13667572612395684,0.2296893373521298,0.21174356740678277,0.5708462193745794,0.41491524884029063,0.8211747312834345,0.27778866778185973,0.20769237361170095,0.20975217782468714,0.5867562172953293,0.3798626511762591,0.7317678763515787,0.21675509571531815,0.5147640759622308,0.7929188566409056,0.5170304393594097,0.23887454145562004,0.6192460918823468,0.16118070018981293,0.5679991572311094,0.6565755375057103,0.47031788166415667,0.5402012221066843,0.7223045479350819,0.4823687993829823,0.5974625843573118,0.7294676622039229,0.27369132529455564,0.27245850614744377,0.6280363114536169,0.4333366771607142,0.9423722853905778,0.23436826024341903,0.2885782174934482,0.34336541747523813,0.2551535224918134,0.21886956281570646,0.3886853136137883,0.2788474468109468,0.46987887109314735,0.22386048099774378,0.2422250417190766,0.5727939103685015,0.31381991529237013,0.7868991318626007,0.4146523081960044,0.7115797909526429,0.48918540059623894,0.5885563326607977
0.05137862153452807,0.05058343425644043,0.06058065896360808,0.13065775817791098,0.054612202537298274,0.7085783082888025,0.14086575138801102,0.22607238240057775,0.16320485855196767,0.8476830867215196,0.058037772711892005,0.740618263809046,0.1345134059644827,0.21279621296254464,0.13997506939683688,0.8301806093609561,0.04273277811002349,0.26455096725669663,0.09374719879076031,0.25985577380213587,0.07340724713127378,0.6904566208064817,0.11380247365559266,0.05842380169710035,0.07758506258406067,0.06002628276013924,0.7466754673219121,0.12931919963265315,0.24376924868508335,0.11482035779534229,0.7752966472850694,0.16774601055495506,0.04863406558123331,0.7188478690119158,0.36330715621273973,0.10571331348003311,0.8490112935755106,0.12600561739006302,0.16549739067724908,0.04267686367826416,0.30959849087884295,0.08544574996654514,0.26760691791993074,0.08327751455708313,0.6614772739262281,0.2241787326230275,0.08440602953575317,0.21867116373207574,0.1735361171628425,0.5545996537266017,0.07431861755741477,0.06993318300175341,0.08312621516374354,0.24650353695207827,0.10316067560583622,0.26500653207369734,0.09504542154614908,0.20255220730334694,0.11702588806239399,0.04767166098980591,0.8269193074317194,0.30964790372363427,0.13667572612395684,0.9999999999999999,0.09815741782276727,0.32042928932819054,0.09759740728788699,0.20832181249005965,0.07202044732754191,0.6303163318148028,0.03008712631949746,0.278264076016413,0.09141389066203998,0.26718386155891793,0.06004622863768194,0.7103807991029522,0.11838750349435626,0.2251408570249604,0.08050789280277348,0.03210463302196745,0.10580008955298668,0.025875304985887162,0.1402292331148707,0.22352846662437575,0.07165109966625172,0.13473029663888436,0.23167279827730455,0.06994467236663338,0.17884583662818604,0.2236866730377804,0.07102939434713204,0.44710197806655266,0.10943842444397198,0.2569845240476277,0.10444539209962105,0.7036307109449604,0.17641306702725218,0.07229209513236602,0.16527862877423244,0.0968333839869894,0.13098240096097055,0.3802097445113711,0.18037490957746,0.10157588502943922,0.2942747750279141,0.08977138828651361,0.1715742582549812,0.06990942990734247,0.09331001660803068,0.17066503346794137,0.0608420248713933,0.14998783988669223
0.07730297779242087,0.14588739803525402,0.029608414370782148,0.25573285284396907,0.8823432870800035,0.10988774247375378,0.20310705287608816,0.22696745750095892,0.2586415208376829,0.08453824823018367,0.8912264703325884,0.1203323119462592,0.20754453128516823,0.20050016926158956,0.22725386238007925,0.08015714947157883,0.7906056681207931,0.10570784851852896,0.17471551307777172,0.23210566634209134,0.13938713272082892,0.09233079328116359,0.1573550093236052,0.07155293105237413,0.1294863275144319,0.9048205244912361,0.07173166379095268,0.20289155934605135,0.14962487599713464,0.18857832090878152,0.05509910239650627,0.32483825625043417,0.8710065957913287,0.04163847649423849,0.1642631049242439,0.21039502140585198,0.0817513802461613,0.2296059232144825,0.2827875971066165,0.8084900870483791,0.13037162983236367,0.1711105483633891,0.2388192330393905,0.17072571042810314,0.0884401331344176,0.07193093225003087,0.16894257803247986,0.18230635517329205,0.16931284988826592,0.11700918449207673,0.24731153534600225,0.0936407050001587,0.1660299572489002,0.314282788075389,0.9681047012408357,0.03133286350829388,0.180762363467111,0.09665023075569491,0.1503175085094275,0.8331750742433466,0.0737012578985804,0.11375824971790971,0.2296893373521298,0.09815741782276727,1.0,0.06584765334521421,0.1702462965367617,0.10407701821348642,0.15951623676021112,0.03378607541132367,0.7337720345740293,0.0890067478326535,0.16009751624296914,0.19092393247811273,0.11811367159777408,0.09254387985538218,0.14227796461165376,0.32378382370727726,0.11962911818661179,0.03969768973855599,0.10894394225993548,0.011537355221452661,0.22747199750005995,0.28547769013176294,0.0830909122410051,0.17250518777590257,0.3898907696266971,0.15380159666853754,0.19842745828914599,0.31324876809073926,0.9444072761439957,0.10282922300489875,0.18921827075600597,0.21632071045943563,0.2042301009790921,0.08305368876701161,0.18992743368916384,0.0532760339827083,0.03825118693308365,0.023760910907379088,0.025918882318206715,0.04126702233269951,0.0819803180481758,0.9735531442380888,0.030966546526510104,0.17557432737396134,0.09976169276567672,0.1405865394104981,0.0591944670760731,0.2124002237980227,0.11904161876296708,0.21085798047045423
0.0519176920257841,0.14778859847732095,0.012591213163208343,0.15638763221121996,0.25669768560298445,0.6152001549146602,0.14660816046110348,0.18410158758663864,0.23833689520068382,0.37060659735824925,0.26559473997045857,0.49808259664641313,0.14134307311476454,0.17402594787006298,0.22515319240549456,0.3852132806618627,0.06216074126865591,0.48019006430058786,0.16317367323864324,0.16952560470145717,0.07773622710152789,0.3543375163390377,0.23198336985864054,0.11231871281042725,0.15337637611507712,0.2548023797858816,0.5130139502944038,0.13045634770334302,0.1944878770018461,0.2092048099399481,0.3485816197770256,0.2150061738948108,0.2666552387289618,0.4148765810685511,0.2215999997157752,0.17003210966864643,0.3586936423006987,0.16147273056971923,0.2561959478792691,0.05826466441873519,0.6098066471445278,0.15305394971067687,0.16032091248371352,0.08460716089259399,0.3749654342779505,0.6895587652658263,0.14591209397696345,0.2611431410841157,0.09899329622875998,0.504010510736255,0.032562871764393625,0.08798967564843277,0.1829455767714324,0.23013160982671094,0.0526300059244583,0.8476425683025377,0.10049266652734228,0.2138817909722501,0.0841262553809339,0.27443323722020974,0.4668862960350133,0.15254985277929078,0.21174356740678277,0.32042928932819054,0.06584765334521421,1.0000000000000002,0.12902715195458533,0.2526948265866246,0.08372760932671526,0.513096128440719,0.06207249176041171,0.4901313790406388,0.15914939050565202,0.1863912138201772,0.06826605093594615,0.32788036662853476,0.2339840256255309,0.25911860274882537,0.06717643247503324,0.01610587812523463,0.10000475031505074,0.013983264986317509,0.1490351912683642,0.23064982215487795,0.09218160893320648,0.20355278397915344,0.2829975720462867,0.07113448172273625,0.19972794503252514,0.2594743060060376,0.20042941317005716,0.7721708725481242,0.1355431722822859,0.19442807285328279,0.18255992434461135,0.4569823447351409,0.24353354205502165,0.10602538691666913,0.28283351873544416,0.42705692492451364,0.06694646461539382,0.24537166076349667,0.15875219703615162,0.06293421926814022,0.8751903715257443,0.09211403130721299,0.17477738421260652,0.08430835380516169,0.15056752178438723,0.1567432460713523,0.0782893353785615,0.19344797141903114
0.20763698226726907,0.10835254258093423,0.18028375865738008,0.7188396162068873,0.1706524575536994,0.13773798465124554,0.8366723668502253,0.20578922871152383,0.5982387830826237,0.1060303487366725,0.17130375890815,0.15040502289250782,0.8593429215342974,0.2161463998589416,0.5824791535891456,0.10113505263475098,0.13773703391814035,0.14160142737681847,0.855792278029424,0.19808141513518163,0.33942870395517,0.09491551488937283,0.6149465598299431,0.3809753949570939,0.5272968331126288,0.15994017180363482,0.15172890977860826,0.8906296170048128,0.23377460799671995,0.4789103517196023,0.08868949024893263,0.6726179239778682,0.16533491051010196,0.13934962602549486,0.2017170276519969,0.5458565184038027,0.07727106647976952,0.3315232301344796,0.7683326142749494,0.1356989605741425,0.16738501756467855,0.8688853119053344,0.18354972545144482,0.38590144106218666,0.09180721661637645,0.11454440275398922,0.8646974675137492,0.2623800161603562,0.34142638375365697,0.10784708630583086,0.16334068587172312,0.4143473266627656,0.17447280341542934,0.7592589416078751,0.16122187272581193,0.15806706685259736,0.925164597298307,0.302193380810781,0.46435045648622797,0.16709799684454257,0.2046915135478071,0.20774879054880901,0.5708462193745794,0.09759740728788699,0.1702462965367617,0.12902715195458533,0.9999999999999999,0.2639750437788311,0.38368742565325864,0.09955179740273892,0.09978235178807894,0.1283981040183627,0.8270440871800795,0.1870473390285527,0.2957977883922115,0.09444864150862692,0.6123002381443681,0.764885139368946,0.27958556441031496,0.11141215460357895,0.3442351200202019,0.06278664192047449,0.5191770471647945,0.7657553065271603,0.36589875236592706,0.6721774782875628,0.6899402999030042,0.3905992487630653,0.6643986833550626,0.7418175049327604,0.19596267454410637,0.15395759011514568,0.9078849091458044,0.2601498966394656,0.481537773639704,0.09835329402097483,0.25455106410704387,0.4017269450573574,0.1945125344422261,0.1740776045361081,0.3224143895615062,0.21092938120967952,0.5703682720318213,0.1599236051547307,0.202363856783094,0.9291671911859073,0.31974222711474315,0.44713139147859393,0.6224207144238159,0.5246186335812746,0.3429322668224092,0.7363547127746517
0.10067738952660789,0.27007577756837825,0.06303403397963656,0.3185996682445502,0.09545371814370981,0.2123874092000761,0.30679646882660816,0.44328481394386093,0.43207559968375503,0.23841972701125502,0.10358027865700309,0.27070318393412734,0.29695826512711354,0.584387364143623,0.4211450837208948,0.29325823753652525,0.08904174074565269,0.20109418248231292,0.2701700983881492,0.5992854421975083,0.2765345271438593,0.2437333289553262,0.4423868224466416,0.1988713946200168,0.30965055619825577,0.09745379047713326,0.2853125015451927,0.2704571358075972,0.6966902552443409,0.37697437339950757,0.26636255235682776,0.3168041035834182,0.09304698318706708,0.22293664353392226,0.5480794982265279,0.3786979620942295,0.2474935922462232,0.2607531393103307,0.3542411490074752,0.08787049192627235,0.23977171460287316,0.24786685702208053,0.6246836560340268,0.2456090217755577,0.22623554474854368,0.2322173920392509,0.23614394023480254,0.7090598589499642,0.2870956766142034,0.2563580849136272,0.08885040522503825,0.1968695528861525,0.21348973211064004,0.4290194046266561,0.0890393024689653,0.18913941269319806,0.2332566501760241,0.7487476027287591,0.2783281451627632,0.08596105826834383,0.25540827507336694,0.49050542318119195,0.41491524884029063,0.20832181249005965,0.10407701821348642,0.2526948265866246,0.2639750437788311,0.9999999999999999,0.23835607588436195,0.32500565008546284,0.08743607156278366,0.1921754842759118,0.2691994754263467,0.606903719278724,0.23070628497918066,0.2515303602839938,0.4327771606248597,0.4430196229993796,0.09868825824999056,0.04040855566582596,0.15207150798444438,0.015450798638551182,0.3243066945046843,0.4222803117823609,0.21390545254371948,0.4091789425323692,0.40383466571243015,0.17152271071976286,0.3765577353604471,0.4463161230585558,0.10278111108773955,0.2656425075101061,0.2556612694925982,0.6720947482571236,0.3606362385100701,0.2615800395978401,0.11762541171862677,0.20847146740065875,0.10317814199339774,0.0870848174468472,0.18946482118336044,0.1299702934343442,0.28684469350307357,0.09589376428070542,0.19947046537876933,0.24144881729612477,0.7227094533660027,0.24659465519520896,0.38931643043327924,0.246536454308867,0.1899996511923527,0.4159553747494058
0.20075491605348877,0.09522231405862788,0.22719217713413986,0.5236731884050502,0.20555605104656285,0.13778859913705893,0.4603997556978603,0.32846160386993073,0.8382813634386473,0.12366155863143756,0.20013844570059913,0.16314818354137903,0.4603515537263756,0.32931383552786986,0.8557594846815401,0.08983404383833236,0.14653225869747713,0.19915295698767688,0.43683736897051856,0.3121801562055453,0.7994591286005707,0.15363093634389183,0.3563652234179475,0.32596116414051834,0.4098121552812696,0.19406686499166526,0.15529033405331527,0.4372845232789949,0.24998048307185886,0.8944538553559049,0.0591284753731989,0.6004499242388945,0.19400743100030443,0.1682449022440973,0.2818390162067071,0.8588404500140454,0.07085645652942876,0.4797175582663171,0.4852487843476482,0.13557596288609405,0.20306613140554314,0.42736483973036765,0.32031271311164755,0.8329953009890583,0.1616642890430645,0.16122088139823482,0.3851859067021457,0.27833109341865825,0.8139939904227416,0.12695489412514677,0.2754690914523976,0.4487063102963542,0.2577237477424308,0.5634079447044384,0.15676960282632302,0.1214040030196563,0.37655982394892007,0.24271161912992734,0.9170317706072715,0.19203536648133557,0.11382669773212671,0.23696576870213903,0.8211747312834345,0.07202044732754191,0.15951623676021112,0.08372760932671526,0.38368742565325864,0.23835607588436195,1.0,0.07704330314601199,0.12957048348553032,0.187244848426731,0.4244722153990703,0.3189973669844191,0.7547123205470092,0.13302232323645083,0.3623730328615045,0.6584167644418049,0.4479940042425727,0.23746787086177082,0.5586976218646726,0.176838817311924,0.4311092341246783,0.5123380925913822,0.40837301812972165,0.4514597827075713,0.5744468136113827,0.3498433368901806,0.4733417752069231,0.5417179754033505,0.2103472734883264,0.20074046597532666,0.43556646182821757,0.3647888677812847,0.9122846330144523,0.12492315566719606,0.27691300539161,0.3335234344813362,0.3018378392782874,0.24897205314868165,0.3660201482475588,0.30510261608022876,0.39387600421714075,0.16758489744590532,0.10680412452393885,0.3757668889107807,0.1679825339335075,0.9268667020752741,0.3031198232932105,0.6437727044009481,0.4377497722217318,0.4685154374055584
0.03714013859536016,0.10345082753828755,0.023332064538032615,0.1421800481980759,0.044863235361025336,0.49323070021644966,0.12964460418672186,0.1266769242551992,0.2813835022396465,0.6319278059704148,0.04570724011904451,0.5105595451548223,0.12689440626297552,0.17915878642474137,0.2633041306129476,0.7805537061652095,0.03281572061290483,0.2864766808745668,0.13808076472009617,0.22100905825449016,0.07075695938780256,0.7306735770390527,0.12546267698477445,0.06479783585508773,0.08242092144276925,0.045293902666566646,0.6088594318782674,0.1121929389036845,0.18928350170127084,0.23894001806169654,0.8171001759727592,0.15185705662501725,0.03896493978452775,0.505875784262216,0.2417439354080746,0.20373277503443352,0.7792670963047705,0.14310464509968904,0.16783971661472866,0.030565143230004654,0.41322821820980876,0.11610570183853564,0.19461849139286824,0.07205460117501625,0.7124523426225126,0.4727581834927151,0.10915379550455906,0.2886301714451975,0.11062222763312167,0.7640651110783165,0.04576130362498028,0.05001577503385688,0.09267045075935168,0.23290402787043304,0.03256268069199257,0.48761181091835815,0.07120285752441638,0.28554696235563654,0.08281045221877789,0.029240728537447754,0.5527594933343665,0.1744063135737726,0.27778866778185973,0.6303163318148028,0.03378607541132367,0.513096128440719,0.09955179740273892,0.32500565008546284,0.07704330314601199,1.0000000000000002,0.03321357910678108,0.2683077909884994,0.13088359185712345,0.2141082827480218,0.058216020656898015,0.7474200878244002,0.13051930596752412,0.227000207844875,0.04698908172588356,0.019826754241432903,0.1093154345935444,0.018362413840531822,0.11996000021800489,0.22299547773224848,0.1515301802831299,0.20586009459947124,0.22669576672163544,0.11627113357688965,0.20472461497664338,0.23864187192760372,0.04132258778114324,0.4287579331699045,0.11587997175609449,0.17792302892395173,0.22290281207711343,0.8345915241916873,0.12652793788977876,0.04986770916079665,0.14049066331242024,0.12505956400541288,0.09048896714128435,0.2695682168750869,0.1475631789630339,0.03482959051428791,0.4792598112852017,0.08019937660180591,0.23048836927681376,0.055685792738388466,0.05521667424184673,0.1736111432543592,0.13998962596206646,0.1920876220576871
0.062748726069887,0.12652268048715157,0.04066521360455354,0.15952996336294836,0.7091805487555143,0.08013804284203935,0.1339916681294715,0.23118848210201015,0.21377166943873666,0.056747626401413405,0.7082446467086961,0.08903291787462184,0.13733679632703527,0.20019680210845325,0.18412715521415757,0.04436481030514348,0.9825179328213818,0.06527702525652143,0.13080289028234393,0.06561764315783207,0.1576231185436975,0.018444684630297976,0.07757793083208489,0.05230624755180614,0.11770256222081243,0.7565272936564892,0.09365105790670078,0.12233949576486741,0.12187654792943897,0.15396838910942098,0.025078079009541634,0.2357141275334195,0.7122132843170941,0.02024012332988422,0.06079193493170314,0.18505970450703288,0.014925553855512504,0.11587671596857645,0.14680222488652564,0.9625350886308561,0.06617396693734225,0.12164314577388136,0.051554950336213004,0.15424928615587152,0.0157302027651333,0.028697107019049716,0.11755106858377588,0.03938687421740581,0.1522936007611952,0.02332177427688295,0.3140062372364357,0.10586646974704077,0.1351530741555373,0.2093061728638429,0.689102800407078,0.022749447167988213,0.09487698119900294,0.062041257253609025,0.13574880324679164,0.6878000036760543,0.05563444192691009,0.0503402420884205,0.20769237361170095,0.03008712631949746,0.7337720345740293,0.06207249176041171,0.09978235178807894,0.08743607156278366,0.12957048348553032,0.03321357910678108,1.0,0.053569392857854725,0.12467426479032391,0.06528526446005986,0.15437954893903622,0.01695956627572595,0.08061792744351437,0.2577327387948569,0.06536771101439517,0.039407999182720976,0.12332901401591118,0.016395143575361718,0.12332307962037353,0.19342037183967115,0.06091295909123348,0.12945030057244417,0.2588847278826082,0.10760378478957433,0.1413459223553835,0.21605383141462536,0.7497972028555202,0.07791415003086312,0.1202310371644758,0.1357717360968736,0.16945147717119446,0.015798479874747084,0.15053697766793228,0.034383676023600006,0.03059061328562269,0.0349384716454231,0.021430031465458434,0.03960699485840096,0.05898435769315431,0.6840183349106239,0.04712531857923236,0.09296669158006898,0.06913024298664533,0.12787783155177312,0.05036166689978432,0.1631406611955203,0.09085019390664859,0.16047441766031095
0.06435242388226003,0.07658565973935406,0.14095110352721843,0.16754102459001374,0.2692815784415099,0.6035815825386731,0.2519386821610044,0.20545146754047572,0.22553421007137497,0.28847917085042457,0.2691542657872958,0.5963618824847253,0.2236030492715521,0.2549258764790072,0.2290360140183807,0.3375087201900542,0.07611115433142746,0.9159949431159213,0.1377608112326035,0.361573718894872,0.10805527661765071,0.3919599303163062,0.14445061046431845,0.09184797061318206,0.16439915937514454,0.27462009135784915,0.46749762166729936,0.2164947551569017,0.22366505530022085,0.2182700408041493,0.3081404333555316,0.30423340048373204,0.27535064631750295,0.45774632138539223,0.25110397439137544,0.19044602506242325,0.3388169188969464,0.16062353397782328,0.23733472780708598,0.08487891914251114,0.7947857629538919,0.14357747560957873,0.33287835079363487,0.1316254066378204,0.3490190521569519,0.2853799446602957,0.11292163247050117,0.20952715290360632,0.17869397800968484,0.31727665776761954,0.10929998010058631,0.10735774431531186,0.2552152268875321,0.19325220340632443,0.11603617323692493,0.3810194402979474,0.141298824280809,0.1292602934507994,0.216284347679072,0.27695122872739364,0.34431898289141727,0.1520115862571132,0.20975217782468714,0.278264076016413,0.0890067478326535,0.4901313790406388,0.1283981040183627,0.1921754842759118,0.187244848426731,0.2683077909884994,0.053569392857854725,1.0000000000000002,0.13266551189158513,0.3816046154417152,0.08713678057216875,0.3602695463220518,0.15556778976796962,0.25754386537144136,0.1062914555043748,0.045757631032895714,0.18379677153371418,0.04572065525526137,0.1699412114784884,0.21704889925650697,0.09759266067525993,0.1691146184613846,0.3205353749123962,0.18549112413826038,0.2329636734289333,0.23607465357933993,0.22682836687605595,0.758061822088129,0.200296187389353,0.32863252861852776,0.1990487378762864,0.3727598698564817,0.27651683923705844,0.16426335827177296,0.35671672306704494,0.4238450728747727,0.1543983792786319,0.282172418527318,0.15094825222016353,0.1070591273781211,0.4243993689626988,0.13095577074203457,0.12899403613088506,0.20560294129851148,0.09731194261462618,0.21147983027307055,0.10523767505510634,0.18819341075338536
0.22270795650166303,0.1573098221186674,0.3198018538173184,0.5694700750780074,0.18175133343768052,0.15551317442201332,0.7459544138437786,0.22609298633005748,0.606242730648783,0.118507952604492,0.17639845600316661,0.16182721160647853,0.7685903674896536,0.22939978106467665,0.5956363757381822,0.11909306479925649,0.16505741777729838,0.1365947726649593,0.9845136870556856,0.16363786721667833,0.3612630887985675,0.10571565307561138,0.6011473057204293,0.3998605697145098,0.550884834617666,0.16112171976095382,0.1723752284143743,0.7811194773805967,0.2492608107250279,0.5154861931499941,0.09864036485631986,0.6495107279235218,0.16790950524075357,0.1690798971507402,0.23915164354617624,0.5634754291900039,0.08002890324542344,0.40223737214048566,0.613360280073721,0.15273210993121566,0.17724098280796635,0.9596961108962034,0.15708561496006412,0.39061006114816277,0.09649382673438348,0.1436668835305804,0.8878529517116639,0.23682513730384175,0.37376391417466254,0.11416143324805425,0.19067918033058065,0.4811405189586073,0.23659578347002233,0.6648504582948805,0.14606234820859954,0.20045508379532145,0.7222626621977967,0.340403508524184,0.5064900259807684,0.17912819553168124,0.25856956575560575,0.22639580424310843,0.5867562172953293,0.09141389066203998,0.16009751624296914,0.15914939050565202,0.8270440871800795,0.2691994754263467,0.4244722153990703,0.13088359185712345,0.12467426479032391,0.13266551189158513,1.0,0.15182248842066462,0.33282170110429354,0.10213266812780925,0.605359680471966,0.6855482603292348,0.3610264307746438,0.1558050894151314,0.46899919995504735,0.10210048199820274,0.4224708087851446,0.6233991032414112,0.42495883186952144,0.6582091237610038,0.6077748414094648,0.39682559777292065,0.654336846310771,0.6760984866917646,0.19282685191532578,0.1899578050871436,0.8430132938312624,0.2588746492962329,0.5103876678726198,0.10818844145214344,0.30660156486449563,0.42777047937507584,0.24368280292031405,0.24956725624235568,0.380897034784094,0.28281009522485556,0.530957415533946,0.14752400968726204,0.24038687398195824,0.7086320624331494,0.3721168028164992,0.496451401695914,0.5915376554297052,0.48947426398752797,0.40390092628725627,0.6864415447040314
0.14293275201198433,0.21618852621136575,0.036116788698387345,0.3275842938455138,0.15056557046097302,0.28374246469883074,0.2570983697062569,0.6193553993689295,0.4087378962428721,0.2204953393464432,0.15912454498077824,0.3702282880433855,0.24851834718669574,0.7304084047113487,0.4018866607489737,0.2749657089043889,0.07640149153097346,0.4052986590008475,0.15793879926237048,0.9523155336141835,0.2065392147806854,0.3262764236940485,0.31962026012292744,0.13257084356195506,0.1841972606450457,0.16391782767394023,0.2717160556625592,0.22869999494803772,0.7709095837699376,0.3710185146866424,0.24255088720891116,0.33761523125676257,0.13639237588994563,0.29721781299106687,0.7852978059583997,0.346726830752059,0.2798703178449647,0.1676225902342219,0.36342369675411124,0.09802740548739955,0.4139645142153344,0.15487281574804562,0.9053763045805057,0.25032364972502363,0.3082031841997809,0.22494889373388222,0.15155476367006146,0.5912442322466485,0.3394999242118368,0.2991584207672814,0.1059674324851436,0.14434662077232618,0.2162725252356697,0.36653640696210577,0.17011980862014292,0.15222555680423677,0.2001481815850954,0.43924598014632277,0.32483018783157014,0.1343143315330724,0.2039527689763143,0.7347008602054206,0.3798626511762591,0.26718386155891793,0.19092393247811273,0.1863912138201772,0.1870473390285527,0.606903719278724,0.3189973669844191,0.2141082827480218,0.06528526446005986,0.3816046154417152,0.15182248842066462,1.0,0.14757770425361533,0.32260111610836445,0.3179920163703945,0.3874705146671169,0.10783498967038926,0.02609987032327065,0.1129326549120512,0.01514562570418132,0.31777406516095685,0.3879753722132324,0.1736580150545322,0.2493195667852672,0.43077114814972156,0.20567817132283286,0.2796222674035977,0.41572951672266,0.17267141445793055,0.3691226909671605,0.19510174621441742,0.9175847784760702,0.35823128179746533,0.2965503754769872,0.13289470520509455,0.11864903128249628,0.10591393950476787,0.07490985957122788,0.12874606110239104,0.12155884089077859,0.18904466806703293,0.18912795397633828,0.12847451297516427,0.19648984423631807,0.38946779102197415,0.3144154994443635,0.20388029906464084,0.2285102514699557,0.16888204465641732,0.30591023962680386
0.1641271100235489,0.07117349927915105,0.20768483166717305,0.43111203025719264,0.16193830691770636,0.07979461667657778,0.3053218142215538,0.23808805579939926,0.7055047863542829,0.11842693808746817,0.1577945227999646,0.09236248177012084,0.30431068926878024,0.22511700286089792,0.718781211254951,0.07725935151729271,0.15757862771622505,0.09042891845376834,0.33145015678153134,0.14073301275195155,0.9743287203734969,0.052425782161284726,0.26987844887771395,0.3896612333232345,0.40933918540973097,0.14672074407395305,0.09770543910237625,0.28877288600019047,0.14018471103812596,0.7833685601260445,0.04825134458445515,0.46667890802210266,0.14713418623201496,0.10211384212418079,0.15394365053089554,0.7657614020179182,0.04350319565533636,0.3279518901800816,0.3547320538473602,0.1529837300967052,0.08418288522965144,0.32459419020586466,0.1650410479783906,0.9024354659598677,0.04935567353946415,0.05801791327382354,0.3121925334865071,0.22551521788855053,0.7353149408577224,0.062112165429070554,0.23595958541045275,0.3620209403550837,0.21615353585335,0.4019814576053312,0.10907847542950154,0.08293966361084988,0.303042965574562,0.2494322790916088,0.6935920249328474,0.1577740497501936,0.10553281001460889,0.14643204559857384,0.7317678763515787,0.06004622863768194,0.11811367159777408,0.06826605093594615,0.2957977883922115,0.23070628497918066,0.7547123205470092,0.058216020656898015,0.15437954893903622,0.08713678057216875,0.33282170110429354,0.14757770425361533,1.0,0.04673003588126407,0.27711748252865154,0.5291477447999781,0.41071155562152256,0.25604332690557613,0.4876989469520221,0.1970815905810374,0.315920220100267,0.3753552214392003,0.3399479436062148,0.3418934116005843,0.35785972681954253,0.2977008539008542,0.34633996099681386,0.3126013277017046,0.1535954886989846,0.10224166734144899,0.29689685416471845,0.18464795292348804,0.7963155722399016,0.04338159048327901,0.1404017708152175,0.1698390644119484,0.17989899216893218,0.12714965654306165,0.15290542297211934,0.11258311486301423,0.253839978306578,0.11168846556922153,0.08393138303853251,0.30148845782682077,0.17532740324858295,0.669051215632567,0.27836283388025923,0.6079052418275809,0.3295097596313957,0.3376858583907386
0.036789774842976956,0.022015448631715208,0.04618334984934249,0.16298575290244294,0.04026696265543862,0.5702339638075774,0.14369638272011656,0.17690243309312664,0.23931991274570258,0.687885536085533,0.04234140938091539,0.6202967994883664,0.14110351318896638,0.23415625437569604,0.2200833158565023,0.8315256371671313,0.025903079732428277,0.37095337807736656,0.10332937727250445,0.2923374263407742,0.06616637344884116,0.9880178093221346,0.0846519459738257,0.04145806376041608,0.09777347719539467,0.044266079800098806,0.6671847263475493,0.12728952906433796,0.22106155397279703,0.18567463050176697,0.8401406391821382,0.15962256388976892,0.029782782732449522,0.590899132418142,0.34175287054288067,0.17896381354967042,0.876216788108382,0.12425966860264435,0.21041864689181633,0.033313145572736236,0.4602165827593985,0.0815341570324434,0.2823358125482661,0.07339233128634719,0.9702859308726943,0.3483781417998479,0.08571043808035911,0.27904783461909566,0.15738463240784545,0.8776089594397053,0.05756391739514623,0.08092603723595697,0.07311563023106687,0.3068454021449087,0.09072316249450067,0.3222723730059539,0.06761635916364343,0.20000393256659088,0.1267460330302031,0.03157656623304795,0.5758695375195023,0.22030756677085372,0.21675509571531815,0.7103807991029522,0.09254387985538218,0.32788036662853476,0.09444864150862692,0.2515303602839938,0.13302232323645083,0.7474200878244002,0.01695956627572595,0.3602695463220518,0.10213266812780925,0.32260111610836445,0.04673003588126407,0.9999999999999999,0.08897491962252811,0.2517639096322077,0.0866449532003107,0.04116118774535857,0.08868613818388774,0.030084881003220956,0.16689439797630548,0.2823885396311361,0.07677979130464266,0.14691935781989027,0.2681696856825924,0.04194842680623011,0.16551932450471707,0.2403794683020061,0.06463848004759554,0.4410206652483162,0.11510289924815281,0.27661623511723166,0.17631818905752022,0.9637545243778043,0.14880672139362988,0.05629587599571584,0.15095300458780803,0.1207781674467708,0.09872951252906356,0.2808984048616921,0.19228527129333525,0.09331296286797772,0.307367357182144,0.06397875556261919,0.20058249324880512,0.09865496234503722,0.04885739862717579,0.2165684727080703,0.057339777319909836,0.15983714214953776
0.40050264975541794,0.18481613988192014,0.23418320235918524,0.5770209875029965,0.15012467512732303,0.24488980029514393,0.5604189234896811,0.3182459056318388,0.5400660867114261,0.1371619505983577,0.15269502591633927,0.26322378766433113,0.5579384094914077,0.3219149882415924,0.5216731589800457,0.1264794639582132,0.10098432090207396,0.19407940201428353,0.6099273902929159,0.3251821440791119,0.3174669806276288,0.08850013270556595,0.9893928917209183,0.5616826762128844,0.5772479741831262,0.14070333772185806,0.2492400865724835,0.5710916968806773,0.39170541469515874,0.46204291371925443,0.09118344796756875,0.6427349639773692,0.13956222045345082,0.2189766980878878,0.3229068239555793,0.4831600315554929,0.07991251709301815,0.3879595551302929,0.6330882739961595,0.10211945235266878,0.2331880043566864,0.5963538150639542,0.3319346716357944,0.335336917750232,0.0833303862525049,0.29546199398361594,0.6126787767084888,0.47798589746480613,0.31622846353006395,0.14280688972156777,0.14656654835582897,0.48365780109781314,0.23076461611200477,0.6773663792056759,0.12048947234315238,0.2560054047979398,0.5789334107097441,0.41608923276179954,0.41984074889248296,0.14299962592180893,0.27302656500174577,0.30209052077973647,0.5147640759622308,0.11838750349435626,0.14227796461165376,0.2339840256255309,0.6123002381443681,0.4327771606248597,0.3623730328615045,0.13051930596752412,0.08061792744351437,0.15556778976796962,0.605359680471966,0.3179920163703945,0.27711748252865154,0.08897491962252811,1.0,0.713171566254949,0.25826491663829915,0.14516607968752734,0.3037636609190831,0.10007346985579083,0.45388991746117935,0.6810602543929201,0.564769218217205,0.7343682740980318,0.5365233563084427,0.5661846874133281,0.771697486608935,0.6144525086093933,0.1644868488001605,0.2867024018637364,0.5700887393105722,0.37981415175996186,0.41180945394282975,0.10697957498273296,0.25102877257848666,0.4751041727123757,0.220382615495722,0.08797083141007153,0.28297287382700914,0.13448402418265912,0.690082193952097,0.1334196524767563,0.2571160980861522,0.5838997745217204,0.34262802569308487,0.41446569259530214,0.8092999487638393,0.39482332723367286,0.5307336730784791,0.7443893580262426
0.33873628721795657,0.18599199255153015,0.18033445140639526,0.8426662877531295,0.33532760427020436,0.31364733711274184,0.7640359632989677,0.3706654210048951,0.8348591428932473,0.24564631267568082,0.3323670318945221,0.33775330002215775,0.7666652869891882,0.40299510477242784,0.8192670930541031,0.2441942379910953,0.2888702559073887,0.29322186515077775,0.7051342844731283,0.3893075937260198,0.5807351649344333,0.25787736259459676,0.7171563293433816,0.46909551840825137,0.6374690917971391,0.33073859308388465,0.3230625788302923,0.7615833378303911,0.3803422697482056,0.7444346184763535,0.21900710218060943,0.8221492585325861,0.32183914753066045,0.3109773403953174,0.3742028449977012,0.7730533867846798,0.22075036628133507,0.48621632084424765,0.8102291487229283,0.2869881879321413,0.3295842426985377,0.6970140601223745,0.39679403772210997,0.6204687913729997,0.25343883590358,0.26619189700515267,0.6885929923638655,0.44070058055702904,0.5765667900827292,0.25446461441565615,0.22051312780405635,0.4803196702310698,0.2985437578868708,0.8962215764959569,0.3129286358593543,0.26083229175419803,0.7207092827971693,0.4138950003967742,0.6910919079836597,0.3158756553771499,0.3171327974332251,0.3251766545522972,0.7929188566409056,0.2251408570249604,0.32378382370727726,0.25911860274882537,0.764885139368946,0.4430196229993796,0.6584167644418049,0.227000207844875,0.2577327387948569,0.25754386537144136,0.6855482603292348,0.3874705146671169,0.5291477447999781,0.2517639096322077,0.713171566254949,1.0000000000000002,0.3321447953655382,0.1746558433458575,0.41183011049950413,0.1239977427174198,0.572302094094306,0.919392011657291,0.5044300817214389,0.7525976586523103,0.8363341062999268,0.4871440481070997,0.7911637793262647,0.840627385587025,0.3612028217671286,0.33537328382910975,0.7422854812939899,0.4583744505077996,0.7346998629544792,0.25606338695334546,0.3575807294936892,0.5171790221103598,0.2918441340603357,0.20721712863897584,0.36617549964075335,0.2615687710604427,0.6723093086449834,0.3127232646266332,0.29879713624751214,0.7228301132416193,0.3992744564313063,0.6808689781982151,0.6850767939048297,0.6665922171749169,0.49362172086519324,0.8199033539908768
0.2601431697602167,0.09060871914488888,0.485923205560124,0.19436646341818234,0.10361826343038928,0.06593175633122371,0.4493410120572458,0.12110078799825048,0.4786513176095002,0.042813318274104326,0.10511893192779484,0.08439581780805182,0.4341612386249899,0.10470910778468023,0.49318649691520433,0.05419932740724142,0.08933153076443706,0.08603249472009103,0.3753078125484117,0.10397259565663072,0.407557335867419,0.08858917556646939,0.2533946822793418,0.19655314551255793,0.22220135788830975,0.1043973136592597,0.08351964501347814,0.40720003058123755,0.11640180728954061,0.48409839762894513,0.04256071095635612,0.45607231566036255,0.09553128421312626,0.08532690639522432,0.15876356030893707,0.5022579014606501,0.07397162970240609,0.465147188602124,0.30785824610612667,0.08598399585300416,0.10708151494610818,0.3641678882137316,0.1177776695794052,0.38387067141479186,0.08843991036409381,0.09300826645304676,0.3468564297001838,0.20664170288585987,0.3898455879314389,0.10761432688462405,0.1758251969041344,0.39796577251976456,0.5012680266442429,0.24200537968262592,0.10528546631087218,0.0441229482575129,0.3165542695284382,0.16147267254425177,0.4411224426668472,0.10272389532955475,0.10526308068246276,0.09690826479118098,0.5170304393594097,0.08050789280277348,0.11962911818661179,0.06717643247503324,0.27958556441031496,0.09868825824999056,0.4479940042425727,0.04698908172588356,0.06536771101439517,0.1062914555043748,0.3610264307746438,0.10783498967038926,0.41071155562152256,0.0866449532003107,0.25826491663829915,0.3321447953655382,0.9999999999999999,0.6044538959963824,0.7433617433796701,0.5234000675724366,0.4479479651911644,0.13147609929376933,0.20309255619772326,0.25313016862082927,0.3993233106823318,0.23374854912202198,0.31520920955681103,0.3687717210709604,0.12714218763781224,0.0980671435205121,0.4379052216009275,0.172518078911616,0.5227250134248121,0.07144227457565255,0.2368288108001081,0.28516105740498565,0.2313413858646518,0.20523000258871235,0.46250241930398167,0.32873223690085446,0.37481117471227066,0.11111447612779715,0.03130214445977565,0.31932358189635135,0.10017288218391647,0.46662407513236415,0.23491894096066568,0.611553900556612,0.21001809941763785,0.2608781660961006
0.37816513324280976,0.06920254237157067,0.28405987329169796,0.08924452328963789,0.03866448852182873,0.027519973252517566,0.19240357317033902,0.05116980492305582,0.24900024660131506,0.018799246293360765,0.04149899455055385,0.03857679565236883,0.188576697742425,0.039664045348521096,0.23533202583680723,0.021240234876057983,0.04216300612021333,0.040585632223754636,0.15526544554460686,0.024805509932573383,0.25120580005476567,0.03765564901988318,0.1480428867577191,0.1125293315119166,0.13264423238954498,0.04175057921786933,0.047014591471147206,0.17394049228163297,0.06533175880848485,0.24246038146910273,0.022802602545911255,0.24836205757182633,0.040273056803907026,0.04737343335284681,0.07170710491935944,0.22639927934070767,0.03201982377220623,0.22137841590456878,0.13276585347433356,0.037648368457440594,0.029350118826800393,0.14871835708913916,0.024175180399894042,0.23262277531382453,0.04671051345440782,0.027281168243098994,0.14122727399721743,0.13235318978779043,0.20036658478054037,0.06054477974833642,0.06139123097279908,0.24660468218294188,0.6421967725264078,0.08388233487156861,0.04206121424928598,0.01993951573418611,0.12692180108382362,0.11559635964398476,0.23285896381507545,0.03760183697933551,0.046169421342530145,0.05547832196671532,0.23887454145562004,0.03210463302196745,0.03969768973855599,0.01610587812523463,0.11141215460357895,0.04040855566582596,0.23746787086177082,0.019826754241432903,0.039407999182720976,0.045757631032895714,0.1558050894151314,0.02609987032327065,0.25604332690557613,0.04116118774535857,0.14516607968752734,0.1746558433458575,0.6044538959963824,1.0,0.31391725126910985,0.9497424954666823,0.2270560749926043,0.06104750799583831,0.11183580569524698,0.14253139893284153,0.16555538628339164,0.10841579725138668,0.1688479214289123,0.15928262928011,0.048130225287161155,0.041049322301954766,0.17626290142997147,0.06909841528506493,0.26426071587523275,0.03609832539325378,0.0919406893580092,0.24344368171006991,0.10238742402345806,0.11434087887180469,0.2530743090871671,0.24306485023774715,0.29080565751342324,0.03771606885051108,0.022728663837118496,0.12233837794724749,0.08313199592413392,0.23717546066736767,0.15909235677737105,0.34826078942935257,0.11834261674330503,0.13111374980695528
0.20830375536694198,0.07418077460436516,0.6870259305693431,0.2890987760801793,0.1409033387604925,0.09089925586393464,0.5839765901125625,0.14293784528905457,0.5484594871737911,0.07580057214648327,0.13496485227778082,0.10442212797346948,0.5716770817741377,0.13339699119150394,0.574649762493497,0.08691630975474915,0.15050853262258204,0.1429655473944719,0.4711855697330853,0.11645872723140772,0.4837622409237602,0.08560557440323009,0.2789647586844277,0.27879991856385333,0.29735464446973003,0.130043080414702,0.12169156063496891,0.5326115456312349,0.131463562257501,0.566602208956671,0.06670975941506962,0.5287899250249714,0.11980621538967613,0.1161611573963833,0.18335729066630427,0.5941459409147141,0.08534526722984051,0.533677281257534,0.34264449109332634,0.1197087276569661,0.15388630934667424,0.4458693729850529,0.12017623619402573,0.4677554491585906,0.07952124894112816,0.10814162322979365,0.4141106416313378,0.15794678245197072,0.47183863064569026,0.08719627547889243,0.28382232611474956,0.4657067626825969,0.2962849365281142,0.28357733144975805,0.10524290709006724,0.10443638750186177,0.37659616455821177,0.16154579204630035,0.5558381367684029,0.13219601856797153,0.15256033122101864,0.09536957457229359,0.6192460918823468,0.10580008955298668,0.10894394225993548,0.10000475031505074,0.3442351200202019,0.15207150798444438,0.5586976218646726,0.1093154345935444,0.12332901401591118,0.18379677153371418,0.46899919995504735,0.1129326549120512,0.4876989469520221,0.08868613818388774,0.3037636609190831,0.41183011049950413,0.7433617433796701,0.31391725126910985,0.9999999999999999,0.23776564245978885,0.410688573731217,0.1640677912248823,0.2982966069786737,0.3104314586634253,0.4782619779993516,0.33849001850528315,0.3892646887707831,0.46322746531634945,0.14716060777359047,0.14557076705648725,0.5603031158854832,0.1923974287061287,0.6118046404114705,0.09687508728222802,0.38859008633178005,0.3843800066726379,0.40175832545144463,0.33069685169606167,0.5443229275753425,0.46988706725019314,0.33196423379396944,0.10167034569937874,0.10127340693665472,0.38162447630755697,0.11687306592643723,0.5655896699688139,0.2705561826137823,0.6504798836259037,0.30239714574282994,0.3221080200839629
0.3819523887969488,0.07574204495752553,0.2427880363567032,0.042841628467250134,0.021671829139013634,0.018790971280164784,0.1444997353271027,0.025452134894275943,0.17795485187887036,0.015268063252162314,0.021964083925955582,0.026771269826146294,0.14211416892880566,0.009856934862525486,0.16505097644418892,0.01614090842419384,0.018711482477169455,0.030340828287796193,0.0994646321812843,0.014816174875956774,0.188919914575877,0.02855520200106564,0.1032754473787127,0.07041171871524722,0.08207664943531369,0.020006655831463285,0.028359340571680082,0.12947547387767797,0.03838400708245666,0.1749302660401067,0.018249758354001437,0.1954529970185464,0.023863580201594382,0.03482754325792119,0.034083111247142084,0.1563756115097755,0.02639785401247525,0.17819986377860297,0.0938671416270413,0.015028606449733563,0.01755676965625838,0.09146934359952343,0.010821255629041796,0.1734938500505406,0.03581708540894708,0.01056235256293252,0.08776553277956342,0.09714365166122609,0.14562766864420137,0.042336321269935945,0.04039251545974114,0.19489138863700858,0.640320023749718,0.031295894049884976,0.017202368334580838,0.009756739181642826,0.08424692164946984,0.08423650872156568,0.16576126650433404,0.018729801180829175,0.034556515236262596,0.03434338510870503,0.16118070018981293,0.025875304985887162,0.011537355221452661,0.013983264986317509,0.06278664192047449,0.015450798638551182,0.176838817311924,0.018362413840531822,0.016395143575361718,0.04572065525526137,0.10210048199820274,0.01514562570418132,0.1970815905810374,0.030084881003220956,0.10007346985579083,0.1239977427174198,0.5234000675724366,0.9497424954666823,0.23776564245978885,1.0,0.1364830066502604,0.02704228982048585,0.07272181305177382,0.0953275775570617,0.1199016592286027,0.07030204050790391,0.12330619651625216,0.10969707403584826,0.021883273973435622,0.02563327506743454,0.13163248885048867,0.039599255901989386,0.19041733938110683,0.026677321643074518,0.07319491638554708,0.21674240755339133,0.09185318858268397,0.10430437230649206,0.23517044285722782,0.20710863483017083,0.22102093151126437,0.012790762149048243,0.012594114296103924,0.07496748155738078,0.05850430180688137,0.17181378107549755,0.11923361242318774,0.27895171091167004,0.08344259880040482,0.08387044917954842
0.21162416017949776,0.07535302610235262,0.08399668606274074,0.546507945746777,0.20444022609014867,0.1886019721126999,0.5807554450105876,0.22389160117590134,0.5510241646577686,0.17519005635739354,0.2125356194922945,0.20712490336344933,0.5720210710657759,0.254686995068813,0.535562165445806,0.18747863151721245,0.14394835449663668,0.19927774797333947,0.4507482925994528,0.3118433620931296,0.35140579916643044,0.166961884381996,0.46710691542088906,0.24104197443954944,0.344157155873521,0.21758659236671882,0.23981601136544645,0.566014080105384,0.259028463422093,0.4480932016367317,0.15620477340554156,0.49281280460494725,0.19439597958656973,0.17502703278268555,0.22774827797919114,0.5126180163314675,0.1552880785644937,0.2893292723856712,0.5242161025333945,0.1493122437725794,0.22501360974936074,0.45079246438247766,0.29061971562581723,0.3370323512442829,0.1695265151662776,0.21023247832864278,0.4269783761556875,0.34957359006777045,0.32481252270931427,0.20583163760674336,0.09005156491801708,0.29482398928605114,0.2611968244392749,0.5753309410179115,0.21532995557989484,0.16128139312860712,0.49604689516283973,0.29158968339223024,0.5100708491030996,0.18241493950944776,0.17174814449532105,0.2182480219453704,0.5679991572311094,0.1402292331148707,0.22747199750005995,0.1490351912683642,0.5191770471647945,0.3243066945046843,0.4311092341246783,0.11996000021800489,0.12332307962037353,0.1699412114784884,0.4224708087851446,0.31777406516095685,0.315920220100267,0.16689439797630548,0.45388991746117935,0.572302094094306,0.4479479651911644,0.2270560749926043,0.410688573731217,0.1364830066502604,0.9999999999999998,0.543148970220026,0.24493284380786806,0.44873132453104725,0.5759380767890794,0.27931248516256785,0.4452497878298265,0.6259413327325025,0.23252623542651402,0.2160832194095871,0.5495487159740771,0.36139387763674496,0.5042221815272567,0.1707143232108293,0.3456725108593546,0.34269322126012147,0.25958960685442395,0.21654810094158708,0.386558939870587,0.31711847725885994,0.42453349824725584,0.2210495532638374,0.15648216669966827,0.5244099552723025,0.2409861732727523,0.5146636152547227,0.4558836832998363,0.5833053561978182,0.23316328534565525,0.4925941815831816
0.2797211579131067,0.06972440023701047,0.015866098646020968,0.8530365449121251,0.2764699924277947,0.3254816855655289,0.6986631468092158,0.3666091734378351,0.7212604654216758,0.28046796272228425,0.27456848654279226,0.34443082698446187,0.7016222655656333,0.41041030892193775,0.6944534805675223,0.2771229272481824,0.21592850171832104,0.26676949991786164,0.6458227961745757,0.38358697457955937,0.44039529214804984,0.28937914415411775,0.6913919028478079,0.3848974828286411,0.5667648872672428,0.2755660074020629,0.3260381862873768,0.7101081998222911,0.37042205824427876,0.5945030869400945,0.24840065261120403,0.738147817859066,0.2745574139157861,0.29569560222905983,0.34857895632291347,0.619674853502808,0.2417225842592035,0.3247816931973821,0.7911336384636031,0.22156469387688443,0.32299659381422785,0.6393356319925807,0.3881483273074593,0.4907059455997871,0.2884281358845779,0.24137690712511686,0.6410032108489685,0.3843674589558844,0.47959778569334227,0.27193717889508645,0.1691620651983528,0.3665041597825216,0.13104892372029597,0.9213802845202859,0.2795399928691018,0.2592210221598746,0.6862330680857498,0.39059604858658364,0.5712916892896353,0.25688953230482686,0.3081120971591501,0.32601821476008724,0.6565755375057103,0.22352846662437575,0.28547769013176294,0.23064982215487795,0.7657553065271603,0.4222803117823609,0.5123380925913822,0.22299547773224848,0.19342037183967115,0.21704889925650697,0.6233991032414112,0.3879753722132324,0.3753552214392003,0.2823885396311361,0.6810602543929201,0.919392011657291,0.13147609929376933,0.06104750799583831,0.1640677912248823,0.02704228982048585,0.543148970220026,1.0000000000000002,0.3727508203997675,0.7064671718101804,0.7834209014167921,0.37125995903997583,0.729941088948479,0.8040564991954713,0.3021716071276668,0.3175918715016369,0.6812879063567698,0.4383540782794917,0.5720596553622272,0.2797390782355965,0.31785484282214727,0.4862875696795329,0.2246027914255192,0.12688309568693532,0.2818726292057389,0.16315543554423262,0.6596441857580884,0.2836511212672076,0.2976193625357735,0.6945622397871464,0.39221098089268425,0.5503675129253454,0.6734407783207476,0.5406115099004328,0.3458738675625941,0.8008765048268748
0.3963242873693588,0.22412243395498788,0.16413006079201142,0.34903664512168675,0.07913048779232885,0.11327099040190665,0.34698694336746894,0.16518379245027942,0.4768051639454951,0.06149557848469895,0.07774385440601804,0.11502522542770202,0.35548712448021264,0.18444541808504925,0.4699959091853756,0.07633591650126184,0.07903977320796954,0.11742563923865876,0.4241757558584106,0.20772555011322352,0.3876735125808903,0.07972375542573018,0.5537006381218625,0.7449142260924394,0.46527727427111165,0.07822714235983691,0.10695388276810347,0.3499020970900505,0.22689103944881692,0.48355151492821397,0.06381889673724028,0.4952054872828119,0.07622570154255365,0.11376507726291016,0.20340063971038055,0.4678870782439375,0.057291043236646216,0.3406525276445198,0.36002492313836537,0.07200475819479954,0.1172473704296157,0.40130951576199303,0.2061168961567142,0.39297449931614703,0.0758947609525655,0.08787868765765941,0.39266740798549243,0.245342844214186,0.27484068318019184,0.08624386470177106,0.12634447102720225,0.33450835946335145,0.2925282339878534,0.3604192956878044,0.07143876455718892,0.07830449661213731,0.3553753399224242,0.18782339378567886,0.41874889284976635,0.07308019452996012,0.14876715680726624,0.19849798368146793,0.47031788166415667,0.07165109966625172,0.0830909122410051,0.09218160893320648,0.36589875236592706,0.21390545254371948,0.40837301812972165,0.1515301802831299,0.06091295909123348,0.09759266067525993,0.42495883186952144,0.1736580150545322,0.3399479436062148,0.07677979130464266,0.564769218217205,0.5044300817214389,0.20309255619772326,0.11183580569524698,0.2982966069786737,0.07272181305177382,0.24493284380786806,0.3727508203997675,1.0,0.541629861459043,0.3286608940423444,0.8389879306329461,0.5695122449459538,0.38686173555318504,0.09119553579394192,0.10467319565041765,0.3512754960856995,0.20375792758741168,0.43545804268789834,0.08462500867922172,0.14817905322114458,0.27006997832689866,0.11906206309317291,0.0855216891530239,0.16002937976030104,0.09930132822928413,0.373758480266463,0.07220536694912448,0.09320797272257239,0.372087159872397,0.16269448695891697,0.4252626661139536,0.4637970743003945,0.18307741328690838,0.9446112369395692,0.5111133954005543
0.2461131242944887,0.181767553089017,0.1987278294816105,0.532563322886104,0.1586374454469754,0.22891841751330588,0.5924362916568652,0.2965680868086138,0.6254896967854129,0.12672136516231883,0.16103769552004873,0.25583677596962046,0.5937911717382331,0.3104134794802957,0.6191518950222337,0.13724260603016708,0.15698540739296812,0.20304801693713279,0.6627215017071549,0.26703476091540423,0.40198997928166935,0.1535007673959927,0.75073055122365,0.48029233979084984,0.741456397989684,0.15951165405069956,0.2405858296220167,0.5939491612744505,0.3554847833884208,0.6030724593560464,0.13488478973669388,0.5684654715152662,0.1541141898801038,0.22293979111473144,0.2907957626929484,0.5477206276903245,0.12289945822971915,0.4101555654528483,0.6595327104349429,0.14741358445996217,0.2465757784695668,0.6540965834331001,0.2834834174304419,0.4441170360686649,0.14675980424845558,0.20934642095016043,0.6660122296567108,0.37438539129358606,0.3658801020216342,0.15549953507685335,0.14606666534633045,0.44220112449142135,0.24268642317708009,0.730177272424134,0.15864366853380332,0.20606504527007133,0.5956018404609357,0.3523235035183921,0.5316017376702569,0.14691570187498906,0.23497457241381364,0.26531987165764714,0.5402012221066843,0.13473029663888436,0.17250518777590257,0.20355278397915344,0.6721774782875628,0.4091789425323692,0.4514597827075713,0.20586009459947124,0.12945030057244417,0.1691146184613846,0.6582091237610038,0.2493195667852672,0.3418934116005843,0.14691935781989027,0.7343682740980318,0.7525976586523103,0.25313016862082927,0.14253139893284153,0.3104314586634253,0.0953275775570617,0.44873132453104725,0.7064671718101804,0.541629861459043,1.0,0.5893993251112167,0.44260283733200795,0.8697197048410934,0.6622031817470487,0.18354721163989396,0.255183967735512,0.6135253762870747,0.3356459296739943,0.5333486386046797,0.16501740515461794,0.3076297214334133,0.5327137878363948,0.21744161265764905,0.1513486510757815,0.3348118593584948,0.1675875021565735,0.7212429798906239,0.1561332852253765,0.25843812383332326,0.5919843976054824,0.38082395377934586,0.5134826142593489,0.7458932992471088,0.3172428826460435,0.4843901046111925,0.9433459863936107
0.21820613419559656,0.18615888769055142,0.28655255548447434,0.7415903386536287,0.400163667107898,0.304354082903164,0.8187366708540023,0.37795314850698836,0.7522546333796103,0.24754211291899728,0.4041655565225827,0.3323432542121015,0.812321133814798,0.42891704527205815,0.7445438011987233,0.26467067912273345,0.3048838020775846,0.34057327691901107,0.63291286415133,0.4250336009258954,0.42031305593822876,0.2790925903883666,0.5327842386702841,0.2940206865825353,0.4582444837582155,0.3927533908451787,0.2994569084662379,0.79586677682546,0.4132694633941722,0.6420521638018736,0.2321246640959957,0.7489450673828144,0.39028096718080163,0.27896497692482636,0.43452544273787347,0.6815099998262266,0.2456444479931158,0.4929209172583383,0.7721150269864919,0.30243689680379887,0.38378287408568845,0.6225978810382319,0.42771356841388,0.4679203078826225,0.2773469705299796,0.2949359565448677,0.5975237895280983,0.38839593006846224,0.5002588921091482,0.2717704136233922,0.2639286099028189,0.45944725659827945,0.3122302209406525,0.7913321123840125,0.3763617635495915,0.26594588703069555,0.6577178090217228,0.34058014381975465,0.6140389007644498,0.38436245073902864,0.29215208640105844,0.337555377884593,0.7223045479350819,0.23167279827730455,0.3898907696266971,0.2829975720462867,0.6899402999030042,0.40383466571243015,0.5744468136113827,0.22669576672163544,0.2588847278826082,0.3205353749123962,0.6077748414094648,0.43077114814972156,0.35785972681954253,0.2681696856825924,0.5365233563084427,0.8363341062999268,0.3993233106823318,0.16555538628339164,0.4782619779993516,0.1199016592286027,0.5759380767890794,0.7834209014167921,0.3286608940423444,0.5893993251112167,1.0000000000000002,0.3638283931411399,0.6418502914988141,0.9021275635736824,0.42554926205636784,0.36436472888195903,0.7648021779750748,0.49740363710405877,0.6620478176795344,0.27665749320993405,0.4359768398462337,0.4515870335991645,0.35611157461567355,0.26682385812216397,0.3906788454246467,0.33829024223227283,0.5372709063892377,0.3824842407095969,0.28054055906198655,0.6693407867802291,0.33839711623369334,0.6078543106351473,0.4903845114517873,0.5656076883368355,0.3421232804889438,0.6765871715392007
0.4000165173382393,0.19578349723451066,0.17169994865710017,0.37366168166357755,0.1650873726125882,0.11112592920879313,0.40214041140616086,0.1431143030860542,0.4440541682202981,0.029740231314770642,0.16209349485938013,0.09821048522569475,0.40931419424268833,0.14870252676840626,0.4322057934369427,0.04663852377314102,0.14261606483881709,0.1921944698148501,0.39765077377177005,0.2488787002062462,0.3471575774717891,0.047841133814142574,0.5439482793889008,0.6924019508009098,0.4016934124542997,0.1661175580170318,0.09352825411588525,0.40218190663288855,0.17441069778532273,0.4236832660730915,0.04554175406091596,0.6077007704686055,0.15857142479483874,0.07640900889412791,0.17929913917825302,0.4467570541288249,0.03974370642509978,0.3228871594337258,0.3711298206477384,0.14787868087625994,0.1582133972865717,0.39523906585645646,0.2297667964368995,0.3460495578292881,0.04048542461035075,0.11940150427779167,0.38517863855381085,0.2676160150432471,0.23523602935530397,0.08026187507552238,0.16894847902509436,0.3152981577361235,0.2851422269589499,0.34644447795783945,0.146810152745251,0.08643747882476872,0.40391477840376955,0.15092788463416312,0.35006362945331326,0.16343150316332614,0.11229584232492479,0.1666125594626465,0.4823687993829823,0.06994467236663338,0.15380159666853754,0.07113448172273625,0.3905992487630653,0.17152271071976286,0.3498433368901806,0.11627113357688965,0.10760378478957433,0.18549112413826038,0.39682559777292065,0.20567817132283286,0.2977008539008542,0.04194842680623011,0.5661846874133281,0.4871440481070997,0.23374854912202198,0.10841579725138668,0.33849001850528315,0.07030204050790391,0.27931248516256785,0.37125995903997583,0.8389879306329461,0.44260283733200795,0.3638283931411399,1.0,0.577921679749854,0.37029962453801835,0.17602300818472266,0.12521826374173162,0.40295632967963174,0.21765533845710333,0.39394803102867737,0.059470677191223884,0.12674798829875236,0.22790910221977934,0.11022194740811159,0.1103077118845372,0.19155190624548668,0.1270572576654012,0.366270129791042,0.1478676347675569,0.08491669199417737,0.41370398752294646,0.11384730668311584,0.36619135091704486,0.39973943105021936,0.26855000455938494,0.8396396877296759,0.44426372534567626
0.400153314999708,0.23764075625494624,0.23986853142558323,0.6345938892750238,0.19401338912719102,0.27556338066823977,0.6517651761803219,0.2962099978010966,0.6420176781238772,0.15182737709668323,0.19733591230544945,0.2862810777285115,0.6474368173062919,0.30648308928637047,0.6259378119923412,0.1645414049935529,0.1780639816141739,0.2406456976914515,0.6683772799806912,0.27991524598103223,0.3987085206449818,0.1673014021867919,0.7726010324832178,0.4654822330437095,0.6671407131756881,0.19130565021798973,0.27184151061832607,0.6401226940955322,0.34147644468191485,0.5910162024434527,0.14803113700220458,0.7200853412573541,0.19021583013920643,0.24742137827363023,0.35034320829327537,0.5694743362845668,0.15187929913659193,0.4602021392260026,0.6967026003782398,0.1639243626748223,0.27356611759558086,0.6553250296573503,0.28303441413220565,0.432539595638168,0.15798664977996046,0.20432605244732288,0.658493531970447,0.3778308827515982,0.36442853457258084,0.16778424208780698,0.2136769811746927,0.42969375144407235,0.3036814766319583,0.7187304062200799,0.18812976371039725,0.19581240789825163,0.6213437740847303,0.33249422478501195,0.5419233588341357,0.1888504738681222,0.27485231681412897,0.28664822354655356,0.5974625843573118,0.17884583662818604,0.19842745828914599,0.19972794503252514,0.6643986833550626,0.3765577353604471,0.4733417752069231,0.20472461497664338,0.1413459223553835,0.2329636734289333,0.654336846310771,0.2796222674035977,0.34633996099681386,0.16551932450471707,0.771697486608935,0.7911637793262647,0.31520920955681103,0.1688479214289123,0.3892646887707831,0.12330619651625216,0.4452497878298265,0.729941088948479,0.5695122449459538,0.8697197048410934,0.6418502914988141,0.577921679749854,1.0,0.6640527075903486,0.22063282780863464,0.2842196284407754,0.6475772784521332,0.3492543360293054,0.5396258007337644,0.18390804869647503,0.31278997846825246,0.48773274992286064,0.24231397901921295,0.1659395485729342,0.3387852447415961,0.19551459208125302,0.6725877877806072,0.19071028527717632,0.24073924290935617,0.6208145591306395,0.3322327713292682,0.5325594970599558,0.7054535707890638,0.405795927567855,0.5480431364625196,0.9036556170179149
0.23214194365715912,0.19506742757443798,0.26821501664184,0.7216421676304436,0.30664566443485675,0.2606908872412218,0.8307298025250839,0.3961970131698702,0.7578790620961398,0.25243229399599976,0.31294737128465555,0.28420856499359126,0.8314886816643146,0.4370863153516261,0.7433527585530659,0.252860049575527,0.24872384745781365,0.2660984490361227,0.6978727390162942,0.4320028181249166,0.38761009612532366,0.24741266691148506,0.6191157117061832,0.3408668948993824,0.501070061291415,0.3072130442468811,0.2738515183859367,0.8184500334911471,0.42394665240097223,0.6189189929691936,0.20087581618306852,0.7352327842922217,0.3036165092098394,0.24702941144889984,0.4077767363209781,0.677522395706226,0.20425730867797126,0.4927761131872426,0.7476598444957159,0.24208185844835656,0.3188354612026625,0.6843344146674111,0.4178543125104054,0.4533304692416754,0.25168694488143084,0.2994606604441383,0.631135127657671,0.42175182905823394,0.49272120399201047,0.2509173861951184,0.20247482396813332,0.44487808457094014,0.3002046481015387,0.8204491872138981,0.31455349391752796,0.283564566949287,0.688938672701317,0.4234298390007166,0.6006344280996548,0.2919259816536045,0.3105497334804949,0.4060279575850235,0.7294676622039229,0.2236866730377804,0.31324876809073926,0.2594743060060376,0.7418175049327604,0.4463161230585558,0.5417179754033505,0.23864187192760372,0.21605383141462536,0.23607465357933993,0.6760984866917646,0.41572951672266,0.3126013277017046,0.2403794683020061,0.6144525086093933,0.840627385587025,0.3687717210709604,0.15928262928011,0.46322746531634945,0.10969707403584826,0.6259413327325025,0.8040564991954713,0.38686173555318504,0.6622031817470487,0.9021275635736824,0.37029962453801835,0.6640527075903486,1.0,0.3416456147053766,0.3135357590782114,0.7932056698533232,0.5005272966783928,0.6385851155839694,0.2486978843878423,0.4233310013261649,0.503018657693709,0.32058642899328277,0.24733979147664825,0.43294373419209187,0.3278938825368806,0.600443220883071,0.3101485923272116,0.30009704158577155,0.7115574889904084,0.39217325623672644,0.5909909362817032,0.5982500064964276,0.5415513812119213,0.37053885062556424,0.7357656060149302
0.07389098023435979,0.13103876918959292,0.04686350402903448,0.28553044430773256,0.978263231260899,0.1689159612975821,0.24017391634790625,0.22055654887818885,0.3049388167508339,0.06969328947606958,0.9815289400016182,0.12922759461252975,0.24442303021313483,0.18592114008667066,0.2737397380164356,0.06667414000592853,0.8032987878894456,0.21996475916439256,0.2086115804751929,0.20795866881309152,0.17181932269911893,0.07283585866465059,0.17472545512842338,0.07100028104241224,0.14379697051033719,0.9825339656081001,0.09365887505153997,0.2441667730048505,0.12683285104272438,0.23348344716205388,0.048171385130617445,0.35948559907896693,0.9701303511504379,0.05137714679114666,0.12862115164931692,0.25652411241822426,0.05885494523862338,0.2220686218335863,0.2997021356189192,0.8142724862172848,0.20985412895807815,0.20962434778485164,0.21911124718504674,0.20303815612896634,0.0651811298194076,0.08792386630392017,0.1947986712979124,0.1663108901048648,0.1952615405980802,0.08624229904028843,0.2553632503731027,0.12660424716369992,0.20038469022973193,0.3225763164179785,0.9138512877083971,0.13036012698778368,0.21001606348493146,0.10699993539455863,0.19345291028377287,0.9514876857858363,0.10024207099510277,0.08533251745333562,0.27369132529455564,0.07102939434713204,0.9444072761439957,0.20042941317005716,0.19596267454410637,0.10278111108773955,0.2103472734883264,0.04132258778114324,0.7497972028555202,0.22682836687605595,0.19282685191532578,0.17267141445793055,0.1535954886989846,0.06463848004759554,0.1644868488001605,0.3612028217671286,0.12714218763781224,0.048130225287161155,0.14716060777359047,0.021883273973435622,0.23252623542651402,0.3021716071276668,0.09119553579394192,0.18354721163989396,0.42554926205636784,0.17602300818472266,0.22063282780863464,0.3416456147053766,0.9999999999999998,0.21845384329029538,0.23162709935592352,0.20347329556443805,0.25171568689997387,0.06577911255334684,0.23545091072141283,0.08790553607628249,0.13647193190384205,0.17307516174205478,0.0527336335954169,0.10958421320306663,0.09928702161797942,0.9247441545502233,0.1474261628133679,0.2033532791463119,0.10469557283304301,0.18616511829581409,0.0779291330392077,0.25218733156783857,0.13503595707824895,0.22611101498129246
0.10944019153608149,0.13013500470551312,0.09256554514876593,0.21028697337225383,0.2659448823827457,0.84529248685779,0.224397979733935,0.29012464965715423,0.3019116851635989,0.47566360742362884,0.2663851821354246,0.7822769322664069,0.20496065988587114,0.3188309618680281,0.2933388139292554,0.4823406797960754,0.08237625441971735,0.8066817237613023,0.19111109469119067,0.3369969566160682,0.1304342710324239,0.45894752593046917,0.2777068185833421,0.11677941526852006,0.18136111359914414,0.2659494444858637,0.7114107983416204,0.20075979810543065,0.28476162234339375,0.2619824164814203,0.4186029063629608,0.3247506058271067,0.26833776952346666,0.6966747925221479,0.328447077662424,0.23973431044245136,0.45948835985668596,0.22296402315686548,0.31202574058571153,0.07958833802326959,0.8353907463003094,0.1801750961138496,0.33804239697948174,0.15983283661082298,0.44168147435079563,0.5568766245837895,0.16829084171555386,0.3042409704024325,0.22963687917440273,0.48118000930855176,0.0574996010512883,0.152909339323413,0.21470780535964257,0.3092766912717315,0.10047581191516616,0.6870476993346855,0.14087839836222538,0.2381306104904738,0.21043810364748322,0.27036765112217565,0.562275352201045,0.22458941959222023,0.27245850614744377,0.44710197806655266,0.10282922300489875,0.7721708725481242,0.15395759011514568,0.2656425075101061,0.20074046597532666,0.4287579331699045,0.07791415003086312,0.758061822088129,0.1899578050871436,0.3691226909671605,0.10224166734144899,0.4410206652483162,0.2867024018637364,0.33537328382910975,0.0980671435205121,0.041049322301954766,0.14557076705648725,0.02563327506743454,0.2160832194095871,0.3175918715016369,0.10467319565041765,0.255183967735512,0.36436472888195903,0.12521826374173162,0.2842196284407754,0.3135357590782114,0.21845384329029538,0.9999999999999999,0.18882547090644575,0.3642231405043307,0.2358234065282926,0.486005441308925,0.30920838061980443,0.16148175468312265,0.31662417909345814,0.3919850225417844,0.10698514335798477,0.2541636286318628,0.23119019837192287,0.10592622130683799,0.7371388110960173,0.13189843395390566,0.20151651891708428,0.1939975964655254,0.17305992816199572,0.20024452409773663,0.09178445769600896,0.2718921753132415
0.256019730445132,0.11131571365916698,0.2979862550577949,0.6820453971063251,0.20833096788125,0.1419539884772032,0.9579892592914041,0.19974577454623563,0.6259361599468055,0.12608429368799173,0.20708669484147058,0.16135156040846949,0.9685730040500791,0.20737340890226344,0.6195585226240342,0.12776712259559125,0.16261794219628598,0.21233033496221626,0.86674020066413,0.20239172711390263,0.3356557240657254,0.11528982923859414,0.5652128824316078,0.34589785204888124,0.4827920096200192,0.19557096264746882,0.1631334812995438,0.9750199956204572,0.21820888251814036,0.5118599590632309,0.10624030277553723,0.7195000470959325,0.1979539915159,0.14586602864951106,0.2109686411654948,0.5898160450393867,0.09545624997681378,0.3836882445539873,0.7117474828873526,0.15781269789101793,0.22951002713877766,0.8655976593012565,0.19698360296814127,0.3765624024331282,0.10866875183660439,0.13948417681692354,0.8235887330663213,0.2599080203760064,0.3595909721381298,0.11983666422895788,0.18058451235354464,0.45153114963257734,0.2499323541041215,0.7103810482347639,0.18808288573813026,0.15666874999214306,0.8548266880350688,0.29725471648332624,0.5081467520920633,0.20345165865981846,0.21929891041847555,0.19335707992248152,0.6280363114536169,0.10943842444397198,0.18921827075600597,0.1355431722822859,0.9078849091458044,0.2556612694925982,0.43556646182821757,0.11587997175609449,0.1202310371644758,0.200296187389353,0.8430132938312624,0.19510174621441742,0.29689685416471845,0.11510289924815281,0.5700887393105722,0.7422854812939899,0.4379052216009275,0.17626290142997147,0.5603031158854832,0.13163248885048867,0.5495487159740771,0.6812879063567698,0.3512754960856995,0.6135253762870747,0.7648021779750748,0.40295632967963174,0.6475772784521332,0.7932056698533232,0.23162709935592352,0.18882547090644575,1.0000000000000002,0.2734944723280943,0.5293729950790707,0.11915699155885434,0.3653371271276833,0.43034878829120377,0.30093713176910997,0.24969679774521011,0.4447215192237478,0.3270595129080323,0.5400051613592483,0.18554063887921501,0.20409384488734406,0.8594901928330465,0.30232674946320226,0.5021916098935661,0.5577920906080965,0.6122838604784734,0.3380250068135144,0.6773622617985817
0.12104290306349064,0.21810604076867324,0.09493345839709519,0.352162485150888,0.1754810405898817,0.29498966139344707,0.32671523862733515,0.7348005835356533,0.4717422266437021,0.22771897195472157,0.1896004530713959,0.3756181789759174,0.3197754373495091,0.8142346340955281,0.4658858160994239,0.2546574829876469,0.14690939717631363,0.3630692002136759,0.26359685705144587,0.9180845782318334,0.2457095141488389,0.2753421930931492,0.38582427772960914,0.1689272661054907,0.23157207261535517,0.19789649576880253,0.2973179016633933,0.29703388386791807,0.8183422794550523,0.4226854080460998,0.2053568051421606,0.3742322485179499,0.17382365298892602,0.29782782351082826,0.8177090477370438,0.40100208011586025,0.23714314386745577,0.2593511698461769,0.3953370224655296,0.1505858263377966,0.3879712042295253,0.25525326906707707,0.9074359584566682,0.28582337803312463,0.26308722741376317,0.22053578293648687,0.2446656819181578,0.6153161278816455,0.3875182161882528,0.24577873879126969,0.12403946823933104,0.24179528076903156,0.24874419236373896,0.4432226971431313,0.19252066116501365,0.15996275263637352,0.23984344877779343,0.517623250709616,0.38766686302116643,0.16884700239576894,0.20886557271456418,0.7749123992230899,0.4333366771607142,0.2569845240476277,0.21632071045943563,0.19442807285328279,0.2601498966394656,0.6720947482571236,0.3647888677812847,0.17792302892395173,0.1357717360968736,0.32863252861852776,0.2588746492962329,0.9175847784760702,0.18464795292348804,0.27661623511723166,0.37981415175996186,0.4583744505077996,0.172518078911616,0.06909841528506493,0.1923974287061287,0.039599255901989386,0.36139387763674496,0.4383540782794917,0.20375792758741168,0.3356459296739943,0.49740363710405877,0.21765533845710333,0.3492543360293054,0.5005272966783928,0.20347329556443805,0.3642231405043307,0.2734944723280943,1.0,0.41198305301620197,0.24670048391563673,0.15084051295127232,0.1870386263167192,0.12005566671364516,0.08409123678167371,0.1808951151260074,0.14838944109475127,0.2598068413068433,0.2041381761246325,0.15359235502061236,0.2346520090829431,0.48358867436857184,0.376766715742089,0.3120467306218684,0.25363556338560056,0.206757452652359,0.38929388012346455
0.19753422021460598,0.12080663514382343,0.28583495859846253,0.5836330916237732,0.24292896416382376,0.13834339033209386,0.537033353887681,0.34994981834587935,0.9476995338252165,0.14591124177765086,0.24119533859954984,0.17262924085119022,0.5408645968321766,0.36317118111307395,0.9592290138205614,0.14385940185239465,0.18936171970312918,0.22807285159309065,0.5197295770408705,0.3613791444899858,0.8365362402885588,0.1943869494640238,0.40910266560438613,0.33722774508290987,0.44863316837784895,0.23727602499698888,0.16591496631140937,0.5174036139080642,0.29278268953240866,0.9696450452243748,0.12539922437310946,0.6516791884434914,0.22952926611215188,0.15941381507037483,0.3046342112805415,0.9567019405556187,0.12182037780613282,0.5190429123738735,0.5700139915402919,0.18066213973920953,0.2707813604572383,0.5159248891988465,0.3577211838914198,0.8402420572090477,0.20067859083882872,0.24790130140443284,0.4744210645468053,0.3818850395749135,0.7906405451122507,0.20414233428909503,0.27861560314191625,0.4492257645191578,0.3076067934326817,0.6364955446861227,0.19246280984629116,0.19630797597256489,0.4770370842732041,0.3513583189904414,0.8751492166073438,0.22482670943927446,0.12859380247005414,0.2563274185000768,0.9423722853905778,0.10444539209962105,0.2042301009790921,0.18255992434461135,0.481537773639704,0.3606362385100701,0.9122846330144523,0.22290281207711343,0.16945147717119446,0.1990487378762864,0.5103876678726198,0.35823128179746533,0.7963155722399016,0.17631818905752022,0.41180945394282975,0.7346998629544792,0.5227250134248121,0.26426071587523275,0.6118046404114705,0.19041733938110683,0.5042221815272567,0.5720596553622272,0.43545804268789834,0.5333486386046797,0.6620478176795344,0.39394803102867737,0.5396258007337644,0.6385851155839694,0.25171568689997387,0.2358234065282926,0.5293729950790707,0.41198305301620197,0.9999999999999999,0.1874262080041535,0.2768863891537783,0.3179012666643332,0.25207008497511824,0.22986427201323348,0.35622092300724784,0.2717485396631394,0.43573813188905475,0.2003607304970773,0.1933786270855138,0.484188372712605,0.26141875200539794,0.8649623753568195,0.36115100997684946,0.6782703114212059,0.46070758419164576,0.5531229028094551
0.03377081360063209,0.04914058583484292,0.026581942664437128,0.16095817617997876,0.049212410034020146,0.5756385125760008,0.14950754212829556,0.15174024395277574,0.2521474177428163,0.6968424637024834,0.051788585740384835,0.6219130355124739,0.1448561810926728,0.20931999662263576,0.23269864282670008,0.842571009896016,0.024648916412560236,0.3764692110221105,0.11114445428217591,0.27124984990218615,0.05947945638263153,0.9593123217159546,0.10436121268094323,0.047179105901065554,0.10341521854310573,0.05323466589168436,0.6761689511552796,0.1278730851607866,0.21059439644571035,0.20017403013851937,0.8535320732455114,0.1559154331967878,0.03702830579630639,0.5710377410227403,0.31650758721993705,0.18331774221631733,0.8760943956598836,0.12698378388459267,0.21146336150722658,0.030012160041680072,0.49382132199129825,0.09021722553027647,0.2537489957067777,0.0660864996938297,0.9468777361411376,0.4947681439652675,0.09152037616419079,0.29588106718145374,0.13407133737486382,0.9280321992628098,0.06277350197433249,0.07750973307757297,0.07912729842527724,0.3019880468193401,0.07996773908821635,0.4738616502364256,0.0622220059610259,0.22464191208076215,0.11934784271342744,0.03916885658279318,0.5810078259409052,0.19870130426111685,0.23436826024341903,0.7036307109449604,0.08305368876701161,0.4569823447351409,0.09835329402097483,0.2615800395978401,0.12492315566719606,0.8345915241916873,0.015798479874747084,0.3727598698564817,0.10818844145214344,0.2965503754769872,0.04338159048327901,0.9637545243778043,0.10697957498273296,0.25606338695334546,0.07144227457565255,0.03609832539325378,0.09687508728222802,0.026677321643074518,0.1707143232108293,0.2797390782355965,0.08462500867922172,0.16501740515461794,0.27665749320993405,0.059470677191223884,0.18390804869647503,0.2486978843878423,0.06577911255334684,0.486005441308925,0.11915699155885434,0.24670048391563673,0.1874262080041535,1.0,0.19241274251276924,0.0759885424277587,0.20069136249862196,0.16428768852355857,0.11443667296573469,0.33104823834960423,0.18913891660521764,0.08298002262515583,0.4384519461915982,0.05980477774669073,0.2058991862385579,0.09761954963119868,0.04647008072859556,0.2141092357030432,0.06648444350329329,0.16464234079997112
0.15279561572625072,0.06927321546517215,0.235717951300879,0.262068938184702,0.23244385057808226,0.28809447052748427,0.3973572304017836,0.16140512218699388,0.31286465319285506,0.17772639819907457,0.2352518466781799,0.28122373773382925,0.37925820484709416,0.14816788676596032,0.31070605880995994,0.18443753144055314,0.1602036282443275,0.2444511019690458,0.2970196895625382,0.11859436455512276,0.14932301001834467,0.1667498429500503,0.2416791385099525,0.20132308006097757,0.29208828774985546,0.2503732341039986,0.22976248958770124,0.357981082190113,0.12586758942134682,0.2623103680241966,0.14462662534987916,0.3301280779447577,0.22804016553601525,0.20284611165604896,0.15323613922766205,0.26143217513549033,0.17891323742559934,0.24958497655533754,0.30928523991443735,0.14255973001190403,0.25467721312991315,0.28395987785986887,0.10020844669781406,0.16975300835357146,0.1551973185664483,0.13195957209600287,0.27432993445565035,0.11372648961293977,0.20150439764218797,0.1420955164706229,0.17243837985528082,0.2684776953261741,0.17243312494343235,0.35821170058939666,0.18319234275088508,0.22345779267777488,0.21437806536542156,0.1352208021790929,0.336878488526718,0.19595825810446604,0.264160863432363,0.11568899806843336,0.2885782174934482,0.17641306702725218,0.18992743368916384,0.24353354205502165,0.25455106410704387,0.11762541171862677,0.27691300539161,0.12652793788977876,0.15053697766793228,0.27651683923705844,0.30660156486449563,0.13289470520509455,0.1404017708152175,0.14880672139362988,0.25102877257848666,0.3575807294936892,0.2368288108001081,0.0919406893580092,0.38859008633178005,0.07319491638554708,0.3456725108593546,0.31785484282214727,0.14817905322114458,0.3076297214334133,0.4359768398462337,0.12674798829875236,0.31278997846825246,0.4233310013261649,0.23545091072141283,0.30920838061980443,0.3653371271276833,0.15084051295127232,0.2768863891537783,0.19241274251276924,1.0,0.532836874227629,0.748306229376887,0.43903896634144146,0.36340020706785225,0.4642378235395202,0.3473686863160569,0.1866459203477039,0.24629614477124817,0.2128533528070034,0.1402023890289609,0.3167125553377682,0.22671200088734927,0.346924977775821,0.1037616185152978,0.321572490383981
0.22755826515506092,0.06390881747021278,0.3342449911796417,0.32965501687552845,0.08541021787874846,0.15805265220625292,0.4595961295314391,0.17937580195390915,0.3861440986048505,0.0606590241542581,0.07634568801615482,0.1594726140047344,0.44314960757043526,0.19020620751982978,0.3915789390263855,0.06473128556486664,0.05475955508124478,0.13962442453474588,0.4202166036246628,0.11766807279832038,0.20405876037203732,0.06726208803447602,0.48232238126489474,0.30757200058313844,0.48153162278045003,0.07386817218311631,0.15065606794809683,0.44191032382699746,0.2511143873683206,0.3345119787192997,0.05692896722165175,0.4129157826479212,0.07226427764013242,0.14642343495030946,0.1698562631934343,0.31249648579683476,0.0713753384258749,0.36672109137844466,0.3847303289474915,0.045370608206275725,0.14550680696572788,0.4052576841068836,0.11771564077073794,0.24577981198182175,0.06063965597638643,0.0953164040694208,0.39596298085090187,0.18189338701938554,0.24119417318299657,0.06688744797311671,0.1438486198339144,0.3242328759966762,0.23794309782482237,0.4824332359338829,0.05257682231436082,0.1303989573331064,0.3160401469455929,0.2121825133791086,0.4174718278483277,0.07032592687389638,0.19857145183992297,0.17134232912112718,0.34336541747523813,0.07229209513236602,0.0532760339827083,0.10602538691666913,0.4017269450573574,0.20847146740065875,0.3335234344813362,0.04986770916079665,0.034383676023600006,0.16426335827177296,0.42777047937507584,0.11864903128249628,0.1698390644119484,0.05629587599571584,0.4751041727123757,0.5171790221103598,0.28516105740498565,0.24344368171006991,0.3843800066726379,0.21674240755339133,0.34269322126012147,0.4862875696795329,0.27006997832689866,0.5327137878363948,0.4515870335991645,0.22790910221977934,0.48773274992286064,0.503018657693709,0.08790553607628249,0.16148175468312265,0.43034878829120377,0.1870386263167192,0.3179012666643332,0.0759885424277587,0.532836874227629,0.9999999999999998,0.46753307819160256,0.2289668069554417,0.6201105902178411,0.30467844526742305,0.6494206563402005,0.05204730226751259,0.12941405395548247,0.3222280547340541,0.2171579128685935,0.4448763845978848,0.5245675965052115,0.4003027109060039,0.21416889300161057,0.5319124511582862
0.18362250127693597,0.047558497286115935,0.2345268044285536,0.23887568323470854,0.1597208092585271,0.26750828907607827,0.33252236764559406,0.10747483472158151,0.25715198893010355,0.15855300973517833,0.15656813405744932,0.23315682870864407,0.31705107673677474,0.11116727716742489,0.2665038114041228,0.1711804868149897,0.04751735969259033,0.26645981943193187,0.23475882148045912,0.09859509071255645,0.17813444795200611,0.17524423629054076,0.20604171742139393,0.139251467315832,0.19817875638825394,0.15418003013630358,0.19856364945869753,0.2988805626975335,0.09974352827724128,0.24354036683491403,0.15115328779992443,0.3001777428504976,0.16115912391759601,0.1677240467522287,0.1139236440812293,0.227544475838024,0.16899178718726546,0.2275204409686252,0.24395991402356698,0.028251202704789813,0.23926590126642472,0.21850546320039543,0.08920059792775017,0.19280490704525818,0.154212477541283,0.12118620572612943,0.21993537990211456,0.09204583944357601,0.221667138018339,0.14416127248899838,0.13105487097745566,0.2790202504710173,0.2034527365517138,0.2337410495583526,0.04259625594807695,0.24464576940904048,0.17769654421561673,0.1099551267580973,0.3213886202231987,0.1636099648886889,0.25678108126480864,0.10496335116928264,0.2551535224918134,0.16527862877423244,0.03825118693308365,0.28283351873544416,0.1945125344422261,0.10317814199339774,0.3018378392782874,0.14049066331242024,0.03059061328562269,0.35671672306704494,0.24368280292031405,0.10591393950476787,0.17989899216893218,0.15095300458780803,0.220382615495722,0.2918441340603357,0.2313413858646518,0.10238742402345806,0.40175832545144463,0.09185318858268397,0.25958960685442395,0.2246027914255192,0.11906206309317291,0.21744161265764905,0.35611157461567355,0.11022194740811159,0.24231397901921295,0.32058642899328277,0.13647193190384205,0.31662417909345814,0.30093713176910997,0.12005566671364516,0.25207008497511824,0.20069136249862196,0.748306229376887,0.46753307819160256,0.9999999999999996,0.4995803708098191,0.3481222090015509,0.5014435281836331,0.2567237360800735,0.042169626613879116,0.2622644470982667,0.1797863052576053,0.10814795182377776,0.3185036434565837,0.18233207265336396,0.33465616331659814,0.0924150868076834,0.2259448224984073
0.0821117382429231,0.05039381369362962,0.12020727414875028,0.1155540321486002,0.22965595030087058,0.28736022472266765,0.260268596754028,0.04959752266878843,0.2275507513420015,0.09645045457820778,0.23374640241117772,0.18541609292825512,0.2694908386780143,0.04515394010134862,0.23622482810958956,0.12538084080307774,0.04558628373444515,0.31705524614476494,0.24369690622532195,0.06113021531193273,0.1345773683978772,0.14183156129027896,0.08399718137123771,0.12515941219541785,0.20695623075265548,0.22885452301681058,0.15109125359282516,0.23524700335976972,0.05699702370136678,0.22004898720825875,0.11504416137790748,0.1974132065734176,0.24414741702854242,0.11043690838555131,0.08331728183844674,0.21830783881739543,0.1375351728783411,0.1425307723353837,0.2268539314025395,0.028650370454498187,0.2717167837540126,0.23420138953423292,0.06334414840014987,0.1402603326485653,0.12736396084812504,0.11881703864547231,0.2021660657583898,0.06998951456056644,0.15121764311136418,0.12190019295794283,0.11514266018587796,0.12414892388649844,0.1937126646065207,0.18050268001087524,0.018747857961566215,0.3236860202582138,0.1710075370932897,0.07715009860425992,0.2671014363097304,0.2549538358300041,0.19970189027336788,0.03838692747614882,0.21886956281570646,0.0968333839869894,0.023760910907379088,0.42705692492451364,0.1740776045361081,0.0870848174468472,0.24897205314868165,0.12505956400541288,0.0349384716454231,0.4238450728747727,0.24956725624235568,0.07490985957122788,0.12714965654306165,0.1207781674467708,0.08797083141007153,0.20721712863897584,0.20523000258871235,0.11434087887180469,0.33069685169606167,0.10430437230649206,0.21654810094158708,0.12688309568693532,0.0855216891530239,0.1513486510757815,0.26682385812216397,0.1103077118845372,0.1659395485729342,0.24733979147664825,0.17307516174205478,0.3919850225417844,0.24969679774521011,0.08409123678167371,0.22986427201323348,0.16428768852355857,0.43903896634144146,0.2289668069554417,0.4995803708098191,1.0000000000000002,0.3388459672251184,0.6917127359031676,0.1363699005565273,0.017259855152792138,0.3640025640871783,0.16171249324574516,0.08120743177509007,0.26641140752579123,0.07955238393057754,0.25318861468273635,0.07231822531931305,0.1854349450321204
0.20644252964517712,0.05483055782799395,0.25839524277735815,0.19711744474719892,0.04164190359672464,0.14323959331749825,0.4646887093292442,0.13494817755662702,0.3870412835023549,0.11250716851670668,0.038236950560193425,0.15952730312879107,0.4538105228135415,0.14439687774280546,0.4017971293308737,0.12514589775937265,0.03853176391623661,0.09020198101298174,0.3878157602216294,0.13166814141952377,0.17870241907975576,0.10364306722312668,0.28755578400009785,0.1931465438111712,0.2682645318928329,0.039373963780916295,0.15190686323825342,0.4227492134732254,0.20351955747665834,0.3442784226901289,0.1097165378172057,0.36767130668372566,0.035194624915117975,0.11750467794831111,0.13900841778075362,0.35115633513993977,0.12897026729499955,0.28625865309378135,0.3152547443270505,0.02663441232216022,0.08391535361332203,0.380445788931359,0.12399789435954173,0.2047469819276883,0.09236007573116682,0.047063321974356205,0.3763414818432578,0.1588469422484042,0.27838477159968633,0.06656745108256233,0.16673949388318754,0.28940184024190385,0.24122157138633718,0.3571480751150375,0.026531933309739755,0.06111250204003592,0.2953289801894164,0.16941768596880036,0.44539477955675033,0.04011289336671406,0.18188505678704317,0.11337887032048993,0.3886853136137883,0.13098240096097055,0.025918882318206715,0.06694646461539382,0.3224143895615062,0.18946482118336044,0.3660201482475588,0.09048896714128435,0.021430031465458434,0.1543983792786319,0.380897034784094,0.12874606110239104,0.15290542297211934,0.09872951252906356,0.28297287382700914,0.36617549964075335,0.46250241930398167,0.2530743090871671,0.5443229275753425,0.23517044285722782,0.386558939870587,0.2818726292057389,0.16002937976030104,0.3348118593584948,0.3906788454246467,0.19155190624548668,0.3387852447415961,0.43294373419209187,0.0527336335954169,0.10698514335798477,0.4447215192237478,0.1808951151260074,0.35622092300724784,0.11443667296573469,0.36340020706785225,0.6201105902178411,0.3481222090015509,0.3388459672251184,0.9999999999999998,0.5954154559007683,0.4446230014283563,0.0206054512443234,0.0654306025420788,0.29607033802941213,0.16259476644631754,0.46564715499466264,0.28802539421144324,0.4542505722542183,0.13577092818498232,0.358922962551284
0.14862311313941715,0.040138893462768825,0.16872662790180334,0.14405635404093187,0.11765852311650021,0.29962906205631884,0.3556610133539742,0.12620797847320234,0.27423662436188356,0.3443642615115543,0.11795312327047792,0.30842415241714266,0.36091337244499516,0.12185003352815575,0.2818475837142629,0.3389079362077805,0.053499788493429214,0.1938329815715032,0.2870392522787015,0.1154412773049583,0.12244646653609534,0.29609984497398034,0.13363747327463069,0.13632424071083832,0.15919172935658768,0.12009744070489578,0.3136712620037491,0.3194516330090911,0.14031181224887507,0.25683955136758135,0.31242180874540915,0.24245968986771332,0.11874557672724266,0.2445604817005188,0.18803068241396687,0.2594851450586903,0.3315643200203413,0.21244532220065598,0.22526602055681022,0.03795126895919612,0.17539806534687974,0.2796654228799136,0.12006152851634541,0.152830766755966,0.27282244504778214,0.08793221581226869,0.258398354463624,0.1205046511968739,0.24570956709940237,0.17548344869428412,0.1361804525885731,0.19998481393439022,0.22942442724582168,0.2407089974091282,0.04152993988466851,0.19280787029547475,0.20219961110267076,0.14130412341279242,0.349038548177481,0.12445357357944217,0.36190715796667194,0.13438571869390653,0.2788474468109468,0.3802097445113711,0.04126702233269951,0.24537166076349667,0.21092938120967952,0.1299702934343442,0.30510261608022876,0.2695682168750869,0.03960699485840096,0.282172418527318,0.28281009522485556,0.12155884089077859,0.11258311486301423,0.2808984048616921,0.13448402418265912,0.2615687710604427,0.32873223690085446,0.24306485023774715,0.46988706725019314,0.20710863483017083,0.31711847725885994,0.16315543554423262,0.09930132822928413,0.1675875021565735,0.33829024223227283,0.1270572576654012,0.19551459208125302,0.3278938825368806,0.10958421320306663,0.2541636286318628,0.3270595129080323,0.14838944109475127,0.2717485396631394,0.33104823834960423,0.4642378235395202,0.30467844526742305,0.5014435281836331,0.6917127359031676,0.5954154559007683,1.0000000000000002,0.18595881633681208,0.03659815387428404,0.2165154635742523,0.19866900397926357,0.13822526750647823,0.3307572652094302,0.1141648625734509,0.3761041723657915,0.08345448644853716,0.18841316432992636
0.2550239713261068,0.053186177714647294,0.22511227902451372,0.46649245005379764,0.07284953036882168,0.24716553057121432,0.5358108385223482,0.21415859959685785,0.5297198533134984,0.15592503449744605,0.06759827264525053,0.25063593584221083,0.5272988754503765,0.22327512811191985,0.5277850975278432,0.17748110699131994,0.0741555926865548,0.1675663961285102,0.5419432672152612,0.19243029951560198,0.2970182680386767,0.20138408377327982,0.6960413520550558,0.37981189443094804,0.5766779156091525,0.07490224697253144,0.2617609213081344,0.5297865938365556,0.2723846298390022,0.4759345104899173,0.18034644712149323,0.5603219710958978,0.06957459176019802,0.2453635450492384,0.23544024022397406,0.4528468450431482,0.19056727363724565,0.37836823440749856,0.6102436654588026,0.07776361864843562,0.1941876000716967,0.5392652397731666,0.2033921023046305,0.32971339892315105,0.20372940122020117,0.22161275922060608,0.5732378546827981,0.31092698834409455,0.31213142087127244,0.21362611136027593,0.13102932359052966,0.4116622477535868,0.23909861822851766,0.6895922003289263,0.07598558009371442,0.20674010920234676,0.5122311376032777,0.27840951128387975,0.4640834412777687,0.06647095605881527,0.2556980003011326,0.21251562511028466,0.46987887109314735,0.18037490957746,0.0819803180481758,0.15875219703615162,0.5703682720318213,0.28684469350307357,0.39387600421714075,0.1475631789630339,0.05898435769315431,0.15094825222016353,0.530957415533946,0.18904466806703293,0.253839978306578,0.19228527129333525,0.690082193952097,0.6723093086449834,0.37481117471227066,0.29080565751342324,0.33196423379396944,0.22102093151126437,0.42453349824725584,0.6596441857580884,0.373758480266463,0.7212429798906239,0.5372709063892377,0.366270129791042,0.6725877877806072,0.600443220883071,0.09928702161797942,0.23119019837192287,0.5400051613592483,0.2598068413068433,0.43573813188905475,0.18913891660521764,0.3473686863160569,0.6494206563402005,0.2567237360800735,0.1363699005565273,0.4446230014283563,0.18595881633681208,1.0,0.07344383726344628,0.20444331401296487,0.5222236511142078,0.266576757803889,0.4726570648058595,0.7407644743519369,0.4598554380407907,0.3232338755813594,0.7264723560241615
0.05020398315537894,0.09121230256195298,0.03570176963217305,0.2648426120982484,0.8599143077836441,0.10841070313916798,0.196071778767541,0.21901463528157813,0.24919976813611586,0.08469809325582328,0.8685980899020308,0.12070041107661159,0.2000249112863197,0.19206763263880983,0.21934050504440897,0.08294046217437802,0.731512288694236,0.12424750816261652,0.16377766774676444,0.21871707750948932,0.13697289913007205,0.09328629853702909,0.14518391335457526,0.0600834832448536,0.11778509781353536,0.8828297666945449,0.06914688320408745,0.1972492346395498,0.13544071396174392,0.18245106203490805,0.05500842494567036,0.3286456472695785,0.8546551848136542,0.04601529883883753,0.1541113455309988,0.20588508503345668,0.08582493993244997,0.267291191564888,0.26845818006699784,0.7503594905750719,0.14268744672949002,0.16121408604231313,0.2203593637621235,0.18505070955871825,0.08876379145212285,0.07320862787556312,0.15165375895588412,0.17979302092715427,0.18508842103979103,0.11711074301279528,0.23306804626506467,0.08805317881662969,0.12387904681523143,0.3097778890397243,0.9892409785721095,0.02640717907289285,0.1786862085865084,0.0851027320704549,0.14793697173854695,0.8203110018532914,0.06790072229027638,0.10421289980889903,0.22386048099774378,0.10157588502943922,0.9735531442380888,0.06293421926814022,0.1599236051547307,0.09589376428070542,0.16758489744590532,0.03482959051428791,0.6840183349106239,0.1070591273781211,0.14752400968726204,0.18912795397633828,0.11168846556922153,0.09331296286797772,0.1334196524767563,0.3127232646266332,0.11111447612779715,0.03771606885051108,0.10167034569937874,0.012790762149048243,0.2210495532638374,0.2836511212672076,0.07220536694912448,0.1561332852253765,0.3824842407095969,0.1478676347675569,0.19071028527717632,0.3101485923272116,0.9247441545502233,0.10592622130683799,0.18554063887921501,0.2041381761246325,0.2003607304970773,0.08298002262515583,0.1866459203477039,0.05204730226751259,0.042169626613879116,0.017259855152792138,0.0206054512443234,0.03659815387428404,0.07344383726344628,1.0,0.022341802858970472,0.17231872399864134,0.07262704701141276,0.14004015490117216,0.0498192360151137,0.21802283972194733,0.11331278669080436,0.19712102594251976
0.05182747361483297,0.050784607146705844,0.00922812537188001,0.19055430660443648,0.19344777601217422,0.5790034321688562,0.2005874270909483,0.12654260145011817,0.2744169655360392,0.3682504735937566,0.1920825172682069,0.46320476392693577,0.2019303472714053,0.13246777312338082,0.2601581212992532,0.36178433708286406,0.04946710757990051,0.45939682215887717,0.23852658682907718,0.11039004360195219,0.09215804142114375,0.3328709854901702,0.2594868324950479,0.10723817232772892,0.160729285848219,0.18899286815045446,0.4985242484907374,0.20067798983200952,0.1250427800235251,0.22707382359785191,0.325235956380536,0.2493098118818783,0.197943385821982,0.39224882190983146,0.1439344062802511,0.20425054489836264,0.32116617929344676,0.1900547782695336,0.25597423345458,0.03630743832102437,0.5924952256202387,0.22329548153133627,0.11133673622607348,0.09091406978613753,0.35344075465680497,0.7193280464829006,0.2102951237357746,0.24005869993106582,0.11564908127510404,0.5035525059627568,0.03508074633372758,0.14764951467731993,0.11546611549781717,0.2897384852806373,0.02388180544032186,0.9277656588551575,0.1296115396621953,0.30136050760405436,0.10024733406324336,0.20567478674485182,0.4465411420467409,0.12595264807129136,0.2422250417190766,0.2942747750279141,0.030966546526510104,0.8751903715257443,0.202363856783094,0.19947046537876933,0.10680412452393885,0.4792598112852017,0.04712531857923236,0.4243993689626988,0.24038687398195824,0.12847451297516427,0.08393138303853251,0.307367357182144,0.2571160980861522,0.29879713624751214,0.03130214445977565,0.022728663837118496,0.10127340693665472,0.012594114296103924,0.15648216669966827,0.2976193625357735,0.09320797272257239,0.25843812383332326,0.28054055906198655,0.08491669199417737,0.24073924290935617,0.30009704158577155,0.1474261628133679,0.7371388110960173,0.20409384488734406,0.15359235502061236,0.1933786270855138,0.4384519461915982,0.24629614477124817,0.12941405395548247,0.2622644470982667,0.3640025640871783,0.0654306025420788,0.2165154635742523,0.20444331401296487,0.022341802858970472,0.9999999999999998,0.10806508127146562,0.33565852645454586,0.08347023115984771,0.18147164835045096,0.1478263441390138,0.08121533454845459,0.24136040528699415
0.23286684040282096,0.11089294372810857,0.1987646835289077,0.6989021042426238,0.17505733695345554,0.09968455390509952,0.8057896625438888,0.18307435306419506,0.5786703207882403,0.07542635074931772,0.17711522983327743,0.11534447572379404,0.8251684835938272,0.18518257955242637,0.5624857841959402,0.08158787920617276,0.13037206107447108,0.14082012761260448,0.7441748900381098,0.20633703200370407,0.3483479318743334,0.059901745806837596,0.5755606404058503,0.3776799463990128,0.5101204994891305,0.16679123723593745,0.11804166407830748,0.8563162357199179,0.20643724468813365,0.4573887255464289,0.06810639534017845,0.6596436169847455,0.17118108245636876,0.11478201830477378,0.19529013484432833,0.5463809557280086,0.05982202136584511,0.3279048686255012,0.7674826910140505,0.1358436573852102,0.1617058082038877,0.7605032488329394,0.19542203043556516,0.39018656053037265,0.055656826699173524,0.09245167405058559,0.7636382687618046,0.2569132405489226,0.33083545569299655,0.0693887052248694,0.16102145794619097,0.3917990876189296,0.20386536888076018,0.691586522071398,0.17110043203880626,0.08829789624831448,0.9760669204430421,0.21672367600822057,0.44041128506959626,0.171137125550381,0.16582463885955867,0.18168770936361897,0.5727939103685015,0.08977138828651361,0.17557432737396134,0.09211403130721299,0.9291671911859073,0.24144881729612477,0.3757668889107807,0.08019937660180591,0.09296669158006898,0.13095577074203457,0.7086320624331494,0.19648984423631807,0.30148845782682077,0.06397875556261919,0.5838997745217204,0.7228301132416193,0.31932358189635135,0.12233837794724749,0.38162447630755697,0.07496748155738078,0.5244099552723025,0.6945622397871464,0.372087159872397,0.5919843976054824,0.6693407867802291,0.41370398752294646,0.6208145591306395,0.7115574889904084,0.2033532791463119,0.13189843395390566,0.8594901928330465,0.2346520090829431,0.484188372712605,0.05980477774669073,0.2128533528070034,0.3222280547340541,0.1797863052576053,0.16171249324574516,0.29607033802941213,0.19866900397926357,0.5222236511142078,0.17231872399864134,0.10806508127146562,1.0,0.17879303354643766,0.4227327991880433,0.5609100806818724,0.5288619785241998,0.35167712239091076,0.6667469852487513
0.08657905006526571,0.1746843969992875,0.038266949059931554,0.262402499284735,0.09471039219029506,0.17569030541104594,0.3044006741974313,0.2887825061149013,0.33995323436589975,0.21967381972670785,0.09158471426945862,0.19552589709497653,0.30706534494302884,0.40383268527456245,0.33135334505383907,0.24199273313037645,0.08494182079935558,0.14224827576064852,0.36010905433800355,0.37799565324372153,0.20798243026732752,0.1928916838434756,0.3595747838825044,0.13362089149381368,0.2173738000769691,0.07922470196476304,0.24635925768906264,0.2960687756955517,0.5079035664681565,0.2885429594104154,0.21289756518935365,0.29991324238285444,0.08941872758444805,0.1611431742343465,0.36581609201947735,0.2978704826845214,0.19605360811786435,0.23747340768998887,0.2922499670347657,0.08454474677963894,0.17573806580527135,0.344272194561322,0.4124633470382457,0.18437920151845374,0.18081668717086077,0.17021596191790433,0.336027326381515,0.506739950483554,0.2115311600252459,0.20850416823039594,0.07005944031039248,0.19064994717121309,0.18678006486264165,0.39611279010127526,0.08348960587242595,0.2553544556920293,0.22696882239700453,0.8054303374409406,0.19412047832222368,0.09397310693031918,0.22574681561181598,0.3596533075899077,0.31381991529237013,0.1715742582549812,0.09976169276567672,0.17477738421260652,0.31974222711474315,0.7227094533660027,0.1679825339335075,0.23048836927681376,0.06913024298664533,0.12899403613088506,0.3721168028164992,0.38946779102197415,0.17532740324858295,0.20058249324880512,0.34262802569308487,0.3992744564313063,0.10017288218391647,0.08313199592413392,0.11687306592643723,0.05850430180688137,0.2409861732727523,0.39221098089268425,0.16269448695891697,0.38082395377934586,0.33839711623369334,0.11384730668311584,0.3322327713292682,0.39217325623672644,0.10469557283304301,0.20151651891708428,0.30232674946320226,0.48358867436857184,0.26141875200539794,0.2058991862385579,0.1402023890289609,0.2171579128685935,0.10814795182377776,0.08120743177509007,0.16259476644631754,0.13822526750647823,0.266576757803889,0.07262704701141276,0.33565852645454586,0.17879303354643766,0.9999999999999997,0.16274745602229182,0.3590056354874171,0.20952510104874866,0.15898518288452337,0.37774169365748395
0.2044797510180467,0.1177441716265224,0.23541996595785053,0.5462143808608791,0.1785201818671384,0.13390938959978776,0.5319251550383632,0.3297261051551128,0.8092410951416364,0.10805679110122804,0.1735550409712399,0.16414793768716532,0.526822060108403,0.33018896633380734,0.8239876639985035,0.07792665004350843,0.14813633137009447,0.20185518556681367,0.5088813568241526,0.313718170937881,0.7184739291183054,0.12170776546035036,0.41409433697165404,0.3392089152724658,0.4436017531802504,0.17425356352858842,0.1503957182890367,0.5058663434162445,0.27083062751314335,0.8433150699995579,0.05307392880261265,0.6226288455152064,0.16610818701040353,0.1632578587792693,0.2987965598821989,0.8103695871019544,0.05828256499544268,0.46533143925849685,0.5227006619170337,0.1380462317549114,0.20086355229960423,0.49817086373526287,0.3157250398173982,0.7535639617517571,0.12329149766436903,0.16399601918877307,0.4540607619065679,0.28477221521989116,0.739266518117014,0.09167843312638518,0.261403152021531,0.43321675468474324,0.27971206581031993,0.5979018639160023,0.13229547823032095,0.09395638574519971,0.42077680484762986,0.24512543257658453,0.9601066467786818,0.16155581426741197,0.13487483837512038,0.24902044278977942,0.7868991318626007,0.06990942990734247,0.1405865394104981,0.08430835380516169,0.44713139147859393,0.24659465519520896,0.9268667020752741,0.055685792738388466,0.12787783155177312,0.20560294129851148,0.496451401695914,0.3144154994443635,0.669051215632567,0.09865496234503722,0.41446569259530214,0.6808689781982151,0.46662407513236415,0.23717546066736767,0.5655896699688139,0.17181378107549755,0.5146636152547227,0.5503675129253454,0.4252626661139536,0.5134826142593489,0.6078543106351473,0.36619135091704486,0.5325594970599558,0.5909909362817032,0.18616511829581409,0.1939975964655254,0.5021916098935661,0.376766715742089,0.8649623753568195,0.09761954963119868,0.3167125553377682,0.4448763845978848,0.3185036434565837,0.26641140752579123,0.46564715499466264,0.3307572652094302,0.4726570648058595,0.14004015490117216,0.08347023115984771,0.4227327991880433,0.16274745602229182,1.0,0.3659210703349399,0.6490742777552265,0.4412294529282792,0.5356105052389366
0.3026384919780019,0.12539454915587675,0.1889341493945648,0.5618857540092116,0.06181239672261841,0.18860907000788207,0.5371093237435522,0.2890622990513666,0.46161028121913766,0.11273777773982374,0.06453248856119025,0.1929463749504231,0.5396652242181752,0.299271624662248,0.4513018592720428,0.09320292978606987,0.062078503328180504,0.10907698436756717,0.5992955161465832,0.20040145991516892,0.31760392934854015,0.04939690684988957,0.819684107531766,0.4761567527748431,0.6101434666328351,0.06164536964762635,0.1822258796821295,0.5536116380881306,0.3605790904110286,0.4031172901476564,0.05145217413423726,0.5582492856517703,0.06446167898760499,0.18615170585823,0.2895531823312867,0.37754934167744025,0.05234767821548565,0.33551929160413385,0.6238815120479642,0.058024373055435056,0.12782830262821412,0.6009168700187344,0.21818133226376318,0.3357915935920252,0.04826116002811341,0.12840484565258148,0.6010778454074304,0.32688163219754157,0.30045151524326535,0.06474844598444061,0.13930178970715024,0.43360012317078545,0.19635993450193534,0.660304408713203,0.04926831356399365,0.14304317301822211,0.5609282886054848,0.3562757305381147,0.4056560784143335,0.0652389891820734,0.22820635417833676,0.2963864152478745,0.4146523081960044,0.09331001660803068,0.0591944670760731,0.15056752178438723,0.6224207144238159,0.38931643043327924,0.3031198232932105,0.05521667424184673,0.05036166689978432,0.09731194261462618,0.5915376554297052,0.20388029906464084,0.27836283388025923,0.04885739862717579,0.8092999487638393,0.6850767939048297,0.23491894096066568,0.15909235677737105,0.2705561826137823,0.11923361242318774,0.4558836832998363,0.6734407783207476,0.4637970743003945,0.7458932992471088,0.4903845114517873,0.39973943105021936,0.7054535707890638,0.5982500064964276,0.0779291330392077,0.17305992816199572,0.5577920906080965,0.3120467306218684,0.36115100997684946,0.04647008072859556,0.22671200088734927,0.5245675965052115,0.18233207265336396,0.07955238393057754,0.28802539421144324,0.1141648625734509,0.7407644743519369,0.0498192360151137,0.18147164835045096,0.5609100806818724,0.3590056354874171,0.3659210703349399,1.0,0.392238974200228,0.4124707683451331,0.7532836600531164
0.3009909980427367,0.12947971085366058,0.2778130680939693,0.6188657629028114,0.24138718117180752,0.17581078418563575,0.6306486362811377,0.1470504066056274,0.6523584235318703,0.1613955750653608,0.23480866095928568,0.18302956148302826,0.6241924107803287,0.1557283998511303,0.6518613912615128,0.19342245086351345,0.18200414166677964,0.2033098649973769,0.5131318956967567,0.20622501567145002,0.60446281590975,0.21441686327518011,0.3888932357873668,0.24640611169623008,0.3396787499973175,0.23570521101717679,0.20538308546857553,0.6034541389793755,0.15218694036511327,0.6280188095502702,0.19500350173860018,0.6924671998334307,0.22166329549230562,0.19019277064334414,0.19355467736971738,0.67969949945172,0.20100808400868375,0.44266420560654873,0.5523490009166918,0.1913997509834688,0.20534498124161743,0.516548166637806,0.21613968688884466,0.6017588395430704,0.20564456496265374,0.15500435579531163,0.4844787109525563,0.32967700008541545,0.5702101412656472,0.22100361709322974,0.2166673964677589,0.37947109757691605,0.34681463578658595,0.5646693414675519,0.21020163003294928,0.14311802662557827,0.5355719236689263,0.26500029034640077,0.6440142413565298,0.22283392305908234,0.21418034294489435,0.14142419870216041,0.7115797909526429,0.17066503346794137,0.2124002237980227,0.1567432460713523,0.5246186335812746,0.246536454308867,0.6437727044009481,0.1736111432543592,0.1631406611955203,0.21147983027307055,0.48947426398752797,0.2285102514699557,0.6079052418275809,0.2165684727080703,0.39482332723367286,0.6665922171749169,0.611553900556612,0.34826078942935257,0.6504798836259037,0.27895171091167004,0.5833053561978182,0.5406115099004328,0.18307741328690838,0.3172428826460435,0.5656076883368355,0.26855000455938494,0.405795927567855,0.5415513812119213,0.25218733156783857,0.20024452409773663,0.6122838604784734,0.25363556338560056,0.6782703114212059,0.2141092357030432,0.346924977775821,0.4003027109060039,0.33465616331659814,0.25318861468273635,0.4542505722542183,0.3761041723657915,0.4598554380407907,0.21802283972194733,0.1478263441390138,0.5288619785241998,0.20952510104874866,0.6490742777552265,0.392238974200228,1.0000000000000002,0.18840908411180257,0.363243070543406
0.3604294334075407,0.1866373813812514,0.16675200643063562,0.35431921870262345,0.12292020352756923,0.09456016014560309,0.32756235614476986,0.14833930597454614,0.4902904116473631,0.03875945207137207,0.12422537865144151,0.09374251991528279,0.3369182394796178,0.15309508463380422,0.4829559002855672,0.05019392837937979,0.1107378746020559,0.12424298294196856,0.4015493231504367,0.20846161570915728,0.3766783627063036,0.05987448539570791,0.5179890024593808,0.6598222988253323,0.41322661419660744,0.12466789596586607,0.08535787555101249,0.33305339493209285,0.19582927828653396,0.49539807414529036,0.040184021733821025,0.5081070273293656,0.12354939953994264,0.0826239074785275,0.1795450775377807,0.48872574583737927,0.0346089552332107,0.34977123845842956,0.35078607266205175,0.10419891000901393,0.11798909039028858,0.38582841437614424,0.20314274393264603,0.37632112865684403,0.05729133489359914,0.08916870883143047,0.370581349789843,0.24196570992454278,0.25482750343084387,0.07668752923476196,0.12590881080170752,0.30547739532109286,0.2706267754946123,0.3482080509736049,0.10957698176885242,0.07246618494360746,0.34278775575886566,0.18314456398804627,0.4345739610860969,0.11900524260781112,0.12380261966117652,0.17460162800451215,0.48918540059623894,0.0608420248713933,0.11904161876296708,0.0782893353785615,0.3429322668224092,0.1899996511923527,0.4377497722217318,0.13998962596206646,0.09085019390664859,0.10523767505510634,0.40390092628725627,0.16888204465641732,0.3295097596313957,0.057339777319909836,0.5307336730784791,0.49362172086519324,0.21001809941763785,0.11834261674330503,0.30239714574282994,0.08344259880040482,0.23316328534565525,0.3458738675625941,0.9446112369395692,0.4843901046111925,0.3421232804889438,0.8396396877296759,0.5480431364625196,0.37053885062556424,0.13503595707824895,0.09178445769600896,0.3380250068135144,0.206757452652359,0.46070758419164576,0.06648444350329329,0.1037616185152978,0.21416889300161057,0.0924150868076834,0.07231822531931305,0.13577092818498232,0.08345448644853716,0.3232338755813594,0.11331278669080436,0.08121533454845459,0.35167712239091076,0.15898518288452337,0.4412294529282792,0.4124707683451331,0.18840908411180257,1.0,0.45985235209932585
0.2772816053280727,0.14395330036502885,0.18578677242291866,0.669433469700863,0.19610187630679793,0.2661072339495552,0.6658696993514632,0.3306372490512789,0.6766445010806363,0.14713859832858925,0.19840939579823308,0.28539532484128727,0.6675916516195655,0.3557951889638734,0.6616570471758136,0.15628819423169227,0.18875717935060615,0.21949099879885497,0.7037891006194638,0.31518897145801716,0.3990602993297114,0.15899212077241587,0.7558989581158548,0.4554978209649027,0.7078354802818465,0.19834305340860747,0.26610680015229166,0.6686724743794203,0.38248557406303046,0.6102779491375507,0.14231616269944558,0.6518730320404591,0.19664227329722733,0.2576220032193556,0.3427279172211097,0.5751744538774587,0.1388104921821456,0.3944163169392138,0.7607155410141845,0.18280374055164295,0.26289114694290405,0.697531263186703,0.3237252675249618,0.4442786246607461,0.14999312969926681,0.17742770058187024,0.7154047573199028,0.35563440329624013,0.3805935813642215,0.15047106712597608,0.1917162784819117,0.4605271292849401,0.22347474235899795,0.8018459751368552,0.19863315766717038,0.19252002977805238,0.6668596759206669,0.35499294281409477,0.5488946731774711,0.18979103440556228,0.2601605647563722,0.3011825824511149,0.5885563326607977,0.14998783988669223,0.21085798047045423,0.19344797141903114,0.7363547127746517,0.4159553747494058,0.4685154374055584,0.1920876220576871,0.16047441766031095,0.18819341075338536,0.6864415447040314,0.30591023962680386,0.3376858583907386,0.15983714214953776,0.7443893580262426,0.8199033539908768,0.2608781660961006,0.13111374980695528,0.3221080200839629,0.08387044917954842,0.4925941815831816,0.8008765048268748,0.5111133954005543,0.9433459863936107,0.6765871715392007,0.44426372534567626,0.9036556170179149,0.7357656060149302,0.22611101498129246,0.2718921753132415,0.6773622617985817,0.38929388012346455,0.5531229028094551,0.16464234079997112,0.321572490383981,0.5319124511582862,0.2259448224984073,0.1854349450321204,0.358922962551284,0.18841316432992636,0.7264723560241615,0.19712102594251976,0.24136040528699415,0.6667469852487513,0.37774169365748395,0.5356105052389366,0.7532836600531164,0.363243070543406,0.45985235209932585,1.0
