0.0,0.0,26.2773722628,3.6496350365,1.6393442623,2.45901639344,24.5901639344,0.0,31.9672131148,2.45901639344,1.8018018018,1.8018018018,20.7207207207,0.0,23.4234234234,5.40540540541,2.12765957447,5.31914893617,39.3617021277,0.0,23.4042553191,6.3829787234,18.085106383,0.0,3.73831775701,1.92307692308,2.88461538462,21.1538461538,0.0,22.1153846154,5.76923076923,23.9583333333,3.52941176471,3.52941176471,0.0,22.3529411765,7.05882352941,5.6,12.0,1.78571428571,4.46428571429,33.0357142857,0.0,21.4285714286,5.35714285714,2.85714285714,23.5714285714,0.0,20.0,6.42857142857,0.0,0.757575757576,7.80141843972,9.92907801418,1.44927536232,0.0,29.7101449275,0.0,11.5942028986,2.1978021978,5.49450549451,0.0,30.7692307692,6.59340659341,1.51515151515,3.0303030303,26.5151515152,0.0,18.1818181818,6.06060606061,2.24719101124,5.61797752809,29.2134831461,0.0,21.3483146067,6.74157303371,25.8426966292,13.7614678899,19.2307692308,1.53846153846,66.9230769231,2.23880597015,3.73134328358,5.22388059701,3.0303030303,18.1818181818,20.202020202,3.1914893617,14.8936170213,36.170212766,2.01342281879,2.01342281879,24.8322147651,0.0,26.8456375839,4.02684563758,0.0,0.0,12.5,0.0,0.0,6.3829787234,21.9858156028,2.12765957447,0.0,32.6241134752,0.0,21.2765957447,31.914893617,53.5714285714,5.35714285714,21.4285714286
4.41176470588,1.47058823529,27.2058823529,0.0,0.0,0.0,20.9090909091,0.0,52.7272727273,0.0,0.0,0.0,17.7083333333,0.0,51.0416666667,0.0,0.0,0.0,4.5871559633,0.0,6.42201834862,0.0,0.0,0.0,0.0,0.0,0.0,11.1111111111,0.0,41.1111111111,0.0,17.5675675676,0.0,0.0,0.0,40.2777777778,0.0,7.62711864407,2.54237288136,0.0,0.0,3.36134453782,0.0,2.52100840336,0.0,0.0,12.030075188,0.0,6.01503759398,0.0,0.0,0.0,31.4960629921,3.14960629921,0.0,0.0,1.5503875969,0.0,2.32558139535,0.0,0.0,0.0,65.0,0.0,0.0,0.0,4.8,0.0,1.6,0.0,0.0,0.0,4.5871559633,0.0,5.50458715596,0.0,0.0,7.07070707071,31.6239316239,17.9487179487,48.7179487179,1.5873015873,3.96825396825,1.5873015873,3.33333333333,7.77777777778,20.0,1.2987012987,6.49350649351,36.3636363636,0.0,0.0,19.7080291971,0.0,43.0656934307,0.0,2.12765957447,4.25531914894,0.0,0.0,18.1818181818,0.0,56.0606060606,0.0,0.0,2.25563909774,2.25563909774,2.25563909774,0.0,77.1428571429,3.80952380952,10.4761904762
0.0,0.699300699301,0.0,65.7342657343,8.86075949367,0.0,20.253164557,0.632911392405,70.8860759494,1.89873417722,9.31677018634,0.0,14.9068322981,1.86335403727,67.701863354,1.86335403727,6.0,0.0,21.3333333333,0.666666666667,62.0,2.0,18.6666666667,23.4899328859,16.1073825503,3.6496350365,0.0,19.7080291971,0.729927007299,57.6642335766,2.1897810219,7.47663551402,5.6,0.0,0.0,73.6,2.4,2.7972027972,13.986013986,6.45161290323,0.0,22.5806451613,0.645161290323,56.7741935484,1.93548387097,0.0,12.4183006536,0.653594771242,40.522875817,1.96078431373,0.0,11.320754717,0.0,79.8657718121,3.24675324675,0.0,5.84415584416,1.94805194805,53.8961038961,9.32203389831,0.0,0.0,72.0338983051,2.54237288136,1.29032258065,0.0,12.9032258065,1.93548387097,50.9677419355,1.93548387097,4.66666666667,0.0,24.6666666667,0.0,60.6666666667,1.33333333333,20.0,40.8450704225,1.48148148148,0.0,10.3703703704,0.0,6.20689655172,62.0689655172,14.2857142857,21.4285714286,21.4285714286,1.5625,12.5,16.40625,9.09090909091,0.0,15.7575757576,0.606060606061,57.5757575758,3.0303030303,0.0,0.0,2.05479452055,0.0,0.0,0.0,1.2987012987,4.48717948718,0.0,10.8974358974,0.641025641026,54.4871794872,16.6666666667,46.6216216216,9.45945945946,19.5945945946
18.1102362205,9.44881889764,13.3858267717,0.0,0.0,0.0,5.46875,0.0,28.125,0.0,0.0,0.0,5.83333333333,0.0,10.0,0.0,0.0,0.0,0.0,0.0,2.60869565217,0.0,8.69565217391,2.47933884298,0.0,0.0,0.0,4.09836065574,2.45901639344,0.0,0.0,7.27272727273,0.0,0.0,0.0,0.0,0.0,0.0,3.50877192982,0.0,0.0,2.36220472441,0.0,0.0,2.36220472441,0.0,0.0,3.78787878788,2.27272727273,0.0,0.0,2.52100840336,97.7941176471,0.0,0.0,0.0,2.25563909774,2.25563909774,0.0,0.0,0.0,0.0,5.68181818182,0.0,0.0,0.0,0.0,0.0,0.0,0.0,0.0,0.0,4.67289719626,0.0,0.0,0.934579439252,7.47663551402,7.40740740741,22.9007633588,64.8854961832,12.213740458,47.2868217054,0.0,0.0,2.5641025641,0.0,0.0,3.52941176471,4.70588235294,2.35294117647,0.0,0.0,1.41843971631,0.0,7.09219858156,0.0,0.0,56.338028169,0.0,2.32558139535,34.8837209302,15.503875969,39.5348837209,0.0,0.0,2.20588235294,2.20588235294,0.0,5.88235294118,58.3333333333,2.5,1.66666666667
0.0,0.0,0.0,77.304964539,0.0,1.5503875969,55.0387596899,0.0,31.7829457364,0.0,0.0,2.63157894737,57.0175438596,0.0,28.9473684211,0.0,0.0,1.43884892086,55.3956834532,0.0,3.59712230216,0.0,26.618705036,0.0,5.97014925373,0.0,2.17391304348,65.2173913043,0.0,19.5652173913,0.0,3.81679389313,0.0,0.0,0.0,25.3012048193,0.0,0.0,9.77443609023,0.0,2.27272727273,66.6666666667,0.0,2.27272727273,0.0,0.0,59.8684210526,0.0,5.26315789474,0.0,0.0,1.34228187919,0.0,73.4693877551,0.0,1.32450331126,54.9668874172,0.0,19.2052980132,0.0,0.0,0.0,28.5714285714,0.0,0.0,2.14285714286,63.5714285714,0.0,8.57142857143,0.0,0.0,1.44927536232,51.4492753623,0.0,3.6231884058,0.0,28.9855072464,47.5609756098,2.23880597015,0.0,10.447761194,0.0,5.83941605839,66.4233576642,0.0,16.6666666667,31.25,2.60869565217,19.1304347826,26.0869565217,0.0,1.98675496689,57.6158940397,0.0,17.880794702,0.0,0.0,2.47933884298,0.0,1.36054421769,11.5646258503,0.0,11.5646258503,0.0,2.11267605634,59.1549295775,0.0,16.9014084507,20.4225352113,32.2834645669,2.36220472441,24.4094488189
0.0,1.34228187919,0.0,73.1543624161,2.14285714286,0.0,31.4285714286,0.0,36.4285714286,1.42857142857,2.25563909774,0.0,32.3308270677,0.0,36.8421052632,2.25563909774,2.08333333333,0.0,11.1111111111,11.1111111111,13.8888888889,2.08333333333,43.0555555556,2.04081632653,6.12244897959,2.52100840336,2.52100840336,26.8907563025,0.0,24.3697478992,1.68067226891,14.9606299213,2.80373831776,0.0,0.0,37.3831775701,0.934579439252,0.0,24.4604316547,2.0979020979,0.0,12.5874125874,2.7972027972,18.8811188811,2.0979020979,0.0,27.8911564626,0.0,13.6054421769,2.04081632653,0.0,0.0,6.0,77.3333333333,1.98675496689,0.0,23.178807947,0.0,23.8410596026,2.54237288136,0.0,0.0,38.9830508475,0.847457627119,2.25563909774,0.0,31.5789473684,0.0,18.045112782,2.25563909774,2.1897810219,0.0,10.2189781022,12.4087591241,12.4087591241,0.0,39.4160583942,55.5555555556,2.02702702703,0.0,6.08108108108,2.06896551724,7.58620689655,66.2068965517,0.0,16.6666666667,19.298245614,0.0,17.6923076923,24.6153846154,3.84615384615,0.0,27.5641025641,5.12820512821,26.9230769231,1.92307692308,0.0,2.75862068966,0.0,1.96078431373,0.0,0.0,5.22875816993,2.02702702703,2.02702702703,25.0,0.0,25.0,21.6216216216,34.7826086957,0.0,23.1884057971
1.97368421053,0.0,0.0,79.6052631579,0.0,0.0,38.1294964029,2.15827338129,30.9352517986,0.0,0.0,0.0,37.2413793103,4.13793103448,23.4482758621,0.0,0.0,0.0,17.4242424242,0.0,16.6666666667,0.0,78.7878787879,15.037593985,45.8646616541,0.0,0.0,36.9863013699,2.05479452055,23.2876712329,0.0,6.72268907563,0.0,0.0,2.94117647059,26.4705882353,0.0,0.0,27.0072992701,0.0,0.0,23.1343283582,0.0,16.4179104478,0.0,0.0,23.9130434783,0.0,8.69565217391,0.0,1.875,0.625,1.96078431373,69.2810457516,0.0,0.0,39.8648648649,2.02702702703,15.5405405405,0.0,0.0,0.0,26.6055045872,0.0,0.0,0.0,43.8356164384,2.05479452055,10.2739726027,0.0,0.0,0.0,12.213740458,2.29007633588,9.16030534351,0.0,76.3358778626,55.1282051282,0.0,2.17391304348,5.07246376812,0.0,1.44927536232,63.768115942,5.07246376812,44.2028985507,21.0144927536,1.85185185185,28.7037037037,30.5555555556,0.0,0.0,37.5,1.97368421053,17.1052631579,0.0,0.0,6.01503759398,2.25563909774,0.0,4.0,0.0,36.0,0.0,0.0,40.6896551724,0.0,14.4827586207,44.8275862069,14.5038167939,3.81679389313,46.5648854962
0.0,0.0,0.0,38.3720930233,0.0,0.0,38.2352941176,0.980392156863,39.2156862745,0.0,0.980392156863,0.0,39.2156862745,2.94117647059,37.2549019608,0.0,1.35135135135,0.0,32.4324324324,4.05405405405,29.7297297297,0.0,44.5945945946,53.6842105263,29.4736842105,0.0,0.0,30.1075268817,0.0,47.311827957,0.0,19.4029850746,1.13636363636,0.0,0.0,42.0454545455,0.0,1.11111111111,11.1111111111,3.2967032967,0.0,40.6593406593,1.0989010989,32.967032967,0.0,0.0,43.1818181818,1.13636363636,28.4090909091,3.40909090909,0.0,3.33333333333,3.1914893617,91.4893617021,0.0,0.0,36.4583333333,0.0,31.25,0.0,3.65853658537,3.65853658537,37.8048780488,0.0,0.0,0.0,48.4210526316,3.15789473684,33.6842105263,0.0,0.0,0.0,35.8974358974,0.0,28.2051282051,0.0,43.5897435897,57.8125,2.80373831776,3.73831775701,14.0186915888,0.934579439252,2.80373831776,38.3177570093,50.5050505051,32.3232323232,7.07070707071,50.0,33.3333333333,7.77777777778,0.0,0.0,37.8151260504,3.36134453782,34.4537815126,2.52100840336,0.0,8.10810810811,0.0,0.0,0.0,0.0,15.2941176471,0.961538461538,0.0,38.4615384615,0.0,42.3076923077,26.9230769231,4.85436893204,54.3689320388,27.1844660194
0.0,0.0,1.28205128205,12.1794871795,0.0,0.0,9.67741935484,0.806451612903,84.6774193548,0.806451612903,0.0,0.0,2.11267605634,0.0,92.9577464789,2.11267605634,2.11267605634,0.0,2.11267605634,0.0,7.04225352113,2.11267605634,2.11267605634,2.0979020979,6.99300699301,0.751879699248,0.0,2.25563909774,0.0,92.4812030075,0.0,17.5438596491,0.0,0.0,5.0,81.25,7.5,29.8387096774,2.41935483871,0.0,0.0,2.02702702703,0.0,27.7027027027,2.7027027027,0.0,6.66666666667,5.18518518519,82.2222222222,0.0,20.5673758865,2.12765957447,10.8695652174,32.6086956522,0.0,0.0,15.3846153846,2.0979020979,64.3356643357,1.42857142857,0.0,0.0,82.8571428571,0.0,0.689655172414,0.0,5.51724137931,2.06896551724,85.5172413793,2.06896551724,0.0,0.0,2.14285714286,0.0,12.1428571429,0.0,2.14285714286,45.4545454545,14.8936170213,2.12765957447,68.7943262411,0.0,0.746268656716,0.0,2.25563909774,4.51127819549,14.2857142857,4.4776119403,16.4179104478,16.4179104478,6.32911392405,1.89873417722,5.06329113924,2.53164556962,85.4430379747,0.632911392405,6.0,51.0,15.0,8.16326530612,44.8979591837,27.2108843537,42.8571428571,0.0,0.0,17.1428571429,2.14285714286,70.0,5.71428571429,69.0909090909,0.0,15.4545454545
6.25,0.0,0.0,43.0555555556,3.24675324675,0.0,11.038961039,0.0,96.1038961039,0.0,3.24675324675,0.0,7.79220779221,0.649350649351,97.4025974026,0.0,1.97368421053,0.0,2.63157894737,0.0,94.0789473684,0.0,2.63157894737,1.33333333333,2.0,3.42465753425,0.0,3.42465753425,0.0,95.2054794521,0.0,16.0,0.0,0.0,0.0,100.0,0.0,0.625,8.125,1.96078431373,0.0,6.53594771242,0.0,94.7712418301,0.0,0.0,7.59493670886,0.632911392405,93.0379746835,0.0,0.0,0.0,3.8961038961,22.0779220779,0.0,0.0,6.13496932515,0.0,93.2515337423,2.08333333333,0.0,0.0,95.1388888889,0.694444444444,0.0,0.621118012422,6.83229813665,0.0,94.4099378882,0.0,1.96078431373,0.0,1.30718954248,0.0,92.1568627451,0.653594771242,0.0,65.0602409639,10.4166666667,1.38888888889,50.6944444444,0.0,0.0,16.0583941606,3.54609929078,4.25531914894,4.25531914894,0.0,7.85714285714,4.28571428571,2.99401197605,0.0,8.38323353293,0.59880239521,97.6047904192,0.0,0.0,0.0,0.657894736842,0.0,0.0,0.0,0.0,0.0,0.0,6.17283950617,0.0,95.6790123457,1.85185185185,89.3333333333,0.0,4.0
1.5503875969,2.32558139535,0.0,16.2790697674,0.0,0.0,16.7785234899,0.0,87.9194630872,0.0,0.0,2.02702702703,11.4864864865,2.02702702703,89.8648648649,0.0,0.0,0.0,11.1940298507,0.0,84.328358209,4.4776119403,0.0,4.51127819549,2.25563909774,0.0,2.14285714286,14.2857142857,0.0,88.5714285714,0.0,15.0,0.0,0.0,0.0,84.6153846154,0.0,9.92907801418,6.3829787234,0.0,0.0,13.2352941176,2.20588235294,78.6764705882,0.0,0.0,12.3287671233,0.0,84.2465753425,0.0,0.0,0.0,10.0,32.8571428571,0.0,1.93548387097,12.9032258065,1.93548387097,82.5806451613,0.0,2.4,0.0,86.4,2.4,0.0,0.0,12.9032258065,0.0,45.8064516129,0.0,0.0,0.0,10.5263157895,2.25563909774,88.7218045113,0.0,2.25563909774,34.375,25.0,0.0,41.6666666667,0.0,5.03597122302,19.4244604317,0.0,7.91366906475,28.0575539568,0.0,7.31707317073,7.31707317073,0.0,1.88679245283,8.80503144654,0.0,87.4213836478,0.0,0.0,0.0,0.0,0.0,1.91082802548,0.0,5.09554140127,0.0,0.0,12.0805369128,0.0,81.2080536913,0.0,84.3971631206,0.0,6.3829787234
1.875,0.0,0.0,61.25,0.0,0.675675675676,12.1621621622,49.3243243243,84.4594594595,2.02702702703,0.0,1.48148148148,11.1111111111,45.1851851852,86.6666666667,3.7037037037,0.0,0.0,15.5405405405,35.1351351351,53.3783783784,6.75675675676,12.8378378378,1.94805194805,3.24675324675,0.0,2.5641025641,9.40170940171,8.54700854701,81.1965811966,2.5641025641,8.40336134454,0.0,0.0,25.7731958763,73.1958762887,1.03092783505,1.92307692308,17.9487179487,0.0,0.0,16.2337662338,24.025974026,70.7792207792,9.09090909091,0.0,4.79041916168,3.59281437126,80.8383233533,1.79640718563,1.82926829268,3.0487804878,3.75,86.875,0.0,0.0,11.8343195266,1.77514792899,81.0650887574,0.0,0.0,44.0,74.4,2.4,0.0,0.0,12.8834355828,4.90797546012,80.981595092,1.84049079755,0.0,1.3986013986,13.986013986,26.5734265734,35.6643356643,5.59440559441,9.09090909091,46.9879518072,1.94805194805,0.0,4.54545454545,0.0,4.375,75.625,4.31034482759,11.2068965517,35.3448275862,2.22222222222,8.14814814815,78.5185185185,0.0,1.79640718563,7.78443113772,35.9281437126,85.0299401198,0.0,1.2987012987,1.94805194805,5.19480519481,0.0,1.81818181818,1.81818181818,2.42424242424,0.0,0.0,13.0952380952,0.0,83.3333333333,1.19047619048,5.40540540541,0.675675675676,14.1891891892
7.14285714286,5.71428571429,0.0,34.2857142857,2.11267605634,0.0,18.3098591549,0.0,50.0,0.0,1.37931034483,0.0,17.9310344828,2.75862068966,46.8965517241,2.06896551724,0.740740740741,0.0,25.1851851852,2.96296296296,17.037037037,0.0,65.9259259259,24.4604316547,41.726618705,0.0,0.0,24.6376811594,0.724637681159,52.1739130435,0.0,14.1509433962,2.80373831776,0.0,0.934579439252,52.3364485981,0.0,2.17391304348,10.8695652174,0.735294117647,0.0,24.2647058824,0.735294117647,30.1470588235,0.0,0.0,20.7142857143,0.0,35.7142857143,0.714285714286,0.0,4.96453900709,8.66666666667,14.6666666667,0.0,0.0,20.1438848921,0.719424460432,52.5179856115,1.78571428571,0.0,2.67857142857,51.7857142857,0.0,0.0,0.0,17.1875,0.78125,53.125,0.0,0.0,0.0,26.8115942029,2.89855072464,16.6666666667,0.0,61.5942028986,46.1538461538,5.71428571429,2.14285714286,38.5714285714,1.53846153846,1.53846153846,11.5384615385,52.5547445255,44.5255474453,2.1897810219,14.0625,32.03125,30.46875,4.66666666667,0.0,25.3333333333,0.666666666667,44.6666666667,0.0,0.0,0.0,2.01342281879,0.0,0.684931506849,0.0,10.9589041096,1.43884892086,0.0,23.0215827338,1.43884892086,61.1510791367,16.5467625899,4.8951048951,50.3496503497,35.6643356643
0.0,0.0,0.0,46.9696969697,0.0,0.0,4.6875,0.0,96.875,0.0,0.0,0.0,5.10948905109,1.4598540146,93.4306569343,0.0,0.0,0.0,1.4598540146,5.83941605839,96.3503649635,0.0,0.0,0.0,2.27272727273,0.0,0.0,3.93700787402,0.787401574803,91.3385826772,2.36220472441,8.40336134454,0.0,0.0,0.0,98.4251968504,1.57480314961,2.27272727273,9.09090909091,0.0,0.0,1.40845070423,14.7887323944,23.2394366197,0.0,0.0,0.0,21.2328767123,5.47945205479,0.0,0.0,0.0,0.746268656716,83.5820895522,0.0,0.0,2.01342281879,27.5167785235,5.36912751678,0.0,0.0,2.98507462687,98.5074626866,2.98507462687,0.0,0.0,2.06896551724,25.5172413793,31.724137931,0.0,0.0,0.0,4.44444444444,8.88888888889,95.5555555556,0.0,0.0,62.5,0.740740740741,0.0,21.4814814815,0.0,6.2015503876,57.3643410853,0.0,4.16666666667,12.5,0.793650793651,2.38095238095,4.7619047619,0.0,0.0,4.69798657718,10.067114094,94.6308724832,0.0,0.0,0.0,0.0,0.0,2.75862068966,0.0,1.37931034483,0.0,1.32450331126,0.662251655629,25.8278145695,9.93377483444,1.32450331126,72.8813559322,1.69491525424,2.54237288136
3.42465753425,0.0,0.0,15.7534246575,0.0,0.0,58.7301587302,2.38095238095,79.3650793651,0.0,2.5641025641,0.0,69.2307692308,0.0,77.7777777778,2.5641025641,0.0,2.12765957447,31.2056737589,0.0,0.0,0.0,7.80141843972,0.0,4.25531914894,2.72727272727,0.0,73.6363636364,0.0,3.63636363636,0.0,26.3157894737,1.08695652174,0.0,0.0,59.7826086957,0.0,0.0,10.071942446,0.0,0.0,26.3888888889,2.08333333333,0.0,1.38888888889,0.0,14.5695364238,0.0,1.32450331126,0.0,0.0,2.04081632653,2.0,92.6666666667,2.01342281879,0.0,71.1409395973,2.01342281879,18.1208053691,0.0,0.0,0.0,66.3865546218,0.0,2.4,0.0,72.0,0.0,24.8,2.4,0.0,0.0,27.0833333333,0.0,0.0,0.0,10.4166666667,45.9459459459,2.08333333333,0.0,1.38888888889,0.0,2.81690140845,73.9436619718,1.8691588785,5.60747663551,28.0373831776,1.90476190476,2.85714285714,59.0476190476,4.05405405405,0.0,61.4864864865,0.0,46.6216216216,0.0,2.12765957447,0.0,0.0,0.0,0.0,0.0,2.61437908497,2.01342281879,1.34228187919,71.8120805369,0.0,7.38255033557,7.38255033557,17.2131147541,2.45901639344,4.91803278689
1.36054421769,0.0,0.0,26.5306122449,0.0,0.0,61.0687022901,0.0,77.8625954198,2.29007633588,0.819672131148,0.0,82.7868852459,2.45901639344,71.3114754098,0.0,2.68456375839,0.0,35.5704697987,0.671140939597,2.01342281879,0.0,16.7785234899,4.1095890411,6.16438356164,0.0,0.0,76.5217391304,3.47826086957,13.9130434783,0.0,23.275862069,0.0,0.0,0.0,49.504950495,0.0,0.0,0.657894736842,0.0,2.77777777778,31.9444444444,0.694444444444,3.47222222222,0.0,0.0,28.125,1.25,0.0,0.625,0.0,2.51572327044,7.69230769231,85.8974358974,0.0,0.0,66.0,2.66666666667,15.3333333333,0.0,0.0,0.0,64.7058823529,0.0,0.0,1.36054421769,70.7482993197,2.04081632653,19.0476190476,0.0,0.0,0.0,33.5570469799,0.0,2.01342281879,0.671140939597,17.4496644295,53.8461538462,4.1095890411,2.05479452055,7.53424657534,0.0,4.0,64.0,5.30973451327,5.30973451327,31.8584070796,2.63157894737,7.89473684211,42.1052631579,0.0,0.649350649351,68.1818181818,0.0,31.8181818182,0.0,0.0,0.0,2.32558139535,1.98675496689,0.662251655629,1.98675496689,5.29801324503,0.0,4.02684563758,73.1543624161,2.01342281879,7.38255033557,6.71140939597,18.6046511628,4.6511627907,4.6511627907
0.0,0.0,0.0,32.3308270677,0.0,3.15789473684,13.6842105263,0.0,29.4736842105,0.0,0.0,2.9702970297,12.8712871287,0.0,31.6831683168,0.0,0.0,0.0,21.875,0.0,20.3125,0.0,25.0,12.0,50.4,0.0,3.09278350515,10.3092783505,0.0,40.206185567,0.0,3.37078651685,0.0,4.34782608696,0.0,13.0434782609,0.0,0.0,9.24369747899,0.0,0.0,27.5,0.0,25.8333333333,0.0,0.0,11.9047619048,0.0,10.3174603175,0.0,0.0,0.724637681159,1.4598540146,96.3503649635,0.0,0.0,8.06451612903,0.0,35.4838709677,0.0,0.0,0.0,20.5479452055,0.0,0.0,0.0,19.8275862069,0.0,36.2068965517,0.0,0.0,0.0,22.8346456693,0.0,12.5984251969,0.0,28.3464566929,43.6363636364,0.0,0.0,3.25203252033,0.0,7.03125,67.96875,26.0,58.0,10.0,13.9240506329,25.3164556962,31.6455696203,0.0,0.0,22.9007633588,0.0,25.9541984733,0.0,2.91262135922,24.2718446602,1.94174757282,0.0,8.06451612903,0.0,63.7096774194,0.0,0.854700854701,10.2564102564,0.0,24.7863247863,60.6837606838,5.94059405941,16.8316831683,61.3861386139
0.0,0.0,0.0,13.5483870968,1.4598540146,0.0,56.9343065693,0.0,21.1678832117,0.0,1.49253731343,0.0,67.1641791045,0.0,19.4029850746,0.0,1.25786163522,0.0,50.3144654088,0.0,42.1383647799,0.0,16.3522012579,0.0,4.48717948718,1.75438596491,0.0,66.6666666667,0.0,12.2807017544,2.63157894737,21.2121212121,0.0,0.0,3.52941176471,35.2941176471,0.0,1.31578947368,23.0263157895,1.26582278481,0.0,36.7088607595,0.0,69.6202531646,1.89873417722,0.0,10.6918238994,0.0,89.9371069182,0.0,0.0,0.0,1.82926829268,94.512195122,1.93548387097,0.0,58.064516129,1.93548387097,37.4193548387,0.0,0.0,0.0,48.6956521739,0.0,2.01342281879,0.0,65.1006711409,2.01342281879,24.8322147651,0.0,1.22699386503,0.0,42.9447852761,0.0,12.8834355828,0.0,16.5644171779,37.5,1.94805194805,1.94805194805,3.8961038961,0.0,2.68456375839,75.8389261745,0.0,10.8108108108,27.027027027,2.9702970297,5.94059405941,43.5643564356,1.89873417722,0.0,67.0886075949,1.89873417722,29.746835443,0.0,0.0,0.0,0.0,0.0,0.0,0.0,3.20512820513,1.875,1.875,58.75,0.0,28.125,10.0,53.3333333333,2.22222222222,8.14814814815
0.0,0.662251655629,0.0,11.2582781457,0.78125,0.0,33.59375,2.34375,26.5625,0.0,0.0,0.0,35.5371900826,4.95867768595,31.4049586777,0.0,0.0,0.0,43.3823529412,0.735294117647,1.47058823529,2.20588235294,46.3235294118,4.83870967742,10.4838709677,1.0101010101,0.0,34.3434343434,3.0303030303,30.303030303,1.0101010101,23.6363636364,1.0752688172,0.0,4.30107526882,11.8279569892,3.22580645161,0.0,21.897810219,2.36220472441,0.0,48.031496063,0.787401574803,2.36220472441,0.0,0.0,46.7153284672,2.9197080292,0.0,2.9197080292,0.0,7.8431372549,1.92307692308,92.9487179487,0.0,0.0,26.7123287671,0.684931506849,21.9178082192,2.80373831776,0.0,3.73831775701,14.0186915888,0.0,0.0,0.0,45.5882352941,0.0,5.14705882353,0.735294117647,0.0,0.0,51.9379844961,0.0,2.32558139535,0.0,46.511627907,63.0136986301,2.77777777778,2.08333333333,2.77777777778,0.0,0.671140939597,77.1812080537,9.90990990991,63.0630630631,17.1171171171,11.2244897959,34.693877551,23.4693877551,1.37931034483,0.0,39.3103448276,3.44827586207,15.1724137931,0.0,0.0,24.8062015504,8.52713178295,2.11267605634,4.22535211268,0.0,64.0845070423,0.689655172414,0.0,23.4482758621,2.75862068966,16.5517241379,48.275862069,11.9047619048,6.34920634921,70.6349206349
0.0,0.0,0.0,16.339869281,1.38888888889,1.38888888889,18.75,0.0,45.8333333333,3.47222222222,1.6393442623,1.6393442623,25.4098360656,1.6393442623,48.3606557377,1.6393442623,0.0,0.0,49.6598639456,1.36054421769,4.08163265306,4.7619047619,15.6462585034,2.0,2.66666666667,3.0,2.0,20.0,2.0,47.0,1.0,10.5263157895,2.43902439024,0.0,0.0,35.3658536585,2.43902439024,1.40845070423,11.2676056338,0.0,1.34228187919,43.6241610738,1.34228187919,4.02684563758,3.35570469799,0.0,47.0967741935,0.0,5.16129032258,3.22580645161,0.0,1.89873417722,0.0,100.0,2.0979020979,6.99300699301,17.4825174825,10.4895104895,23.7762237762,1.78571428571,1.78571428571,0.0,18.75,1.78571428571,2.47933884298,2.47933884298,60.3305785124,1.65289256198,7.43801652893,1.65289256198,0.0,1.35135135135,48.6486486486,0.0,4.05405405405,1.35135135135,13.5135135135,59.1549295775,0.0,0.0,0.0,0.0,0.0,89.7959183673,4.71698113208,68.8679245283,16.0377358491,0.0,25.7425742574,27.7227722772,1.33333333333,2.0,40.6666666667,3.33333333333,16.0,2.0,3.42465753425,24.6575342466,3.42465753425,3.28947368421,5.26315789474,1.97368421053,32.2368421053,1.34228187919,10.7382550336,1.34228187919,26.1744966443,10.067114094,20.1342281879,3.6496350365,8.02919708029,61.3138686131
0.0,0.0,0.0,14.0,0.0,0.0,25.5813953488,3.1007751938,46.511627907,2.32558139535,0.0,0.0,21.0526315789,2.25563909774,52.6315789474,2.25563909774,0.0,0.0,30.0,2.0,0.0,2.66666666667,49.3333333333,0.680272108844,5.44217687075,0.0,0.0,26.6055045872,0.917431192661,52.2935779817,2.75229357798,6.89655172414,2.27272727273,0.0,1.13636363636,21.5909090909,3.40909090909,1.37931034483,20.6896551724,0.680272108844,0.0,27.2108843537,0.0,2.04081632653,2.04081632653,0.0,27.972027972,1.3986013986,9.79020979021,2.0979020979,0.0,0.0,0.0,99.3630573248,0.0,0.0,11.0344827586,0.689655172414,44.8275862069,1.02040816327,0.0,1.02040816327,15.306122449,3.0612244898,0.0,0.0,42.3076923077,0.0,24.6153846154,2.30769230769,0.0,0.0,24.4755244755,2.7972027972,2.0979020979,2.0979020979,43.3566433566,57.5757575758,0.0,0.0,0.0,0.0,4.69798657718,81.8791946309,2.54237288136,61.8644067797,18.6440677966,0.884955752212,36.2831858407,35.3982300885,1.2987012987,0.0,37.012987013,3.8961038961,26.6233766234,1.94805194805,0.0,33.5616438356,7.53424657534,0.0,23.4899328859,6.71140939597,63.7583892617,0.0,1.3698630137,9.58904109589,0.0,42.4657534247,56.1643835616,8.8,2.4,72.0
0.0,0.0,0.0,7.69230769231,0.689655172414,4.13793103448,25.5172413793,6.89655172414,48.275862069,2.06896551724,0.0,7.53424657534,21.9178082192,5.47945205479,42.4657534247,2.05479452055,0.0,0.0,48.3443708609,0.662251655629,10.5960264901,0.0,45.0331125828,4.69798657718,12.0805369128,0.0,7.62711864407,23.7288135593,6.77966101695,42.3728813559,0.0,6.50406504065,0.0,3.26086956522,1.08695652174,21.7391304348,0.0,4.34782608696,9.42028985507,0.0,0.0,52.0547945205,0.684931506849,29.4520547945,0.0,1.94805194805,35.0649350649,0.649350649351,43.5064935065,0.649350649351,0.0,0.649350649351,0.0,93.9024390244,0.0,1.875,45.625,2.5,3.125,0.0,2.63157894737,2.63157894737,30.701754386,2.63157894737,0.724637681159,6.52173913043,34.0579710145,5.07246376812,10.1449275362,0.724637681159,0.662251655629,0.0,43.7086092715,0.662251655629,3.97350993377,0.0,47.0198675497,63.5294117647,0.0,0.0,0.689655172414,0.0,5.36912751678,73.1543624161,8.33333333333,56.6666666667,21.6666666667,1.83486238532,22.0183486239,40.3669724771,0.0,7.5,44.375,6.25,19.375,3.125,4.25531914894,28.3687943262,7.09219858156,0.0,4.40251572327,0.0,20.1257861635,0.636942675159,1.91082802548,41.4012738854,1.27388535032,6.36942675159,24.2038216561,9.28571428571,3.57142857143,58.5714285714
0.0,0.0,0.0,8.55263157895,1.41843971631,2.12765957447,35.4609929078,17.0212765957,35.4609929078,0.709219858156,0.729927007299,2.1897810219,31.3868613139,18.2481751825,40.8759124088,2.1897810219,0.709219858156,0.0,23.4042553191,6.3829787234,2.12765957447,0.0,73.7588652482,2.11267605634,15.4929577465,0.884955752212,2.65486725664,26.5486725664,15.0442477876,20.3539823009,2.65486725664,4.46428571429,0.0,0.0,4.21052631579,18.9473684211,1.05263157895,0.0,23.0215827338,0.709219858156,0.709219858156,21.9858156028,4.96453900709,0.709219858156,0.709219858156,0.0,32.8767123288,2.7397260274,1.3698630137,0.0,0.0,0.657894736842,0.657894736842,98.0263157895,1.38888888889,0.0,20.8333333333,15.9722222222,3.47222222222,0.961538461538,0.0,4.80769230769,18.2692307692,0.961538461538,1.4598540146,0.0,37.2262773723,11.6788321168,1.4598540146,0.0,0.0,0.0,22.695035461,2.12765957447,0.709219858156,0.0,57.4468085106,51.1627906977,4.13793103448,0.0,0.689655172414,0.675675675676,4.05405405405,81.0810810811,2.47933884298,55.3719008264,21.4876033058,0.980392156863,30.3921568627,30.3921568627,1.36054421769,0.0,27.8911564626,12.925170068,14.2857142857,0.680272108844,0.0,40.2877697842,9.35251798561,0.0,40.0,9.65517241379,35.8620689655,0.0,0.0,11.6438356164,19.8630136986,4.1095890411,45.8904109589,9.15492957746,1.40845070423,57.7464788732
0.0,0.0,0.0,17.7631578947,0.0,5.67375886525,34.0425531915,2.83687943262,11.3475177305,0.0,0.0,6.29370629371,33.5664335664,0.0,15.3846153846,2.0979020979,0.0,2.06896551724,26.2068965517,2.06896551724,11.724137931,0.0,22.7586206897,34.0,51.3333333333,2.47933884298,6.61157024793,37.1900826446,0.0,14.0495867769,0.826446280992,11.8181818182,0.0,4.67289719626,2.80373831776,8.41121495327,2.80373831776,0.0,36.3636363636,0.0,3.47222222222,21.5277777778,0.0,14.5833333333,0.694444444444,3.47222222222,25.6944444444,1.38888888889,11.1111111111,0.0,0.0,0.0,0.0,96.7741935484,1.31578947368,1.31578947368,36.1842105263,0.0,13.1578947368,0.0,2.75229357798,0.0,8.25688073394,0.0,2.85714285714,2.14285714286,42.1428571429,2.14285714286,7.85714285714,0.0,0.0,1.37931034483,24.8275862069,2.06896551724,11.724137931,0.689655172414,26.8965517241,63.8554216867,0.0,0.0,4.8951048951,0.0,3.4965034965,79.020979021,9.83606557377,38.5245901639,17.2131147541,7.08661417323,25.9842519685,18.8976377953,0.0,5.16129032258,27.7419354839,1.93548387097,7.74193548387,0.0,6.56934306569,15.3284671533,2.1897810219,0.0,13.7931034483,0.0,26.2068965517,1.97368421053,3.28947368421,37.5,1.31578947368,11.1842105263,17.1052631579,24.8175182482,4.3795620438,48.1751824818
0.0,0.0,0.0,17.4496644295,0.0,0.0,33.0935251799,4.31654676259,89.2086330935,0.0,0.0,0.0,34.8148148148,4.44444444444,83.7037037037,0.0,0.0,0.0,9.09090909091,2.0979020979,93.006993007,0.0,6.29370629371,7.19424460432,5.75539568345,0.0,0.0,32.4786324786,6.83760683761,81.1965811966,0.0,6.72268907563,0.0,0.0,2.65486725664,45.1327433628,0.0,7.63888888889,13.1944444444,0.0,0.0,15.1724137931,2.06896551724,90.3448275862,0.0,0.0,4.51612903226,0.0,93.5483870968,0.0,2.0,0.0,0.0,98.75,0.0,0.0,3.75,1.25,91.25,0.0,0.0,0.0,85.4545454545,0.0,0.0,0.0,6.53594771242,4.57516339869,58.1699346405,0.0,0.0,0.0,8.39160839161,2.0979020979,86.7132867133,0.0,5.59440559441,43.75,0.0,0.0,6.61764705882,0.0,1.41843971631,63.829787234,2.45901639344,24.5901639344,53.2786885246,1.73913043478,17.3913043478,47.8260869565,0.0,0.0,16.0256410256,5.12820512821,92.3076923077,0.0,2.11267605634,7.74647887324,1.40845070423,0.0,0.0,0.0,6.45161290323,0.0,0.0,3.87096774194,1.93548387097,54.1935483871,32.2580645161,11.1940298507,2.23880597015,23.1343283582
0.0,0.0,0.694444444444,25.0,0.0,0.0,18.8811188811,0.0,51.7482517483,0.699300699301,1.49253731343,0.0,17.1641791045,0.0,54.4776119403,0.0,0.0,0.0,15.1079136691,0.0,6.47482014388,0.719424460432,75.5395683453,4.72440944882,14.9606299213,0.917431192661,0.0,20.1834862385,1.83486238532,42.2018348624,0.917431192661,7.60869565217,0.0,0.0,1.14942528736,24.1379310345,0.0,0.0,19.3798449612,1.53846153846,0.0,9.23076923077,0.0,10.7692307692,0.0,0.0,15.0,0.714285714286,2.14285714286,0.714285714286,0.657894736842,1.97368421053,0.0,96.644295302,0.0,0.0,30.6451612903,1.61290322581,35.4838709677,0.0,0.0,0.943396226415,19.8113207547,0.0,0.0,0.0,25.9541984733,0.763358778626,30.534351145,0.0,0.0,0.719424460432,15.8273381295,0.0,7.19424460432,0.0,68.345323741,67.1641791045,0.0,0.699300699301,2.0979020979,0.0,4.79452054795,82.8767123288,9.00900900901,67.5675675676,17.1171171171,1.0752688172,29.0322580645,39.7849462366,2.02702702703,0.0,14.1891891892,0.0,32.4324324324,0.0,2.0979020979,38.4615384615,0.699300699301,0.0,5.0,0.0,47.8571428571,0.0,0.0,25.78125,1.5625,37.5,45.3125,2.83687943262,9.21985815603,66.6666666667
0.0,0.0,0.0,4.45859872611,0.0,0.0,24.3243243243,0.0,62.1621621622,0.0,0.0,0.0,23.4848484848,2.27272727273,71.2121212121,0.0,2.7397260274,0.0,13.0136986301,0.0,43.1506849315,0.0,21.2328767123,17.1232876712,30.1369863014,0.0,0.0,28.4210526316,3.15789473684,60.0,0.0,9.25925925926,0.0,0.0,0.0,25.8426966292,0.0,9.23076923077,17.6923076923,2.77777777778,0.0,11.1111111111,0.0,56.25,0.694444444444,0.0,14.4827586207,0.0,70.3448275862,0.0,0.0,1.32450331126,0.0,100.0,2.06896551724,0.0,15.1724137931,2.06896551724,73.1034482759,0.0,0.943396226415,0.0,34.9056603774,0.0,0.0,0.0,20.0,0.0,34.2857142857,0.0,2.01342281879,0.0,10.7382550336,0.0,16.7785234899,0.671140939597,15.4362416107,59.2105263158,0.0,0.0,4.7619047619,2.0,3.33333333333,80.6666666667,14.9122807018,55.2631578947,20.1754385965,1.88679245283,30.1886792453,31.1320754717,2.0,0.0,21.3333333333,0.0,42.0,0.0,0.0,58.940397351,1.32450331126,3.35570469799,60.4026845638,2.68456375839,36.2416107383,2.02702702703,0.0,16.8918918919,0.0,75.6756756757,21.6216216216,3.54609929078,11.3475177305,59.5744680851
0.0,0.0,0.0,17.7304964539,0.78125,3.125,15.625,6.25,62.5,2.34375,0.806451612903,5.64516129032,20.1612903226,8.06451612903,71.7741935484,0.0,0.0,1.69491525424,25.4237288136,1.69491525424,41.5254237288,0.0,57.6271186441,14.6153846154,50.0,2.65486725664,1.76991150442,19.4690265487,8.84955752212,61.9469026549,0.0,8.24742268041,0.0,5.15463917526,3.09278350515,34.0206185567,0.0,0.0,19.5488721805,0.0,0.0,24.6031746032,1.5873015873,55.5555555556,0.0,0.0,18.4,0.0,26.4,0.0,0.0,4.13793103448,2.05479452055,94.5205479452,0.0,0.0,16.3793103448,0.862068965517,67.2413793103,0.0,5.4347826087,8.69565217391,29.347826087,1.08695652174,0.0,0.0,21.4876033058,2.47933884298,39.6694214876,0.0,0.0,0.0,25.0,5.0,17.5,0.0,53.3333333333,46.835443038,0.0,2.15827338129,0.719424460432,0.0,4.16666666667,75.0,17.6991150442,51.3274336283,18.5840707965,8.77192982456,21.9298245614,32.4561403509,0.0,2.9197080292,22.6277372263,5.83941605839,37.9562043796,0.0,2.36220472441,26.7716535433,3.93700787402,2.1897810219,12.4087591241,0.0,56.9343065693,0.0,0.0,11.1111111111,0.0,69.8412698413,42.8571428571,6.50406504065,16.2601626016,52.8455284553
0.0,0.0,0.684931506849,17.8082191781,0.0,0.0,15.7142857143,17.1428571429,65.0,0.0,0.78125,0.0,19.53125,16.40625,68.75,0.0,0.0,0.0,19.4244604317,14.3884892086,17.9856115108,0.0,55.3956834532,3.84615384615,33.8461538462,0.0,0.0,18.3486238532,19.2660550459,61.4678899083,0.0,6.66666666667,0.0,0.0,14.6341463415,48.7804878049,0.0,4.1095890411,15.0684931507,0.0,0.0,8.9552238806,17.1641791045,22.3880597015,0.0,0.0,4.92957746479,13.3802816901,9.85915492958,0.0,0.0,1.26582278481,2.64900662252,97.3509933775,0.0,0.0,5.42635658915,18.6046511628,66.6666666667,0.0,0.0,18.1818181818,48.8636363636,0.0,0.0,0.806451612903,23.3870967742,18.5483870968,37.0967741935,0.0,0.0,0.0,15.2173913043,10.1449275362,13.0434782609,0.0,42.0289855072,57.1428571429,0.0,2.15827338129,0.719424460432,0.0,5.14705882353,64.7058823529,13.2231404959,63.6363636364,20.6611570248,0.0,41.935483871,40.8602150538,0.699300699301,0.0,15.3846153846,17.4825174825,43.3566433566,0.0,0.787401574803,28.3464566929,2.36220472441,0.0,10.2189781022,2.1897810219,41.6058394161,0.0,0.0,10.8695652174,17.3913043478,58.6956521739,46.3768115942,2.22222222222,9.62962962963,65.9259259259
0.0,0.0,0.0,9.03225806452,0.680272108844,0.0,23.8095238095,0.680272108844,59.1836734694,0.0,0.0,0.757575757576,31.8181818182,0.0,55.303030303,0.0,0.0,0.0,32.3943661972,0.704225352113,44.3661971831,0.704225352113,55.6338028169,8.72483221477,66.4429530201,0.0,0.0,34.6153846154,0.0,51.9230769231,0.961538461538,9.43396226415,0.0,1.04166666667,0.0,36.4583333333,0.0,0.0,22.5165562914,0.0,0.0,26.4285714286,3.57142857143,57.1428571429,0.0,0.0,38.1294964029,1.43884892086,47.4820143885,0.719424460432,0.0,0.0,0.0,97.4842767296,1.3698630137,1.3698630137,39.0410958904,2.7397260274,31.5068493151,0.0,1.02040816327,3.0612244898,33.6734693878,2.04081632653,0.0,0.719424460432,50.3597122302,0.0,30.9352517986,0.0,0.694444444444,0.0,35.4166666667,3.47222222222,36.8055555556,0.694444444444,40.9722222222,77.7777777778,0.0,0.657894736842,0.657894736842,0.0,1.875,85.0,5.21739130435,69.5652173913,17.3913043478,0.0,43.3628318584,22.1238938053,0.680272108844,0.0,32.6530612245,0.0,38.0952380952,0.0,1.33333333333,30.6666666667,5.33333333333,0.0,2.7027027027,0.0,33.7837837838,0.680272108844,2.04081632653,38.0952380952,1.36054421769,30.612244898,36.7346938776,8.84353741497,6.80272108844,68.7074829932
0.0,0.0,0.0,32.8467153285,2.45901639344,0.0,39.3442622951,2.45901639344,40.1639344262,0.0,5.78512396694,0.0,37.1900826446,2.47933884298,36.3636363636,0.0,4.51127819549,0.0,30.8270676692,5.26315789474,12.030075188,0.0,53.3834586466,7.8125,42.1875,3.84615384615,0.0,36.5384615385,2.88461538462,31.7307692308,0.0,9.52380952381,0.0,0.0,4.0,29.3333333333,0.0,6.76691729323,12.030075188,0.0,0.0,15.671641791,4.4776119403,7.46268656716,0.0,0.0,16.5413533835,8.27067669173,3.75939849624,0.0,0.0,2.75862068966,0.0,97.9591836735,1.52671755725,0.0,18.320610687,2.29007633588,51.1450381679,0.0,0.0,0.0,29.4736842105,0.0,5.34351145038,2.29007633588,45.8015267176,9.16030534351,17.5572519084,0.0,4.58015267176,0.0,29.0076335878,4.58015267176,8.39694656489,0.0,38.1679389313,43.0555555556,0.0,0.0,3.59712230216,0.0,4.16666666667,75.6944444444,8.41121495327,55.1401869159,28.0373831776,2.27272727273,34.0909090909,28.4090909091,4.22535211268,0.0,28.8732394366,8.45070422535,22.5352112676,0.0,0.0,0.0,0.0,0.0,0.0,0.0,33.5664335664,4.41176470588,0.0,22.0588235294,3.67647058824,48.5294117647,31.6176470588,8.77192982456,7.01754385965,57.8947368421
0.0,0.0,0.0,14.6496815287,0.0,0.0,18.2432432432,0.675675675676,38.5135135135,0.0,0.0,0.0,23.2394366197,2.11267605634,39.4366197183,0.0,0.0,0.0,21.09375,0.0,17.1875,0.0,27.34375,17.3611111111,70.8333333333,0.0,0.0,28.5714285714,2.38095238095,35.7142857143,0.0,4.23728813559,0.0,0.0,0.0,27.1844660194,0.0,0.0,13.986013986,0.0,0.0,17.5182481752,3.6496350365,18.9781021898,0.0,0.0,22.1476510067,4.02684563758,24.8322147651,0.0,0.0,0.0,0.0,94.2675159236,0.694444444444,0.0,14.5833333333,4.16666666667,30.5555555556,0.0,2.5641025641,0.0,23.0769230769,0.0,0.0,0.0,18.3098591549,7.74647887324,35.9154929577,0.0,0.0,0.0,17.2661870504,1.43884892086,19.4244604317,0.0,27.3381294964,58.2417582418,0.0,0.719424460432,2.15827338129,0.0,10.3225806452,79.3548387097,5.73770491803,75.4098360656,14.7540983607,2.54237288136,37.2881355932,32.2033898305,0.0,0.0,17.1052631579,0.0,21.7105263158,0.0,1.89873417722,44.3037974684,3.79746835443,3.28947368421,16.4473684211,0.0,48.6842105263,0.0,1.3698630137,17.8082191781,3.42465753425,31.5068493151,34.2465753425,3.28947368421,1.31578947368,73.0263157895
1.2987012987,0.649350649351,0.0,49.3506493506,4.6511627907,0.0,40.3100775194,6.97674418605,14.7286821705,0.0,5.1724137931,0.0,45.6896551724,0.0,11.2068965517,1.72413793103,4.28571428571,0.0,50.7142857143,0.714285714286,13.5714285714,0.0,33.5714285714,5.14705882353,49.2647058824,5.60747663551,0.0,55.1401869159,0.0,9.34579439252,0.0,10.5769230769,3.37078651685,3.37078651685,0.0,10.1123595506,1.12359550562,0.0,7.24637681159,3.73134328358,0.0,50.0,2.23880597015,10.447761194,0.0,0.0,43.9189189189,0.675675675676,7.43243243243,0.0,0.0,5.88235294118,4.05405405405,67.5675675676,3.44827586207,0.0,38.6206896552,0.0,25.5172413793,4.71698113208,2.83018867925,0.0,12.2641509434,0.0,1.41843971631,0.0,56.7375886525,0.0,14.8936170213,0.0,5.79710144928,0.0,50.7246376812,0.0,10.1449275362,0.0,30.4347826087,49.4117647059,2.1897810219,0.0,6.56934306569,0.0,4.8951048951,62.2377622378,10.0,41.8181818182,21.8181818182,2.94117647059,20.5882352941,26.4705882353,5.92105263158,0.0,53.9473684211,1.97368421053,16.4473684211,0.0,0.0,3.40136054422,2.04081632653,0.0,1.38888888889,0.0,11.1111111111,3.75939849624,0.0,47.3684210526,0.751879699248,13.5338345865,28.5714285714,21.0084033613,6.72268907563,43.6974789916
0.0,0.0,0.0,14.9659863946,0.671140939597,3.35570469799,20.8053691275,7.38255033557,20.1342281879,0.0,0.0,4.3795620438,16.0583941606,4.3795620438,12.4087591241,2.1897810219,0.0,1.92307692308,16.6666666667,1.92307692308,5.76923076923,0.0,42.9487179487,10.7594936709,60.7594936709,0.0,2.36220472441,16.5354330709,6.29921259843,10.2362204724,0.0,12.1739130435,0.990099009901,1.9801980198,1.9801980198,5.94059405941,0.0,0.0,15.8273381295,0.0,1.91082802548,20.3821656051,5.73248407643,6.36942675159,0.0,2.0,19.3333333333,3.33333333333,5.33333333333,0.0,0.0,0.0,0.0,100.0,0.0,3.28947368421,15.1315789474,3.94736842105,8.55263157895,0.0,3.44827586207,8.62068965517,8.62068965517,0.0,0.740740740741,1.48148148148,23.7037037037,4.44444444444,5.92592592593,0.0,0.0,1.92307692308,12.1794871795,3.20512820513,5.76923076923,0.0,41.0256410256,59.0361445783,0.0,0.0,0.0,0.0,4.0,79.3333333333,10.1694915254,51.6949152542,30.5084745763,4.20168067227,31.0924369748,21.0084033613,0.636942675159,1.91082802548,17.1974522293,8.91719745223,7.00636942675,0.636942675159,0.0,28.5714285714,0.714285714286,0.0,8.39160839161,1.3986013986,31.4685314685,0.0,2.02702702703,17.5675675676,4.05405405405,10.8108108108,31.0810810811,9.92907801418,11.3475177305,53.9007092199
0.0,0.0,0.0,2.04081632653,1.5037593985,5.26315789474,24.0601503759,3.75939849624,51.1278195489,1.5037593985,0.0,5.64516129032,25.8064516129,7.25806451613,46.7741935484,0.806451612903,0.689655172414,1.37931034483,37.2413793103,0.0,2.06896551724,2.06896551724,52.4137931034,2.17391304348,2.17391304348,0.0,4.25531914894,15.9574468085,6.3829787234,36.170212766,1.06382978723,9.47368421053,1.23456790123,6.17283950617,1.23456790123,39.5061728395,1.23456790123,10.5633802817,23.2394366197,0.0,0.0,42.962962963,1.48148148148,11.8518518519,2.96296296296,0.684931506849,47.2602739726,2.05479452055,25.3424657534,0.0,0.0,1.3698630137,0.0,100.0,0.0,17.1428571429,13.5714285714,6.42857142857,6.42857142857,0.980392156863,3.92156862745,0.980392156863,27.4509803922,0.980392156863,0.0,8.52713178295,49.6124031008,1.5503875969,13.9534883721,1.5503875969,0.0,0.0,33.1034482759,0.0,0.0,0.689655172414,39.3103448276,56.0,0.0,0.0,0.0,0.0,5.40540540541,77.7027027027,3.125,64.5833333333,17.7083333333,0.0,30.6930693069,37.6237623762,0.684931506849,6.84931506849,30.1369863014,4.1095890411,16.4383561644,3.42465753425,2.1897810219,11.6788321168,0.729927007299,0.0,2.11267605634,2.11267605634,23.2394366197,0.675675675676,16.2162162162,11.4864864865,6.75675675676,6.08108108108,14.8648648649,4.61538461538,2.30769230769,59.2307692308
0.0,0.0,0.0,18.8679245283,83.0882352941,0.0,30.1470588235,2.20588235294,31.6176470588,2.20588235294,86.2068965517,0.0,21.3793103448,0.0,28.275862069,0.0,91.1949685535,0.0,4.40251572327,1.88679245283,2.51572327044,0.0,1.88679245283,1.89873417722,8.22784810127,90.5511811024,1.57480314961,11.811023622,0.0,7.87401574803,0.0,7.56302521008,78.7037037037,0.0,0.0,23.1481481481,0.0,1.94805194805,11.6883116883,91.5032679739,0.0,6.53594771242,0.0,3.26797385621,0.0,0.0,1.21951219512,0.0,6.09756097561,0.0,0.0,0.0,5.55555555556,87.037037037,91.5151515152,0.0,0.0,1.81818181818,6.66666666667,60.1694915254,2.54237288136,0.0,26.2711864407,2.54237288136,90.6832298137,0.0,0.621118012422,1.86335403727,3.10559006211,2.48447204969,90.2597402597,0.0,3.8961038961,0.0,4.54545454545,0.0,5.19480519481,71.5909090909,0.0,0.0,11.4093959732,0.0,4.57516339869,62.7450980392,0.0,10.3174603175,34.126984127,0.0,14.5299145299,47.0085470085,91.8238993711,0.0,13.2075471698,1.88679245283,4.40251572327,0.0,0.729927007299,0.0,0.0,0.0,0.0,2.75862068966,7.58620689655,88.198757764,0.0,3.72670807453,0.0,4.96894409938,0.0,17.1875,9.375,23.4375
0.0,0.0,0.0,17.9856115108,2.22222222222,0.0,29.6296296296,0.0,32.5925925926,0.0,0.0,0.0,30.6451612903,0.0,30.6451612903,0.0,0.0,0.0,29.3233082707,1.5037593985,13.5338345865,0.0,46.6165413534,12.9770992366,48.0916030534,2.72727272727,0.0,31.8181818182,0.0,28.1818181818,0.0,10.1851851852,3.0612244898,0.0,0.0,25.5102040816,0.0,0.0,25.5319148936,2.30769230769,0.0,33.8461538462,0.0,13.0769230769,0.0,0.0,20.5882352941,0.0,16.1764705882,0.0,0.0,3.75,0.0,98.6394557823,2.23880597015,0.0,26.8656716418,0.0,17.1641791045,0.0,0.0,0.0,24.0,0.0,2.4,0.0,32.0,2.4,12.8,0.0,2.22222222222,0.0,37.037037037,0.0,3.7037037037,0.0,38.5185185185,48.6842105263,0.0,0.0,4.22535211268,0.0,0.0,72.1428571429,14.9122807018,57.8947368421,14.0350877193,7.61904761905,35.2380952381,41.9047619048,2.02702702703,0.0,17.5675675676,0.0,18.9189189189,0.0,3.81679389313,35.8778625954,1.52671755725,0.0,7.69230769231,1.3986013986,72.027972028,2.22222222222,0.0,23.7037037037,2.22222222222,20.7407407407,53.3333333333,6.66666666667,2.96296296296,65.9259259259
0.0,0.0,0.0,3.44827586207,0.0,5.1724137931,29.3103448276,0.862068965517,44.8275862069,0.0,0.0,2.85714285714,31.4285714286,0.0,29.5238095238,0.0,1.52671755725,0.0,74.8091603053,3.0534351145,2.29007633588,0.0,34.3511450382,0.769230769231,4.61538461538,0.0,0.0,40.4494382022,0.0,30.3370786517,1.12359550562,10.6796116505,0.0,0.0,0.0,19.0476190476,0.0,1.5503875969,6.2015503876,1.53846153846,0.0,76.9230769231,0.0,2.30769230769,0.769230769231,0.0,70.7692307692,0.0,0.0,0.769230769231,0.0,1.36054421769,4.0,94.0,0.757575757576,0.0,10.6060606061,0.0,78.7878787879,0.0,3.61445783133,0.0,22.8915662651,0.0,0.806451612903,0.0,69.3548387097,0.0,12.9032258065,0.0,1.5873015873,0.0,71.4285714286,0.0,0.793650793651,0.0,31.746031746,32.183908046,0.0,2.25563909774,5.26315789474,0.740740740741,2.96296296296,61.4814814815,13.1313131313,51.5151515152,27.2727272727,3.2967032967,25.2747252747,45.0549450549,1.41843971631,0.0,51.0638297872,2.12765957447,30.4964539007,0.0,5.0,40.0,0.0,2.0979020979,38.4615384615,1.3986013986,36.3636363636,0.0,0.0,15.671641791,0.0,78.3582089552,17.1641791045,8.33333333333,11.6666666667,55.8333333333
0.0,0.0,0.0,9.15492957746,0.0,0.0,21.3114754098,5.73770491803,59.0163934426,0.0,0.0,0.0,18.6440677966,4.23728813559,57.6271186441,0.0,3.6496350365,0.0,78.102189781,0.0,2.1897810219,2.9197080292,26.2773722628,3.73134328358,33.5820895522,0.0,0.0,27.8260869565,4.34782608696,48.6956521739,0.0,21.1538461538,1.19047619048,0.0,5.95238095238,20.2380952381,0.0,4.7619047619,8.73015873016,2.9197080292,0.0,75.1824817518,0.0,9.48905109489,0.729927007299,0.0,57.4468085106,0.0,14.1843971631,0.0,1.37931034483,5.51724137931,3.97350993377,95.3642384106,0.714285714286,0.0,24.2857142857,2.14285714286,77.1428571429,0.0,0.0,7.36842105263,26.3157894737,0.0,2.5,0.0,58.3333333333,1.66666666667,39.1666666667,0.0,1.47058823529,0.0,73.5294117647,0.735294117647,6.61764705882,0.0,22.0588235294,39.7590361446,0.0,2.17391304348,0.0,0.0,2.20588235294,75.7352941176,5.55555555556,50.9259259259,34.2592592593,4.0,26.0,30.0,0.0,0.0,50.0,5.55555555556,31.9444444444,0.0,2.22222222222,42.962962963,1.48148148148,0.0,2.14285714286,4.28571428571,30.7142857143,0.0,0.0,27.2727272727,0.0,83.3333333333,15.9090909091,0.813008130081,6.50406504065,60.162601626
0.0,0.0,0.0,75.3424657534,65.4676258993,0.719424460432,5.03597122302,2.15827338129,56.8345323741,0.0,68.9655172414,0.0,4.13793103448,2.75862068966,53.1034482759,0.689655172414,62.5,0.0,6.25,1.38888888889,61.8055555556,0.0,0.0,0.735294117647,2.94117647059,67.4242424242,0.0,3.0303030303,0.0,52.2727272727,0.0,24.1379310345,56.1983471074,0.0,0.0,52.8925619835,0.0,0.0,13.5135135135,63.0136986301,0.0,4.79452054795,0.0,54.1095890411,2.7397260274,0.0,4.25531914894,0.0,66.6666666667,2.12765957447,53.8461538462,3.84615384615,0.0,64.7058823529,60.2739726027,0.0,3.42465753425,0.0,52.0547945205,52.2727272727,0.0,3.0303030303,58.3333333333,0.0,64.8648648649,0.675675675676,4.05405405405,0.0,51.3513513514,0.0,60.9929078014,0.0,6.3829787234,1.41843971631,53.1914893617,0.0,0.709219858156,33.7209302326,0.0,0.0,24.1379310345,0.0,1.43884892086,39.5683453237,2.34375,3.125,38.28125,8.59375,0.0,20.3125,69.0322580645,0.0,4.51612903226,1.93548387097,51.6129032258,0.0,2.0979020979,0.0,2.0979020979,1.96078431373,0.0,0.653594771242,0.0,67.1052631579,0.0,1.31578947368,0.657894736842,49.3421052632,0.0,50.0,6.42857142857,5.71428571429
0.0,0.0,0.0,42.1052631579,0.0,0.0,28.0,7.2,36.0,0.0,0.0,0.0,40.9523809524,2.85714285714,37.1428571429,0.0,0.0,0.0,18.045112782,4.51127819549,7.51879699248,0.751879699248,33.0827067669,5.55555555556,6.34920634921,0.0,0.0,42.3076923077,5.76923076923,23.0769230769,0.0,6.30630630631,0.0,0.0,6.66666666667,42.2222222222,0.0,5.97014925373,26.8656716418,0.0,0.0,20.1550387597,7.7519379845,10.0775193798,0.0,0.0,12.030075188,6.76691729323,3.75939849624,0.0,0.0,2.08333333333,2.0979020979,95.1048951049,0.0,0.0,32.5925925926,4.44444444444,21.4814814815,1.90476190476,0.0,5.71428571429,39.0476190476,0.0,0.0,0.0,30.303030303,0.0,21.9696969697,0.0,0.0,0.0,16.7938931298,9.16030534351,3.0534351145,0.0,32.0610687023,43.1818181818,3.73134328358,0.0,9.70149253731,0.0,7.87401574803,36.2204724409,9.52380952381,13.3333333333,13.3333333333,5.71428571429,12.380952381,27.619047619,2.02702702703,0.0,39.1891891892,6.75675675676,33.7837837838,0.0,0.0,1.90476190476,0.0,0.0,4.3795620438,2.1897810219,10.9489051095,0.0,0.0,32.5925925926,4.44444444444,20.7407407407,25.1851851852,46.9565217391,6.95652173913,18.2608695652
0.0,2.08333333333,0.0,52.7777777778,27.0833333333,0.0,8.33333333333,4.16666666667,65.9722222222,0.0,20.8,0.0,11.2,3.2,61.6,0.0,0.0,2.72108843537,3.40136054422,23.8095238095,8.84353741497,2.04081632653,54.4217687075,1.33333333333,2.66666666667,30.7692307692,0.0,11.1111111111,2.5641025641,59.8290598291,0.0,2.60869565217,10.8910891089,0.0,0.0,51.4851485149,0.0,2.15827338129,30.2158273381,1.98675496689,4.6357615894,6.62251655629,24.5033112583,18.5430463576,0.0,10.1910828025,3.82165605096,31.2101910828,5.73248407643,9.55414012739,0.636942675159,0.0,2.01342281879,95.9731543624,5.84415584416,9.09090909091,3.8961038961,31.1688311688,19.4805194805,13.0434782609,2.60869565217,5.21739130435,50.4347826087,0.0,23.4899328859,2.68456375839,4.02684563758,7.38255033557,48.322147651,4.02684563758,2.0,0.0,0.0,25.3333333333,5.33333333333,0.0,50.6666666667,39.6396396396,7.24637681159,0.0,5.07246376812,0.0,7.04225352113,38.7323943662,0.0,6.55737704918,19.6721311475,0.0,3.25203252033,23.5772357724,28.6624203822,3.1847133758,7.64331210191,21.6560509554,55.4140127389,2.54777070064,1.66666666667,6.66666666667,0.0,0.0,3.47222222222,4.16666666667,6.25,26.6666666667,1.33333333333,9.33333333333,3.33333333333,50.0,4.66666666667,57.3529411765,4.41176470588,10.2941176471
0.0,1.62601626016,0.0,40.6504065041,6.34920634921,0.0,18.253968254,5.55555555556,44.4444444444,0.0,10.2803738318,1.8691588785,17.7570093458,0.0,57.0093457944,0.0,0.0,2.45901639344,0.819672131148,7.37704918033,4.09836065574,0.0,55.737704918,0.0,5.12820512821,7.33944954128,0.0,14.6788990826,2.75229357798,61.4678899083,0.0,4.13223140496,5.68181818182,0.0,3.40909090909,60.2272727273,2.27272727273,5.08474576271,36.4406779661,2.45901639344,4.09836065574,4.09836065574,7.37704918033,11.4754098361,1.6393442623,14.2857142857,0.0,15.7894736842,18.7969924812,7.51879699248,0.0,2.41935483871,2.36220472441,93.7007874016,3.07692307692,2.30769230769,6.92307692308,13.0769230769,23.0769230769,4.90196078431,0.0,0.0,38.2352941176,0.0,4.2735042735,15.3846153846,11.1111111111,8.54700854701,29.9145299145,2.5641025641,0.0,3.25203252033,4.06504065041,4.87804878049,4.87804878049,0.0,51.2195121951,50.4761904762,11.9402985075,0.0,8.9552238806,0.0,3.59712230216,23.0215827338,0.970873786408,13.5922330097,39.8058252427,0.0,12.3711340206,19.587628866,7.53424657534,2.05479452055,15.0684931507,8.21917808219,47.2602739726,2.05479452055,0.0,3.48837209302,1.16279069767,2.38095238095,0.0,0.0,11.1111111111,6.25,0.0,10.9375,2.34375,62.5,6.25,62.1848739496,0.0,14.2857142857
1.48148148148,0.0,0.0,40.0,49.2063492063,0.0,21.4285714286,0.0,54.7619047619,2.38095238095,57.0175438596,0.0,10.5263157895,0.0,46.4912280702,2.63157894737,1.80722891566,0.0,0.0,0.0,3.61445783133,1.80722891566,1.80722891566,0.0,0.0,63.9175257732,0.0,0.0,0.0,37.1134020619,3.09278350515,0.0,47.8873239437,0.0,0.0,28.1690140845,4.22535211268,4.41176470588,18.3823529412,1.94805194805,0.0,1.94805194805,0.0,3.24675324675,1.94805194805,0.0,0.0,0.0,1.77514792899,1.77514792899,0.0,0.0,0.0,96.644295302,64.1509433962,0.0,3.77358490566,0.0,37.7358490566,12.3595505618,0.0,0.0,41.5730337079,3.37078651685,66.6666666667,0.0,4.54545454545,0.0,25.7575757576,2.27272727273,1.19760479042,0.0,0.0,0.0,1.19760479042,1.79640718563,1.79640718563,24.0,2.27272727273,0.0,5.30303030303,0.0,9.35251798561,68.345323741,0.0,4.54545454545,23.8636363636,0.0,12.676056338,15.4929577465,55.6962025316,0.0,9.49367088608,0.0,37.3417721519,0.0,6.34920634921,6.34920634921,1.5873015873,0.0,0.0,0.0,0.0,71.0691823899,0.0,6.2893081761,0.0,30.1886792453,1.25786163522,42.2413793103,4.31034482759,5.1724137931
0.0,0.0,0.0,32.2368421053,0.0,0.0,10.9677419355,0.0,84.5161290323,18.064516129,0.0,2.22222222222,8.14814814815,8.14814814815,68.8888888889,73.3333333333,0.0,7.59493670886,0.0,8.22784810127,3.79746835443,86.0759493671,0.0,0.0,4.72972972973,0.0,4.4776119403,0.0,5.97014925373,20.1492537313,88.8059701493,2.47933884298,0.0,2.58620689655,7.75862068966,25.8620689655,72.4137931034,0.0,7.8431372549,0.0,7.64331210191,0.0,8.28025477707,0.0,89.1719745223,5.38922155689,0.0,8.38323353293,2.39520958084,88.0239520958,0.0,0.0,0.0,96.7948717949,0.0,4.79041916168,0.0,8.38323353293,0.0,0.0,0.0,1.49253731343,86.5671641791,11.1940298507,0.0,3.59281437126,0.0,9.58083832335,0.0,90.4191616766,0.0,7.05128205128,0.0,10.2564102564,3.20512820513,87.1794871795,0.0,36.1445783133,0.0,0.0,5.97014925373,0.0,4.72972972973,71.6216216216,0.0,5.42635658915,24.8062015504,0.0,4.6511627907,23.2558139535,0.0,1.79640718563,5.38922155689,7.78443113772,40.7185628743,90.4191616766,0.0,0.0,1.40845070423,3.97350993377,3.97350993377,6.62251655629,20.5298013245,0.0,1.79640718563,1.79640718563,8.38323353293,0.0,0.0,66.4285714286,0.0,8.57142857143
1.27388535032,0.0,0.0,37.5796178344,2.0979020979,31.4685314685,1.3986013986,2.7972027972,30.0699300699,67.8321678322,0.0,28.7878787879,3.0303030303,0.757575757576,20.4545454545,75.0,0.0,7.7380952381,0.0,4.7619047619,4.7619047619,86.9047619048,0.0,0.0,0.0,0.0,30.0,6.0,2.0,2.0,74.0,16.1016949153,0.0,26.6666666667,4.44444444444,2.22222222222,80.0,0.0,12.9032258065,0.0,7.22891566265,0.0,4.81927710843,0.0,89.156626506,10.843373494,0.0,3.61445783133,0.0,87.3493975904,0.0,0.0,0.0,85.2564102564,0.0,14.7928994083,0.0,3.55029585799,0.0,0.0,30.8943089431,6.50406504065,9.75609756098,72.3577235772,0.0,18.0722891566,0.0,3.61445783133,0.0,80.1204819277,0.0,7.22891566265,0.0,4.81927710843,0.0,89.156626506,0.0,57.9545454545,0.0,0.0,2.12765957447,0.0,2.0979020979,67.8321678322,0.0,4.71698113208,19.8113207547,0.0,9.67741935484,26.6129032258,0.0,21.8181818182,0.0,3.63636363636,3.0303030303,83.0303030303,2.20588235294,1.47058823529,5.14705882353,3.8961038961,5.84415584416,6.49350649351,38.961038961,0.0,18.6746987952,0.0,3.61445783133,0.0,0.0,51.9083969466,0.0,11.4503816794
1.97368421053,0.0,0.0,19.0789473684,69.5035460993,0.0,36.170212766,5.67375886525,53.1914893617,2.12765957447,85.6060606061,0.0,33.3333333333,4.54545454545,54.5454545455,0.0,11.5384615385,0.0,11.5384615385,30.7692307692,1.92307692308,0.0,56.4102564103,5.96026490066,3.31125827815,69.0909090909,0.0,40.0,1.81818181818,33.6363636364,2.72727272727,14.7826086957,68.75,0.0,0.0,30.0,0.0,2.15827338129,15.1079136691,12.0,0.0,10.6666666667,34.0,2.0,0.0,0.0,8.91719745223,3.1847133758,1.27388535032,1.91082802548,0.0,1.94805194805,5.69620253165,92.4050632911,92.2580645161,0.0,8.38709677419,0.0,3.22580645161,56.3636363636,1.81818181818,0.0,24.5454545455,2.72727272727,92.4137931034,0.0,14.4827586207,2.75862068966,0.0,0.0,4.54545454545,0.0,12.3376623377,8.44155844156,0.0,0.0,35.7142857143,59.5505617978,4.25531914894,0.0,5.67375886525,0.0,6.08108108108,60.1351351351,4.2735042735,28.2051282051,44.4444444444,1.83486238532,5.50458715596,56.880733945,80.7692307692,0.0,19.8717948718,10.8974358974,21.7948717949,0.0,0.0,0.0,0.0,0.0,1.3986013986,0.0,9.09090909091,82.5806451613,0.0,12.2580645161,5.8064516129,0.0,6.45161290323,5.71428571429,6.42857142857,32.8571428571
7.19424460432,7.19424460432,1.43884892086,30.2158273381,3.59712230216,0.0,32.3741007194,0.0,3.59712230216,0.0,1.72413793103,0.0,37.0689655172,0.0,10.3448275862,0.0,1.30718954248,0.0,15.0326797386,0.0,1.30718954248,1.96078431373,1.30718954248,4.02684563758,0.0,1.96078431373,0.0,31.3725490196,0.0,7.8431372549,0.0,1.68067226891,2.0202020202,0.0,0.0,2.0202020202,0.0,0.0,9.85915492958,1.30718954248,0.0,16.9934640523,0.0,3.26797385621,0.0,0.0,14.7435897436,0.0,3.84615384615,0.0,0.0,3.57142857143,9.70149253731,17.9104477612,0.0,0.0,5.19480519481,1.94805194805,90.9090909091,1.76991150442,0.0,0.0,5.30973451327,0.0,0.0,0.0,11.3636363636,0.0,57.5757575758,0.0,1.32450331126,0.0,13.9072847682,0.0,0.0,0.0,1.98675496689,14.7826086957,7.91366906475,2.15827338129,41.726618705,4.25531914894,10.6382978723,7.80141843972,2.88461538462,6.73076923077,11.5384615385,1.69491525424,8.47457627119,16.1016949153,1.31578947368,0.0,34.2105263158,0.0,26.9736842105,10.5263157895,17.3913043478,17.3913043478,54.347826087,21.1920529801,18.5430463576,50.9933774834,3.31125827815,0.0,1.92307692308,5.12820512821,1.92307692308,91.0256410256,0.0,78.0303030303,1.51515151515,7.57575757576
7.69230769231,2.0979020979,0.0,55.9440559441,0.0,0.0,72.7272727273,0.0,29.5454545455,0.0,2.45901639344,0.0,69.6721311475,0.0,31.1475409836,0.0,0.0,2.1897810219,18.9781021898,0.0,62.0437956204,0.0,7.29927007299,2.1897810219,6.56934306569,0.0,2.9702970297,65.3465346535,0.0,26.7326732673,0.0,14.4,0.0,0.0,2.80373831776,28.9719626168,2.80373831776,1.43884892086,9.35251798561,0.0,0.0,14.7058823529,2.20588235294,59.5588235294,0.0,1.97368421053,12.5,0.0,55.2631578947,0.0,0.0,3.22580645161,6.20689655172,8.96551724138,2.0,0.0,15.3333333333,0.0,55.3333333333,0.0,4.95867768595,0.0,26.4462809917,0.0,1.93548387097,0.0,18.064516129,1.93548387097,60.0,3.87096774194,0.0,2.29007633588,15.2671755725,0.0,59.5419847328,2.29007633588,8.39694656489,18.1818181818,2.22222222222,8.14814814815,46.6666666667,2.30769230769,6.92307692308,10.0,5.88235294118,6.86274509804,33.3333333333,2.54237288136,12.7118644068,28.813559322,0.0,0.0,51.0067114094,0.0,47.6510067114,2.01342281879,1.81818181818,4.54545454545,4.54545454545,1.93548387097,1.29032258065,2.58064516129,1.93548387097,0.0,0.0,19.3333333333,0.0,66.0,4.0,44.8818897638,0.0,15.7480314961
2.12765957447,0.0,0.0,25.5319148936,0.0,0.0,36.0902255639,0.0,21.8045112782,0.0,0.0,0.0,42.8571428571,0.0,19.7802197802,0.0,0.0,0.0,10.625,0.0,6.25,0.0,3.75,0.0,1.88679245283,0.0,3.94736842105,28.9473684211,0.0,9.21052631579,0.0,5.42635658915,0.0,0.0,0.0,13.5135135135,0.0,0.0,5.47945205479,0.0,0.0,10.5590062112,0.0,3.10559006211,0.0,0.0,6.06060606061,0.0,0.0,0.0,0.0,0.0,8.33333333333,5.12820512821,1.96078431373,0.0,15.0326797386,0.0,71.8954248366,0.0,0.0,0.0,33.3333333333,0.0,1.98675496689,1.98675496689,12.582781457,0.0,35.761589404,0.0,0.0,0.0,8.33333333333,0.0,1.28205128205,1.92307692308,1.92307692308,13.9534883721,2.87769784173,12.9496402878,61.1510791367,1.37931034483,20.0,4.8275862069,2.63157894737,7.89473684211,17.1052631579,2.58620689655,7.75862068966,30.1724137931,1.91082802548,1.91082802548,15.923566879,1.91082802548,22.9299363057,5.09554140127,0.925925925926,8.33333333333,2.77777777778,10.4938271605,35.8024691358,50.6172839506,0.0,0.0,0.0,15.8227848101,1.89873417722,77.8481012658,0.0,55.8333333333,4.16666666667,9.16666666667
1.92307692308,1.28205128205,0.0,23.0769230769,0.0,0.0,59.0604026846,0.0,14.7651006711,0.0,2.1897810219,0.0,56.204379562,0.0,13.1386861314,0.0,3.82165605096,0.0,12.7388535032,1.91082802548,1.91082802548,1.91082802548,2.54777070064,1.875,5.625,4.38596491228,0.0,51.7543859649,0.0,5.26315789474,0.0,7.87401574803,0.0,0.0,0.0,9.01639344262,0.0,2.64900662252,7.28476821192,1.91082802548,0.0,8.28025477707,0.0,1.91082802548,1.91082802548,0.0,10.7142857143,0.0,0.0,1.78571428571,0.0,4.51127819549,6.12244897959,4.08163265306,0.0,1.82926829268,5.48780487805,0.0,79.2682926829,0.0,2.12765957447,2.12765957447,6.3829787234,0.0,0.0,0.0,12.1621621622,2.02702702703,60.8108108108,0.0,0.0,3.87096774194,15.4838709677,0.0,1.93548387097,0.0,2.58064516129,34.375,10.2040816327,2.04081632653,59.1836734694,1.32450331126,5.29801324503,9.93377483444,0.0,10.6194690265,31.8584070796,2.11267605634,6.33802816901,33.0985915493,3.65853658537,0.0,37.8048780488,1.82926829268,16.4634146341,5.48780487805,8.21917808219,35.6164383562,32.8767123288,12.8205128205,32.6923076923,35.2564102564,3.84615384615,0.0,0.0,9.03614457831,0.0,81.3253012048,1.80722891566,51.4285714286,2.14285714286,10.0
1.96078431373,2.61437908497,0.0,9.15032679739,0.0,2.12765957447,58.1560283688,0.0,26.2411347518,0.0,0.0,0.0,58.9147286822,0.0,21.7054263566,4.6511627907,0.0,0.0,18.5430463576,0.0,1.98675496689,0.0,3.31125827815,1.86335403727,0.0,0.0,0.0,46.1538461538,2.88461538462,5.76923076923,0.0,9.6,0.0,0.0,0.0,9.57446808511,0.0,0.0,6.75675675676,0.0,0.0,15.243902439,0.0,0.0,0.0,0.602409638554,10.2409638554,0.0,0.0,0.0,0.0,0.0,10.4575163399,1.96078431373,0.0,0.0,11.1801242236,1.86335403727,45.3416149068,0.0,0.0,0.0,25.4385964912,0.0,0.0,0.0,12.4183006536,0.0,47.7124183007,0.0,0.0,0.0,16.8831168831,0.0,0.0,1.94805194805,3.24675324675,15.4471544715,16.4383561644,2.05479452055,60.2739726027,1.29032258065,18.064516129,7.74193548387,0.0,5.50458715596,29.3577981651,0.0,4.2735042735,41.8803418803,1.875,0.0,44.375,0.0,14.375,1.25,0.0,5.82524271845,2.91262135922,1.875,66.25,18.75,4.375,0.0,0.0,13.3757961783,0.0,78.9808917197,0.0,47.2868217054,0.0,10.8527131783
3.20512820513,1.92307692308,0.0,12.1794871795,0.0,0.0,49.3421052632,0.0,9.21052631579,0.0,0.0,0.0,51.7730496454,0.0,6.3829787234,0.0,0.0,0.0,6.875,0.0,0.0,0.0,0.0,0.0,0.0,0.0,0.0,42.4,0.0,2.4,0.0,5.83333333333,0.0,0.0,0.0,6.03448275862,0.0,0.0,1.33333333333,0.0,0.0,6.17283950617,0.0,0.0,0.0,0.0,3.59281437126,0.0,0.0,0.0,0.0,0.0,13.2911392405,1.26582278481,0.0,0.0,4.93827160494,0.0,67.9012345679,0.0,0.0,0.0,26.5151515152,0.0,0.0,0.0,10.8280254777,0.0,52.8662420382,0.0,0.0,0.0,6.875,0.0,0.0,0.0,0.0,6.66666666667,4.79452054795,0.0,71.9178082192,1.2987012987,10.3896103896,5.19480519481,0.0,1.6,12.8,0.0,1.5625,34.375,0.0,0.0,37.9518072289,0.0,16.265060241,0.0,6.96202531646,61.3924050633,22.1518987342,1.875,51.25,13.125,4.375,0.0,0.0,9.75609756098,1.82926829268,69.512195122,1.21951219512,77.1428571429,0.0,2.85714285714
2.68456375839,2.01342281879,1.34228187919,16.1073825503,3.8961038961,0.0,70.7792207792,0.649350649351,18.8311688312,0.649350649351,3.7037037037,0.0,71.8518518519,0.0,23.7037037037,0.0,0.606060606061,0.0,10.9090909091,0.0,0.0,0.0,3.63636363636,0.0,1.79640718563,2.7027027027,2.7027027027,66.6666666667,0.900900900901,5.40540540541,0.0,9.09090909091,5.40540540541,2.7027027027,0.0,7.20720720721,0.900900900901,4.7619047619,1.36054421769,1.82926829268,0.0,11.5853658537,0.609756097561,0.0,0.0,0.0,4.79041916168,0.0,1.79640718563,1.79640718563,0.0,0.0,7.74193548387,11.6129032258,0.0,0.0,5.48780487805,0.609756097561,23.7804878049,5.40540540541,2.7027027027,0.900900900901,27.027027027,0.0,0.0,0.0,20.1388888889,0.0,48.6111111111,0.0,1.82926829268,1.82926829268,7.92682926829,0.609756097561,0.0,0.0,0.0,12.6436781609,8.14814814815,0.0,45.9259259259,0.641025641026,3.20512820513,8.97435897436,5.21739130435,0.0,27.8260869565,2.47933884298,8.26446280992,32.2314049587,4.29447852761,0.0,50.3067484663,1.84049079755,9.81595092025,0.613496932515,0.0,59.5890410959,4.1095890411,0.0,35.5828220859,2.45398773006,9.20245398773,0.0,0.0,5.91715976331,0.0,84.0236686391,6.50887573964,65.034965035,3.4965034965,9.09090909091
0.0,0.0,0.0,17.7631578947,4.25531914894,0.0,61.7021276596,0.0,7.09219858156,2.12765957447,3.35570469799,0.0,61.0738255034,0.0,6.04026845638,0.0,7.8431372549,0.0,72.5490196078,0.0,1.96078431373,0.0,14.3790849673,1.3698630137,6.16438356164,3.07692307692,2.30769230769,63.8461538462,0.0,6.92307692308,0.0,20.3539823009,3.57142857143,0.0,0.0,12.5,0.0,5.55555555556,13.1944444444,6.62251655629,0.0,76.1589403974,0.0,3.97350993377,0.0,0.0,64.8648648649,2.7027027027,4.05405405405,0.0,3.28947368421,2.63157894737,0.0,93.125,5.96026490066,6.62251655629,44.3708609272,27.1523178808,3.31125827815,3.25203252033,0.0,2.43902439024,7.31707317073,0.0,4.22535211268,0.0,67.6056338028,3.52112676056,1.40845070423,1.40845070423,6.71140939597,0.0,74.4966442953,2.01342281879,2.01342281879,2.01342281879,15.4362416107,51.8518518519,0.0,0.0,2.05479452055,0.0,0.0,68.345323741,3.125,24.21875,25.0,0.0,24.5901639344,43.4426229508,9.61538461538,0.0,70.5128205128,5.76923076923,0.641025641026,1.28205128205,2.0979020979,3.4965034965,0.699300699301,0.0,0.0,2.02702702703,6.75675675676,0.0,16.875,16.875,43.75,0.0,10.625,18.045112782,4.51127819549,27.8195488722
3.47222222222,3.47222222222,0.0,65.2777777778,0.0,9.79020979021,2.7972027972,9.79020979021,23.7762237762,0.699300699301,0.0,7.80141843972,0.0,6.3829787234,12.7659574468,0.0,0.0,0.0,7.53424657534,0.0,32.1917808219,1.3698630137,47.9452054795,47.3333333333,46.6666666667,0.0,10.4,0.0,4.0,0.0,0.0,11.1111111111,0.0,9.48275862069,13.7931034483,1.72413793103,0.0,4.4776119403,16.4179104478,0.0,0.0,4.66666666667,0.0,32.0,0.0,3.4965034965,17.4825174825,0.0,9.79020979021,0.0,5.84415584416,9.09090909091,2.0979020979,26.5734265734,0.0,8.45070422535,6.33802816901,4.22535211268,7.74647887324,0.0,6.45161290323,5.64516129032,3.22580645161,1.61290322581,0.0,12.5,8.82352941176,6.61764705882,3.67647058824,0.0,0.0,0.0,9.39597315436,0.0,34.2281879195,0.671140939597,44.2953020134,60.0,0.0,2.17391304348,16.6666666667,1.5873015873,3.1746031746,46.8253968254,4.87804878049,15.4471544715,7.31707317073,2.4,8.8,5.6,0.0,8.66666666667,2.66666666667,8.0,6.0,0.0,0.0,4.79452054795,0.0,0.0,0.0,0.0,15.2317880795,0.0,11.1888111888,1.3986013986,2.7972027972,8.39160839161,44.7552447552,23.8461538462,7.69230769231,27.6923076923
5.73248407643,0.0,0.0,90.4458598726,0.0,0.0,39.8601398601,0.0,26.5734265734,0.0,0.0,0.0,41.4965986395,0.0,23.1292517007,0.0,0.0,0.0,25.0,1.92307692308,35.2564102564,0.0,48.7179487179,56.1728395062,36.4197530864,0.0,0.0,43.3628318584,2.65486725664,16.814159292,0.0,5.0,0.0,0.0,0.0,15.625,0.0,1.96078431373,42.4836601307,0.0,0.0,25.0,1.875,27.5,0.0,0.0,31.5789473684,0.0,24.3421052632,0.0,24.5161290323,5.8064516129,0.0,62.5,0.0,0.0,47.7707006369,0.0,9.55414012739,0.0,0.0,0.0,26.8518518519,0.0,0.0,0.0,49.6503496503,0.0,11.8881118881,0.0,0.0,0.0,22.0125786164,1.88679245283,30.8176100629,0.0,45.9119496855,30.5555555556,0.0,0.0,4.22535211268,0.0,1.33333333333,69.3333333333,21.2765957447,29.7872340426,7.44680851064,9.27835051546,27.8350515464,16.4948453608,0.0,0.0,42.5,0.0,9.375,0.0,0.0,2.08333333333,0.0,0.0,1.24223602484,0.0,9.31677018634,0.0,0.0,46.7532467532,0.0,7.79220779221,29.8701298701,14.3939393939,12.1212121212,55.303030303
0.0,0.0,0.0,26.9230769231,14.9253731343,7.46268656716,17.9104477612,11.9402985075,13.4328358209,14.1791044776,23.3576642336,11.6788321168,14.598540146,11.6788321168,13.1386861314,21.1678832117,3.35570469799,8.05369127517,2.01342281879,22.8187919463,2.01342281879,52.3489932886,2.01342281879,2.06896551724,12.4137931034,24.6031746032,0.0,12.6984126984,7.14285714286,10.3174603175,7.93650793651,11.3821138211,10.2803738318,3.73831775701,25.2336448598,9.34579439252,28.9719626168,3.97350993377,43.7086092715,8.90410958904,10.2739726027,2.05479452055,17.1232876712,2.05479452055,55.4794520548,6.62251655629,1.98675496689,15.2317880795,0.0,58.2781456954,6.32911392405,0.0,5.84415584416,84.4155844156,66.4516129032,1.93548387097,5.8064516129,1.93548387097,0.0,11.2068965517,2.58620689655,14.6551724138,10.3448275862,20.6896551724,66.0130718954,1.96078431373,3.26797385621,0.0,1.96078431373,1.30718954248,0.0,7.33333333333,0.0,26.0,2.0,50.6666666667,0.0,42.8571428571,8.51063829787,2.12765957447,6.3829787234,0.0,5.55555555556,68.0555555556,4.03225806452,16.1290322581,57.2580645161,4.31034482759,24.1379310345,37.0689655172,36.3636363636,7.79220779221,9.74025974026,20.7792207792,6.49350649351,46.7532467532,4.31654676259,2.15827338129,2.15827338129,0.0,0.0,1.96078431373,6.53594771242,72.4358974359,0.0,1.92307692308,0.0,0.0,1.92307692308,16.5413533835,2.25563909774,24.0601503759
0.0,0.0,0.0,74.5901639344,0.0,0.0,41.9642857143,0.0,64.2857142857,0.0,0.0,0.0,28.9719626168,2.80373831776,55.1401869159,0.0,2.27272727273,0.0,12.8787878788,0.0,3.78787878788,0.0,10.6060606061,4.6875,2.34375,0.0,0.0,43.8202247191,0.0,43.8202247191,0.0,11.4942528736,0.0,0.0,4.54545454545,30.303030303,0.0,0.0,33.606557377,0.0,0.0,17.5572519084,0.0,6.10687022901,2.29007633588,0.0,9.92907801418,0.0,3.54609929078,0.0,16.4179104478,13.4328358209,2.27272727273,83.3333333333,2.25563909774,0.0,12.030075188,0.0,79.6992481203,0.0,0.0,0.0,38.3720930233,0.0,2.32558139535,0.0,29.4573643411,0.0,63.5658914729,0.0,0.0,0.0,12.0,3.2,4.0,0.0,10.4,41.4285714286,0.0,2.34375,2.34375,0.0,6.34920634921,69.0476190476,6.74157303371,16.8539325843,55.0561797753,3.26086956522,19.5652173913,48.9130434783,2.38095238095,0.0,32.5396825397,0.0,50.0,0.0,2.72727272727,0.0,0.0,0.0,0.0,0.0,2.27272727273,2.23880597015,0.0,16.4179104478,0.0,82.8358208955,2.23880597015,12.6050420168,6.72268907563,31.9327731092
0.0,0.0,0.0,64.5390070922,3.54609929078,0.0,55.3191489362,0.0,54.609929078,0.0,4.79452054795,0.0,65.7534246575,2.05479452055,47.9452054795,0.0,1.36054421769,0.0,21.768707483,1.36054421769,5.44217687075,0.0,15.6462585034,0.0,0.0,5.0,0.0,66.6666666667,0.0,22.5,0.0,23.4782608696,9.09090909091,0.0,0.0,41.5584415584,0.0,0.0,64.0,3.44827586207,0.0,28.275862069,0.0,4.13793103448,0.0,0.0,30.0,0.0,7.5,0.0,0.0,0.0,0.0,84.076433121,9.49367088608,0.0,79.1139240506,0.0,15.1898734177,4.2735042735,0.0,0.0,36.7521367521,0.0,10.8108108108,0.0,82.4324324324,2.02702702703,8.10810810811,0.0,0.0,0.0,23.2876712329,0.0,4.1095890411,0.0,17.1232876712,35.5555555556,2.17391304348,0.0,0.0,0.0,4.02684563758,78.5234899329,2.43902439024,16.2601626016,33.3333333333,3.92156862745,16.6666666667,44.1176470588,6.75675675676,0.0,71.6216216216,0.0,14.8648648649,0.0,0.0,0.0,0.0,0.0,0.0,0.0,1.96078431373,9.375,0.0,80.625,0.0,14.375,1.875,11.4285714286,2.85714285714,52.8571428571
0.0,0.0,0.0,63.4328358209,3.90625,0.0,66.40625,0.0,25.0,0.0,4.16666666667,0.0,60.0,0.0,22.5,0.0,0.0,0.0,19.4630872483,3.35570469799,0.0,0.0,8.05369127517,0.0,2.5,0.0,0.0,63.1067961165,0.0,15.5339805825,0.0,22.1052631579,1.40845070423,0.0,0.0,16.9014084507,0.0,0.0,33.0827067669,0.0,0.0,15.2317880795,0.0,0.0,0.0,0.0,17.5675675676,0.0,0.0,1.35135135135,0.0,0.0,0.0,93.75,0.0,0.0,67.1140939597,0.0,8.05369127517,0.0,0.0,0.0,13.3333333333,1.11111111111,0.0,0.0,72.5190839695,0.0,1.52671755725,0.0,0.0,0.0,20.5128205128,0.0,1.28205128205,0.0,7.05128205128,50.6849315068,0.0,0.0,0.0,1.43884892086,5.75539568345,77.6978417266,0.0,5.82524271845,23.3009708738,0.0,13.2530120482,33.734939759,2.02702702703,0.0,58.1081081081,1.35135135135,7.43243243243,0.0,0.0,1.47058823529,0.735294117647,0.0,0.0,0.0,14.5833333333,0.0,0.0,69.5945945946,0.0,9.45945945946,9.45945945946,43.5897435897,0.0,21.3675213675
1.41843971631,0.0,0.0,81.5602836879,0.0,0.0,31.1111111111,0.0,18.5185185185,0.0,0.0,0.0,24.7863247863,0.854700854701,17.094017094,0.0,0.0,0.0,10.0,2.0,0.0,0.666666666667,24.6666666667,0.0,0.0,0.0,0.0,32.380952381,0.0,16.1904761905,0.0,31.3131313131,1.35135135135,2.7027027027,0.0,20.2702702703,0.0,1.4598540146,23.3576642336,0.0,0.0,10.8108108108,1.35135135135,0.0,0.0,0.0,22.7586206897,0.0,0.0,0.0,5.33333333333,2.66666666667,0.0,70.1388888889,0.0,0.0,64.6153846154,0.0,23.0769230769,0.0,0.0,0.0,22.3300970874,0.0,0.0,0.0,32.8467153285,1.4598540146,2.1897810219,0.0,0.0,0.0,7.38255033557,2.01342281879,0.0,0.0,20.8053691275,48.1012658228,0.0,0.0,1.43884892086,0.0,2.87769784173,79.8561151079,0.0,11.214953271,47.6635514019,0.0,14.4329896907,51.5463917526,0.0,0.0,29.1666666667,0.0,11.1111111111,0.694444444444,0.0,0.0,0.729927007299,0.0,0.0,0.0,22.695035461,0.757575757576,0.0,62.1212121212,0.0,27.2727272727,20.4545454545,30.7692307692,0.0,21.5384615385
2.05479452055,0.684931506849,0.0,75.3424657534,2.4,0.0,47.2,0.0,14.4,0.0,2.83018867925,0.0,56.6037735849,0.0,16.0377358491,0.0,0.0,0.0,13.7931034483,0.689655172414,0.0,0.0,37.2413793103,0.684931506849,0.0,3.40909090909,0.0,50.0,0.0,7.95454545455,0.0,7.20720720721,4.7619047619,0.0,0.0,19.0476190476,0.0,0.0,12.030075188,0.0,0.0,11.8881118881,0.0,0.0,0.699300699301,0.0,15.3846153846,0.0,0.0,0.0,0.0,0.0,0.0,84.1726618705,0.735294117647,0.0,43.3823529412,0.0,7.35294117647,5.66037735849,0.0,0.0,11.320754717,0.0,0.0,0.0,51.5625,0.0,0.0,0.0,0.0,0.0,13.0136986301,0.0,0.0,0.0,39.0410958904,50.0,0.0,0.0,1.5503875969,0.0,2.14285714286,80.0,0.0,22.3529411765,23.5294117647,0.0,17.7777777778,28.8888888889,2.72108843537,0.0,47.619047619,0.0,5.44217687075,0.0,0.694444444444,0.0,0.0,0.0,1.41843971631,0.0,33.3333333333,0.0,0.0,48.9361702128,0.0,8.51063829787,34.7517730496,38.28125,0.0,31.25
0.0,0.0,0.0,73.3333333333,0.0,0.0,41.0447761194,0.0,50.0,0.0,0.0,0.0,50.0,0.0,49.2424242424,0.0,0.0,0.0,33.1034482759,0.0,3.44827586207,0.0,11.724137931,0.0,5.67375886525,0.0,0.0,53.2110091743,0.0,15.5963302752,0.0,7.33944954128,0.0,0.0,0.0,21.2121212121,0.0,5.03597122302,39.5683453237,0.0,0.0,29.197080292,0.0,2.1897810219,0.0,0.0,44.8051948052,0.0,1.94805194805,0.0,0.0,0.0,0.0,79.4871794872,0.0,0.0,31.2925170068,2.04081632653,3.40136054422,0.0,0.0,0.0,27.2727272727,0.0,0.0,0.0,60.1398601399,0.0,3.4965034965,0.0,0.0,0.0,22.4637681159,0.0,3.6231884058,0.0,10.1449275362,67.5324675325,0.0,0.0,0.0,0.0,4.08163265306,73.4693877551,0.0,21.2389380531,44.2477876106,0.0,18.5185185185,50.0,1.29032258065,0.0,51.6129032258,0.0,14.1935483871,0.0,0.0,0.0,0.0,0.0,0.0,1.98675496689,1.32450331126,0.0,0.0,55.9440559441,0.0,8.39160839161,8.39160839161,8.63309352518,0.0,40.2877697842
0.0,0.0,0.0,59.4936708861,0.0,0.0,54.7008547009,0.0,39.3162393162,0.0,0.0,0.0,65.0,0.0,42.0,0.0,0.0,0.0,20.0,4.66666666667,2.0,0.0,8.0,0.0,5.09554140127,0.0,0.0,47.4747474747,0.0,30.303030303,0.0,12.3711340206,0.0,0.0,0.0,21.875,0.0,1.42857142857,30.0,0.0,0.0,12.5,2.5,0.0,1.875,0.0,6.21118012422,2.48447204969,0.0,0.0,0.0,0.0,1.97368421053,92.1052631579,0.0,0.0,31.5068493151,1.3698630137,4.1095890411,0.0,0.0,2.35294117647,32.9411764706,0.0,0.0,0.0,33.3333333333,0.0,6.52173913043,0.0,0.0,0.0,12.987012987,2.5974025974,0.0,1.94805194805,10.3896103896,49.3150684932,2.0979020979,0.0,0.0,0.0,5.55555555556,72.2222222222,0.0,21.875,55.2083333333,2.22222222222,22.2222222222,54.4444444444,0.0,0.0,38.4105960265,4.6357615894,14.5695364238,0.0,0.0,2.05479452055,0.0,0.0,1.94805194805,1.94805194805,8.44155844156,0.0,0.0,26.9503546099,3.54609929078,6.3829787234,6.3829787234,14.0350877193,4.38596491228,35.0877192982
0.0,0.0,0.0,72.0,0.0,0.0,63.6363636364,0.0,69.2307692308,0.699300699301,0.0,4.72440944882,69.2913385827,2.36220472441,63.7795275591,0.0,1.98675496689,17.880794702,14.5695364238,3.97350993377,0.0,3.31125827815,44.3708609272,0.0,4.3795620438,0.0,0.0,67.2727272727,0.0,63.6363636364,3.63636363636,10.2564102564,0.0,2.38095238095,0.0,46.4285714286,1.19047619048,2.32558139535,18.6046511628,0.0,15.1079136691,10.071942446,5.75539568345,2.15827338129,2.15827338129,18.1208053691,6.04026845638,12.0805369128,18.7919463087,2.01342281879,0.0,0.0,0.0,83.3333333333,0.0,2.04081632653,17.0068027211,2.04081632653,67.3469387755,0.0,0.0,0.0,43.6893203883,2.91262135922,0.0,4.61538461538,23.0769230769,1.53846153846,16.1538461538,1.53846153846,2.02702702703,6.08108108108,17.5675675676,3.37837837838,0.0,2.02702702703,38.5135135135,51.1363636364,0.0,0.757575757576,5.30303030303,0.0,3.4965034965,76.9230769231,6.14035087719,56.1403508772,24.5614035088,3.0303030303,27.2727272727,36.3636363636,0.0,11.1842105263,49.3421052632,5.92105263158,42.1052631579,1.31578947368,0.0,0.0,0.0,0.0,0.0,0.684931506849,13.0136986301,0.694444444444,18.0555555556,9.02777777778,3.47222222222,38.1944444444,15.2777777778,10.2941176471,4.41176470588,43.3823529412
0.0,0.0,0.0,86.4864864865,1.92307692308,0.0,19.8717948718,0.0,95.5128205128,0.0,5.19480519481,0.0,26.6233766234,0.0,93.5064935065,0.0,3.24675324675,0.0,19.4805194805,0.0,71.4285714286,0.0,7.14285714286,4.1095890411,50.6849315068,4.22535211268,0.0,23.2394366197,0.0,92.2535211268,0.0,4.31034482759,3.53982300885,0.0,0.0,83.185840708,0.0,1.35135135135,10.8108108108,2.7397260274,0.0,19.1780821918,0.0,80.1369863014,0.0,0.0,21.7105263158,0.0,51.9736842105,0.0,0.0,0.0,2.02702702703,70.9459459459,2.64900662252,0.0,10.5960264901,1.98675496689,91.3907284768,1.65289256198,0.0,0.0,74.3801652893,0.0,3.47222222222,0.0,28.4722222222,0.0,82.6388888889,0.0,5.36912751678,0.0,17.4496644295,1.34228187919,59.0604026846,0.0,7.38255033557,48.0519480519,0.0,0.0,2.20588235294,0.0,0.0,76.8115942029,3.52112676056,69.7183098592,26.0563380282,2.34375,57.03125,31.25,3.125,0.0,23.75,0.0,93.125,1.875,0.0,0.0,1.51515151515,0.0,0.0,0.0,13.5483870968,5.19480519481,0.0,12.987012987,0.0,89.6103896104,1.94805194805,0.0,3.31125827815,74.1721854305
0.0,0.0,0.0,82.3529411765,38.2113821138,0.0,28.4552845528,0.0,68.2926829268,0.813008130081,39.2,0.0,40.0,0.0,56.0,0.0,0.0,0.0,4.3795620438,0.0,20.4379562044,0.0,2.1897810219,0.0,2.45901639344,35.0877192982,0.0,36.8421052632,0.0,44.7368421053,2.63157894737,16.8316831683,45.7831325301,0.0,0.0,39.7590361446,0.0,0.0,33.8461538462,2.41935483871,0.0,7.25806451613,0.0,27.4193548387,0.806451612903,0.0,5.59440559441,0.0,93.006993007,0.699300699301,0.0,0.0,0.0,88.2352941176,35.0364963504,0.0,33.5766423358,0.0,45.9854014599,28.9719626168,0.0,0.0,41.1214953271,0.0,29.5774647887,0.0,36.6197183099,0.0,45.7746478873,0.0,0.0,0.0,4.4776119403,0.0,4.4776119403,0.0,2.98507462687,53.7037037037,0.0,0.0,10.6870229008,0.0,1.52671755725,66.4122137405,2.47933884298,12.3966942149,35.5371900826,4.21052631579,5.26315789474,46.3157894737,38.3561643836,0.0,36.301369863,0.0,58.904109589,0.0,2.5641025641,7.69230769231,1.7094017094,0.0,1.3698630137,0.0,0.684931506849,33.8129496403,0.0,35.9712230216,0.0,36.690647482,0.0,23.5772357724,1.62601626016,18.6991869919
0.657894736842,0.0,0.0,5.92105263158,0.0,17.3913043478,27.5362318841,9.42028985507,27.5362318841,73.1884057971,0.0,23.4848484848,23.4848484848,9.84848484848,13.6363636364,73.4848484848,0.0,5.73248407643,4.45859872611,8.91719745223,1.91082802548,76.4331210191,9.55414012739,1.96078431373,1.96078431373,0.0,19.1666666667,17.5,8.33333333333,18.3333333333,66.6666666667,1.8691588785,0.0,17.2043010753,16.1290322581,8.60215053763,63.4408602151,3.31125827815,5.96026490066,0.0,3.8961038961,0.0,11.038961039,14.2857142857,74.6753246753,0.0,1.26582278481,1.89873417722,79.746835443,27.2151898734,2.05479452055,0.684931506849,3.82165605096,93.6305732484,0.0,3.1847133758,5.09554140127,7.00636942675,49.0445859873,0.0,24.8,12.0,16.8,72.0,0.0,6.20689655172,5.51724137931,4.8275862069,9.65517241379,75.1724137931,0.0,7.18954248366,1.30718954248,7.8431372549,1.96078431373,69.9346405229,9.80392156863,51.3513513514,0.0,0.0,13.1034482759,0.0,1.41843971631,68.7943262411,5.55555555556,10.1851851852,44.4444444444,0.0,13.6363636364,41.8181818182,0.0,7.5,6.875,7.5,8.125,78.125,4.6875,10.9375,19.53125,3.77358490566,25.786163522,70.4402515723,1.88679245283,0.0,5.0,1.875,6.25,5.625,1.25,24.1935483871,1.61290322581,12.9032258065
0.0,1.40845070423,0.0,70.4225352113,1.61290322581,0.0,70.1612903226,0.0,32.2580645161,1.61290322581,0.0,0.0,70.0,0.0,24.1666666667,1.66666666667,0.0,0.0,0.0,2.11267605634,1.40845070423,0.0,3.52112676056,0.0,4.08163265306,0.0,0.0,52.2935779817,0.0,15.5963302752,0.917431192661,16.4948453608,0.0,0.0,0.0,30.8641975309,0.0,0.0,20.7142857143,0.0,0.0,1.36054421769,2.04081632653,3.40136054422,0.0,0.0,1.30718954248,1.96078431373,0.0,0.0,0.0,0.0,0.0,69.6296296296,0.0,0.0,5.40540540541,0.0,0.0,0.0,0.0,0.0,33.6734693878,0.0,0.0,0.0,11.5384615385,2.30769230769,4.61538461538,0.0,0.0,0.0,2.02702702703,2.02702702703,1.35135135135,0.0,3.37837837838,60.0,0.0,0.0,4.58015267176,2.12765957447,0.0,85.1063829787,0.0,10.3773584906,54.7169811321,3.0303030303,9.09090909091,45.4545454545,0.0,0.0,41.8300653595,2.61437908497,20.2614379085,1.30718954248,3.125,6.25,0.0,0.0,0.0,0.0,3.35570469799,0.0,0.0,6.75675675676,1.35135135135,6.75675675676,4.72972972973,17.7966101695,1.69491525424,16.1016949153
0.0,0.0,0.0,52.5316455696,2.30769230769,0.0,60.0,0.0,33.8461538462,0.0,2.45901639344,0.0,63.9344262295,0.0,40.1639344262,0.0,1.80722891566,0.0,13.2530120482,1.80722891566,12.0481927711,0.0,0.0,1.89873417722,29.1139240506,2.60869565217,0.0,62.6086956522,0.0,38.2608695652,0.0,18.1034482759,3.57142857143,0.0,0.0,23.8095238095,0.0,1.37931034483,41.3793103448,1.88679245283,0.0,13.8364779874,1.88679245283,40.251572327,0.0,0.0,4.24242424242,1.81818181818,8.48484848485,0.0,0.0,1.89873417722,3.79746835443,77.8481012658,1.36054421769,0.0,33.3333333333,0.0,48.2993197279,1.96078431373,0.0,0.0,33.3333333333,0.0,4.1095890411,0.0,50.6849315068,0.0,34.9315068493,0.0,0.0,0.0,5.52147239264,1.84049079755,4.90797546012,0.0,1.84049079755,53.8461538462,2.01342281879,4.02684563758,0.671140939597,0.0,2.05479452055,76.0273972603,0.952380952381,12.380952381,21.9047619048,0.961538461538,10.5769230769,24.0384615385,3.75,0.0,39.375,1.875,31.25,0.0,0.0,32.5757575758,6.81818181818,0.0,4.7619047619,2.04081632653,26.5306122449,1.98675496689,0.0,45.0331125828,0.0,38.4105960265,2.64900662252,63.8655462185,0.0,16.8067226891
0.662251655629,1.98675496689,0.0,83.4437086093,1.49253731343,0.0,30.5970149254,1.49253731343,60.447761194,0.746268656716,0.0,0.0,26.724137931,5.1724137931,50.0,0.0,0.0,0.0,17.1052631579,4.60526315789,56.5789473684,0.0,8.55263157895,6.62251655629,70.8609271523,1.92307692308,0.0,11.5384615385,0.0,50.9615384615,0.0,4.90196078431,4.0,1.33333333333,0.0,54.6666666667,1.33333333333,3.42465753425,18.4931506849,0.0,0.0,18.4931506849,4.79452054795,57.5342465753,0.0,1.98675496689,10.5960264901,5.96026490066,19.2052980132,0.0,1.88679245283,0.0,0.657894736842,75.6578947368,0.0,0.0,24.4755244755,6.99300699301,38.4615384615,3.37078651685,0.0,0.0,42.6966292135,1.12359550562,0.0,0.704225352113,14.7887323944,9.85915492958,19.7183098592,0.0,0.0,0.0,17.5675675676,4.72972972973,50.0,0.0,5.40540540541,56.7567567568,0.0,0.0,5.55555555556,0.0,4.08163265306,72.1088435374,6.06060606061,56.5656565657,19.1919191919,4.87804878049,35.3658536585,39.0243902439,1.94805194805,0.0,20.1298701299,1.94805194805,49.3506493506,0.649350649351,0.0,2.54237288136,0.0,2.08333333333,0.694444444444,0.0,0.0,3.07692307692,0.0,27.6923076923,2.30769230769,44.6153846154,10.7692307692,3.1746031746,2.38095238095,59.5238095238
1.42857142857,1.42857142857,0.0,77.1428571429,52.0833333333,0.0,39.5833333333,0.0,56.9444444444,0.0,51.724137931,0.0,45.5172413793,0.0,42.0689655172,2.06896551724,24.4897959184,0.0,25.1700680272,0.0,11.5646258503,0.0,4.7619047619,2.08333333333,12.5,52.5925925926,0.0,46.6666666667,2.22222222222,34.8148148148,0.0,16.1290322581,42.8571428571,0.0,0.0,40.0,0.0,1.42857142857,18.5714285714,31.0810810811,0.0,26.3513513514,0.0,14.8648648649,0.0,0.0,7.79220779221,0.0,0.0,3.8961038961,0.0,1.23456790123,6.20689655172,75.8620689655,63.3986928105,0.0,32.6797385621,1.96078431373,7.18954248366,41.3793103448,0.0,2.58620689655,42.2413793103,0.0,53.6912751678,0.0,44.966442953,2.01342281879,6.04026845638,0.0,16.0583941606,0.0,22.6277372263,2.1897810219,3.6496350365,0.0,5.10948905109,43.5643564356,2.05479452055,0.0,4.1095890411,0.0,8.33333333333,61.1111111111,2.30769230769,28.4615384615,33.0769230769,12.9310344828,13.7931034483,42.2413793103,55.4140127389,0.0,35.6687898089,0.0,33.7579617834,3.82165605096,0.0,2.17391304348,0.0,0.0,2.0979020979,0.0,3.4965034965,62.2516556291,0.0,35.761589404,0.0,11.2582781457,3.31125827815,9.09090909091,3.4965034965,41.2587412587
0.0,0.0,0.0,62.4161073826,2.20588235294,2.20588235294,54.4117647059,0.0,45.5882352941,0.735294117647,2.27272727273,2.27272727273,44.696969697,0.0,56.8181818182,0.0,0.0,14.3790849673,19.6078431373,1.96078431373,6.53594771242,0.0,13.7254901961,2.0979020979,2.0979020979,0.854700854701,0.0,44.4444444444,0.0,47.0085470085,0.854700854701,16.0714285714,0.0,0.0,0.0,41.5584415584,0.0,4.16666666667,13.8888888889,0.0,9.58904109589,21.2328767123,2.05479452055,10.2739726027,4.1095890411,0.0,16.049382716,0.0,16.049382716,1.85185185185,0.0,3.63636363636,1.94805194805,84.4155844156,0.0,0.0,11.724137931,4.13793103448,5.51724137931,0.0,0.0,0.0,43.8202247191,0.0,0.740740740741,0.0,40.0,2.22222222222,42.962962963,0.0,0.0,5.40540540541,17.5675675676,0.0,4.72972972973,0.0,8.78378378378,45.4545454545,2.05479452055,2.05479452055,0.684931506849,0.0,3.94736842105,71.0526315789,4.7619047619,34.126984127,45.2380952381,3.1914893617,21.2765957447,45.7446808511,0.0,7.05128205128,46.7948717949,3.84615384615,33.3333333333,0.0,0.0,0.0,0.0,3.94736842105,1.97368421053,0.0,5.92105263158,0.0,0.0,10.1351351351,3.37837837838,6.08108108108,3.37837837838,9.28571428571,4.28571428571,45.0
0.0,2.05479452055,0.0,68.4931506849,2.04081632653,0.0,69.387755102,2.04081632653,40.8163265306,0.0,2.22222222222,0.0,73.3333333333,4.44444444444,32.5925925926,0.0,2.7972027972,0.0,60.1398601399,0.0,5.59440559441,0.0,7.69230769231,0.0,1.36054421769,3.1007751938,0.0,72.0930232558,2.32558139535,21.7054263566,0.0,4.08163265306,2.10526315789,0.0,0.0,23.1578947368,0.0,8.51063829787,12.0567375887,0.675675675676,0.0,57.4324324324,0.0,34.4594594595,0.0,0.0,18.3006535948,0.0,79.0849673203,0.0,0.0,1.96078431373,2.11267605634,66.9014084507,1.27388535032,0.0,5.73248407643,5.73248407643,0.0,1.68067226891,0.0,0.0,34.4537815126,0.0,2.14285714286,0.0,77.1428571429,0.0,7.85714285714,0.0,2.72108843537,0.0,55.1020408163,0.0,1.36054421769,0.0,6.12244897959,47.5,0.0,0.0,1.43884892086,0.0,1.36054421769,80.2721088435,0.0,6.25,39.84375,0.0,8.47457627119,40.6779661017,2.7027027027,0.0,72.972972973,4.05405405405,20.9459459459,0.0,0.0,3.0534351145,0.0,0.0,0.0,0.0,6.0,0.653594771242,0.0,33.9869281046,3.92156862745,3.26797385621,5.22875816993,5.59440559441,0.0,12.5874125874
0.0,0.0,0.0,77.9220779221,0.0,0.0,31.6901408451,0.0,23.2394366197,0.0,0.0,0.0,32.1678321678,2.0979020979,22.3776223776,0.0,1.89873417722,0.0,7.59493670886,0.0,8.86075949367,0.0,3.16455696203,3.68098159509,5.52147239264,0.0,0.0,35.5371900826,0.0,18.1818181818,2.47933884298,13.8613861386,0.0,2.91262135922,0.0,20.3883495146,0.0,2.04081632653,14.9659863946,0.0,0.0,3.82165605096,1.91082802548,40.127388535,0.0,0.0,1.19760479042,1.79640718563,64.0718562874,1.79640718563,0.0,0.0,5.92105263158,75.0,0.0,0.0,5.45454545455,0.0,12.1212121212,0.0,0.0,0.0,19.298245614,0.0,0.0,0.0,13.5483870968,0.0,57.4193548387,0.0,0.0,0.0,5.38922155689,0.0,2.39520958084,1.79640718563,1.79640718563,56.9230769231,0.0,0.0,6.12244897959,0.0,4.72972972973,77.027027027,7.5,20.8333333333,28.3333333333,5.45454545455,20.0,46.3636363636,0.0,0.0,11.801242236,3.72670807453,35.4037267081,0.0,0.0,7.00636942675,1.91082802548,0.0,1.33333333333,3.33333333333,8.0,0.0,0.0,7.59493670886,1.89873417722,62.0253164557,5.06329113924,38.2352941176,6.61764705882,25.0
0.0,0.0,0.0,78.6666666667,0.0,0.0,30.5555555556,0.0,25.0,0.0,0.0,0.0,29.9319727891,0.0,27.8911564626,0.0,0.0,0.0,2.64900662252,0.0,0.0,0.0,1.98675496689,3.97350993377,1.32450331126,0.0,0.0,30.1470588235,0.0,24.2647058824,0.0,2.72727272727,0.0,0.0,0.0,23.1481481481,0.0,2.05479452055,23.2876712329,0.0,0.0,4.6357615894,0.0,2.64900662252,0.0,0.0,1.91082802548,0.0,0.0,0.0,0.0,0.625,0.0,81.5068493151,1.40845070423,0.0,26.7605633803,0.0,52.8169014085,0.0,0.0,0.0,21.6666666667,0.0,1.29032258065,0.0,32.9032258065,0.0,19.3548387097,0.0,0.0,0.0,3.42465753425,0.0,1.3698630137,0.0,4.1095890411,48.4210526316,0.0,0.0,0.0,0.0,6.47482014388,74.1007194245,2.20588235294,19.1176470588,34.5588235294,0.0,25.9259259259,34.2592592593,0.0,0.0,18.8679245283,0.0,25.786163522,0.0,0.0,20.6106870229,3.0534351145,0.0,0.0,0.0,8.66666666667,1.41843971631,0.0,28.3687943262,0.0,51.0638297872,1.41843971631,33.3333333333,0.0,35.4609929078
0.0,0.0,0.0,79.7202797203,2.32558139535,0.0,55.8139534884,0.0,71.3178294574,0.0,2.38095238095,0.0,57.9365079365,0.0,68.253968254,0.0,0.0,0.0,8.16326530612,0.0,55.7823129252,0.0,0.0,3.4965034965,38.4615384615,0.0,0.0,59.0,0.0,62.0,0.0,8.16326530612,0.0,2.35294117647,0.0,62.3529411765,0.0,3.67647058824,28.6764705882,0.0,0.0,10.4895104895,0.0,59.4405594406,0.0,0.0,8.66666666667,0.0,8.66666666667,0.0,0.0,0.0,0.0,95.2054794521,5.55555555556,0.0,62.5,0.0,40.9722222222,1.81818181818,2.72727272727,0.0,69.0909090909,0.0,3.0534351145,0.0,66.4122137405,0.0,33.5877862595,0.0,0.0,0.0,2.7397260274,0.0,49.3150684932,0.0,1.3698630137,61.25,0.0,0.0,1.40845070423,0.0,3.52112676056,82.3943661972,0.0,20.3703703704,54.6296296296,1.96078431373,15.6862745098,52.9411764706,1.3986013986,0.0,44.7552447552,0.0,53.8461538462,0.0,0.0,0.0,0.0,0.0,0.0,0.0,4.79452054795,5.67375886525,0.0,71.6312056738,0.0,16.3120567376,0.0,14.9606299213,3.14960629921,26.7716535433
1.33333333333,0.0,0.0,60.0,0.0,0.0,31.0606060606,0.0,13.6363636364,1.51515151515,1.62601626016,0.0,35.7723577236,1.62601626016,8.13008130081,0.0,5.44217687075,0.0,21.0884353741,0.0,12.925170068,1.36054421769,5.44217687075,2.12765957447,7.80141843972,1.8018018018,0.0,33.3333333333,0.0,7.20720720721,0.0,17.3913043478,0.0,0.0,0.0,5.95238095238,0.0,0.0,40.2985074627,10.5633802817,2.11267605634,33.0985915493,0.0,24.6478873239,2.11267605634,0.0,50.6756756757,4.72972972973,21.6216216216,0.675675675676,2.04081632653,0.0,4.25531914894,75.8865248227,14.9659863946,0.0,64.6258503401,0.0,8.84353741497,0.0,0.0,0.0,14.5631067961,2.91262135922,16.4285714286,0.0,66.4285714286,2.14285714286,6.42857142857,0.0,0.0,0.0,8.21917808219,0.0,0.0,2.05479452055,1.3698630137,34.1463414634,2.17391304348,0.0,2.89855072464,0.0,3.7037037037,64.4444444444,5.30973451327,16.814159292,36.2831858407,6.3829787234,15.9574468085,41.4893617021,9.65517241379,0.0,38.6206896552,2.06896551724,8.27586206897,0.0,1.6,10.4,2.4,2.17391304348,1.44927536232,2.17391304348,39.8550724638,14.4827586207,0.0,72.4137931034,0.0,9.65517241379,4.13793103448,33.8582677165,0.0,30.7086614173
0.0,0.0,2.0,32.0,3.40909090909,0.0,9.09090909091,0.0,23.8636363636,0.0,0.0,0.0,14.4444444444,0.0,22.2222222222,0.0,0.0,0.0,7.44680851064,0.0,7.44680851064,0.0,22.3404255319,54.6391752577,30.9278350515,0.0,0.0,10.7692307692,0.0,12.3076923077,0.0,12.1621621622,0.0,0.0,0.0,8.16326530612,2.04081632653,6.18556701031,8.24742268041,0.0,0.0,4.16666666667,2.08333333333,9.375,0.0,0.0,15.0537634409,0.0,33.3333333333,0.0,1.88679245283,0.0,0.0,81.4814814815,0.0,0.0,15.8536585366,0.0,40.243902439,0.0,0.0,0.0,15.5172413793,0.0,0.0,0.0,21.5909090909,1.13636363636,31.8181818182,0.0,0.0,1.0989010989,2.1978021978,0.0,4.3956043956,0.0,21.978021978,43.137254902,3.0303030303,0.0,11.1111111111,0.0,3.09278350515,65.9793814433,17.9487179487,30.7692307692,25.641025641,15.625,12.5,28.125,0.0,0.0,5.76923076923,0.961538461538,15.3846153846,0.0,0.0,0.0,0.0,0.0,0.0,0.0,43.6893203883,0.0,0.0,20.9302325581,0.0,32.5581395349,25.5813953488,28.3950617284,7.40740740741,24.6913580247
2.06896551724,0.0,0.0,66.8965517241,0.0,0.0,58.5185185185,0.0,56.2962962963,0.0,2.41935483871,0.0,59.6774193548,0.0,55.6451612903,0.0,2.22222222222,0.0,32.5925925926,0.0,34.8148148148,0.0,21.4814814815,6.92307692308,30.0,0.0,0.0,60.1769911504,0.0,32.7433628319,0.0,14.5299145299,0.0,0.0,0.0,32.2580645161,0.0,6.66666666667,31.1111111111,0.0,2.25563909774,36.0902255639,0.0,35.3383458647,0.0,0.0,23.3333333333,2.0,7.33333333333,0.0,0.0,0.0,3.8961038961,88.961038961,2.12765957447,2.12765957447,45.390070922,0.0,21.2765957447,0.0,0.0,0.0,53.2710280374,0.0,0.0,2.1897810219,52.5547445255,0.0,20.4379562044,0.0,0.0,0.0,36.0,2.4,28.8,2.4,22.4,60.4651162791,2.08333333333,2.08333333333,0.694444444444,2.06896551724,4.13793103448,66.8965517241,6.25,40.1785714286,38.3928571429,3.88349514563,34.9514563107,42.7184466019,3.94736842105,0.0,50.6578947368,1.97368421053,40.1315789474,0.0,0.0,0.0,2.17391304348,0.0,1.35135135135,0.0,0.0,0.0,2.20588235294,44.8529411765,1.47058823529,23.5294117647,16.9117647059,12.1951219512,7.31707317073,52.0325203252
0.0,1.2987012987,0.0,74.025974026,2.20588235294,0.0,61.7647058824,0.0,6.61764705882,0.0,2.25563909774,0.0,58.6466165414,0.0,8.27067669173,2.25563909774,0.0,1.98675496689,9.93377483444,0.0,1.32450331126,0.0,7.28476821192,0.0,1.94805194805,1.57480314961,0.0,64.5669291339,0.0,4.72440944882,0.0,11.3043478261,2.35294117647,0.0,0.0,4.70588235294,3.52941176471,0.0,56.5789473684,0.0,0.0,14.8387096774,0.0,1.93548387097,0.0,0.0,12.4183006536,0.0,5.22875816993,1.30718954248,0.0,0.0,0.0,85.4430379747,1.94805194805,0.0,83.7662337662,0.0,1.94805194805,1.9801980198,0.0,0.0,5.94059405941,0.0,2.0,0.0,77.3333333333,0.0,0.0,0.0,0.0,1.98675496689,6.62251655629,0.0,1.98675496689,0.0,6.62251655629,57.8947368421,0.0,0.0,0.0,0.0,1.92307692308,78.2051282051,0.0,7.03125,54.6875,0.0,12.2807017544,53.5087719298,2.5641025641,0.0,48.0769230769,0.0,3.84615384615,1.92307692308,0.0,8.57142857143,0.0,0.0,0.0,0.0,12.3376623377,3.24675324675,1.94805194805,77.9220779221,0.0,4.54545454545,15.5844155844,29.1338582677,0.0,16.5354330709
0.0,2.17391304348,0.0,81.1594202899,0.0,0.0,42.6470588235,0.0,7.35294117647,0.0,0.0,4.61538461538,33.8461538462,0.0,13.0769230769,0.0,0.0,0.0,22.3021582734,0.0,2.15827338129,1.43884892086,20.8633093525,2.15827338129,5.03597122302,0.0,0.0,31.9327731092,0.0,10.0840336134,4.20168067227,14.9122807018,0.0,0.0,3.33333333333,10.0,0.0,2.29007633588,33.5877862595,0.0,0.0,25.1851851852,2.22222222222,4.44444444444,3.7037037037,0.0,23.1884057971,2.17391304348,2.17391304348,0.0,4.05405405405,2.02702702703,6.20689655172,81.3793103448,0.0,0.0,26.3157894737,0.0,4.51127819549,0.0,5.35714285714,2.67857142857,15.1785714286,0.0,2.23880597015,0.0,26.1194029851,2.23880597015,2.23880597015,2.23880597015,0.0,0.0,23.7410071942,0.0,4.31654676259,1.43884892086,20.8633093525,65.7894736842,2.15827338129,0.0,4.31654676259,0.0,2.06896551724,76.5517241379,2.52100840336,9.24369747899,36.974789916,0.0,17.8217821782,50.495049505,4.1095890411,0.0,33.5616438356,0.0,10.2739726027,3.42465753425,0.0,1.5873015873,3.96825396825,0.0,0.0,4.58015267176,17.5572519084,0.0,0.0,28.7769784173,0.0,6.47482014388,17.2661870504,33.6,7.2,22.4
0.0,0.0,0.0,85.1351351351,0.0,2.12765957447,27.6595744681,0.0,30.4964539007,0.0,0.0,0.709219858156,31.914893617,4.25531914894,24.1134751773,0.0,0.0,0.0,21.7391304348,0.0,5.07246376812,0.0,32.6086956522,8.88888888889,29.6296296296,0.0,0.0,30.0751879699,0.0,15.037593985,2.25563909774,16.393442623,0.0,0.0,0.0,16.8224299065,0.0,0.0,23.5294117647,0.0,0.0,24.0601503759,0.0,6.01503759398,0.0,0.0,7.43243243243,8.10810810811,3.37837837838,0.0,0.0,5.19480519481,10.2040816327,78.9115646259,0.0,5.10948905109,8.75912408759,3.6496350365,16.7883211679,0.0,0.806451612903,2.41935483871,21.7741935484,0.0,0.0,0.735294117647,30.8823529412,6.61764705882,8.08823529412,0.0,0.0,0.0,19.2857142857,0.0,6.42857142857,2.14285714286,30.7142857143,64.0449438202,1.96078431373,5.88235294118,0.653594771242,0.0,2.0,74.6666666667,7.57575757576,31.8181818182,12.8787878788,0.0,23.9669421488,36.3636363636,1.97368421053,0.657894736842,22.3684210526,1.97368421053,11.8421052632,0.0,0.0,6.04026845638,1.34228187919,0.0,2.7027027027,2.02702702703,11.4864864865,0.0,8.75912408759,17.5182481752,10.2189781022,8.75912408759,25.5474452555,28.4671532847,2.1897810219,52.5547445255
1.97368421053,0.0,0.0,77.6315789474,0.0,0.0,66.4335664336,0.0,34.2657342657,0.0,0.0,0.0,63.768115942,0.0,23.9130434783,0.0,0.0,0.0,22.3602484472,1.24223602484,3.72670807453,0.0,9.31677018634,5.12820512821,6.41025641026,0.0,0.0,38.0952380952,0.0,9.52380952381,0.0,9.73451327434,0.0,0.0,3.0,21.0,0.0,0.0,33.7931034483,0.0,0.0,10.7594936709,1.26582278481,1.89873417722,1.89873417722,0.0,4.34782608696,1.24223602484,0.0,0.0,0.0,0.0,1.89873417722,84.1772151899,0.0,0.0,12.4223602484,1.86335403727,6.83229813665,0.0,0.0,1.76991150442,30.0884955752,0.0,0.0,0.0,26.8456375839,1.34228187919,8.72483221477,1.34228187919,0.0,0.0,20.2614379085,1.30718954248,5.22875816993,0.0,10.4575163399,61.3861386139,0.0,0.0,2.01342281879,0.0,1.93548387097,78.7096774194,2.38095238095,14.2857142857,41.2698412698,4.62962962963,30.5555555556,33.3333333333,0.0,0.0,33.5329341317,1.19760479042,6.58682634731,1.19760479042,1.34228187919,3.35570469799,0.0,0.0,1.94805194805,0.0,10.3896103896,0.0,1.92307692308,13.4615384615,0.0,7.05128205128,5.76923076923,8.51063829787,0.0,43.2624113475
0.0,0.0,0.0,81.5950920245,0.0,0.0,33.5526315789,0.0,46.0526315789,0.0,0.0,2.08333333333,36.8055555556,2.08333333333,50.6944444444,2.08333333333,0.0,0.0,5.42168674699,0.0,34.3373493976,1.80722891566,1.80722891566,3.75,21.875,0.0,2.5641025641,37.6068376068,2.5641025641,31.6239316239,2.5641025641,14.7826086957,0.0,0.0,3.65853658537,41.4634146341,0.0,1.97368421053,16.4473684211,0.0,0.0,6.54761904762,0.0,33.9285714286,0.0,1.78571428571,1.78571428571,1.78571428571,5.35714285714,0.0,1.79640718563,0.0,0.0,94.5454545455,0.0,0.0,17.7914110429,1.84049079755,15.9509202454,0.0,0.0,0.0,41.6666666667,0.0,0.0,0.0,29.375,1.875,26.875,1.875,0.0,0.0,4.34782608696,0.0,21.1180124224,0.0,1.86335403727,55.1724137931,0.0,0.0,2.04081632653,0.0,3.61445783133,87.9518072289,2.43902439024,16.2601626016,46.3414634146,0.0,12.0689655172,53.4482758621,1.76470588235,0.0,16.4705882353,1.76470588235,31.1764705882,0.0,0.0,2.75862068966,0.0,0.0,1.94805194805,0.0,11.038961039,0.0,0.0,25.0,1.82926829268,17.6829268293,3.65853658537,8.72483221477,2.01342281879,31.5436241611
0.0,0.0,0.0,89.5705521472,3.26797385621,0.0,56.2091503268,0.0,46.4052287582,0.0,3.44827586207,0.0,59.3103448276,2.06896551724,42.7586206897,0.0,0.0,0.0,1.76470588235,1.76470588235,0.0,0.0,0.0,0.0,0.0,1.68067226891,0.0,46.218487395,0.0,22.6890756303,0.0,8.49056603774,3.75,0.0,0.0,43.75,0.0,0.0,1.74418604651,0.0,0.0,0.0,2.8901734104,0.0,0.0,0.0,0.0,2.87356321839,0.0,0.0,0.0,0.0,0.0,65.3594771242,0.0,0.0,1.74418604651,1.16279069767,0.0,3.36134453782,0.0,0.0,52.1008403361,0.0,0.0,0.0,6.58682634731,1.79640718563,4.19161676647,0.0,0.0,0.0,1.74418604651,1.74418604651,0.0,0.0,0.0,67.9012345679,0.0,0.0,0.0,0.0,3.14465408805,92.4528301887,1.69491525424,0.0,58.4745762712,0.0,3.57142857143,29.4642857143,2.43902439024,0.0,32.9268292683,1.82926829268,25.6097560976,0.0,0.0,0.0,0.0,0.0,1.77514792899,0.0,6.50887573964,0.0,0.0,2.94117647059,1.76470588235,1.17647058824,1.76470588235,32.6388888889,0.0,3.47222222222
2.08333333333,0.0,0.0,70.8333333333,0.0,0.0,3.78787878788,2.27272727273,11.3636363636,0.0,0.0,0.0,6.25,2.34375,11.71875,0.0,0.0,0.0,27.027027027,0.0,2.02702702703,0.0,38.5135135135,3.35570469799,2.01342281879,0.0,0.0,6.89655172414,0.0,0.0,0.0,13.3333333333,0.0,0.0,0.0,0.0,0.0,0.0,18.9189189189,0.0,0.0,26.1744966443,0.0,2.01342281879,0.0,2.02702702703,12.8378378378,0.0,0.0,0.0,0.0,0.0,0.0,31.884057971,0.0,0.0,4.3795620438,0.0,2.1897810219,0.0,0.0,4.0,4.0,0.0,0.0,0.0,15.8273381295,0.0,0.0,0.0,0.0,0.0,21.0144927536,2.17391304348,2.17391304348,0.0,39.1304347826,54.2857142857,0.0,0.0,0.0,0.0,3.6231884058,84.0579710145,3.22580645161,3.22580645161,22.5806451613,0.0,4.41176470588,26.4705882353,0.0,0.0,9.33333333333,2.0,3.33333333333,0.0,0.0,42.3728813559,19.4915254237,0.0,5.71428571429,2.14285714286,20.7142857143,0.0,0.0,4.22535211268,0.0,2.11267605634,30.985915493,69.0476190476,1.5873015873,6.34920634921
0.0,0.0,0.0,78.8461538462,0.0,0.0,60.6451612903,0.0,39.3548387097,0.0,0.0,0.0,55.3459119497,0.0,32.7044025157,0.0,0.0,0.0,39.8734177215,0.0,0.0,0.0,9.49367088608,3.77358490566,1.25786163522,0.0,0.0,64.8148148148,0.0,16.6666666667,0.0,10.3448275862,0.0,0.0,0.0,21.875,0.0,0.0,16.7785234899,0.0,0.0,34.6153846154,0.0,1.92307692308,0.0,0.0,31.4465408805,0.0,3.77358490566,0.0,0.0,0.0,0.0,76.397515528,0.0,0.0,55.8441558442,0.0,16.2337662338,0.0,0.0,0.0,27.5510204082,0.0,0.0,0.0,57.6923076923,0.0,14.7435897436,0.0,0.0,0.0,36.3636363636,0.0,1.94805194805,0.0,9.74025974026,29.4871794872,0.0,0.0,0.724637681159,0.0,3.82165605096,89.8089171975,0.0,8.10810810811,23.4234234234,0.0,7.05882352941,42.3529411765,0.0,0.0,45.1219512195,0.0,19.512195122,0.0,0.0,4.08163265306,0.0,0.0,2.53164556962,1.26582278481,10.1265822785,0.0,0.0,56.7741935484,0.0,18.7096774194,3.87096774194,25.1748251748,0.0,20.2797202797
0.0,0.0,0.0,68.7116564417,0.0,0.0,38.3116883117,0.0,40.9090909091,0.0,0.0,0.0,41.5584415584,0.0,37.6623376623,0.0,0.0,0.0,7.01754385965,0.0,5.26315789474,0.0,2.92397660819,0.0,0.0,0.0,0.0,29.6,0.0,18.4,0.0,17.3469387755,0.0,0.0,0.0,20.253164557,0.0,2.42424242424,4.84848484848,0.0,0.0,6.93641618497,0.0,3.46820809249,0.0,0.0,1.70454545455,0.0,0.0,0.0,0.0,0.0,0.0,98.2352941176,0.0,0.0,1.14942528736,1.72413793103,13.7931034483,0.0,0.0,0.0,33.0188679245,0.0,0.0,0.0,16.2337662338,0.0,9.09090909091,0.0,0.0,0.0,5.32544378698,0.0,3.55029585799,0.0,1.18343195266,64.4736842105,0.0,0.0,0.0,0.0,4.21686746988,89.7590361446,0.0,2.4,33.6,0.0,4.46428571429,56.25,0.0,0.0,15.6976744186,0.0,18.6046511628,0.0,0.0,48.3660130719,3.92156862745,0.0,14.2857142857,0.0,33.7662337662,1.79640718563,0.0,5.38922155689,0.0,81.4371257485,4.19161676647,29.4520547945,0.0,18.4931506849
0.0,0.0,0.0,93.9024390244,8.90410958904,0.0,83.5616438356,1.3698630137,25.3424657534,2.05479452055,5.47945205479,2.05479452055,86.9863013699,0.0,27.397260274,0.0,5.12820512821,1.28205128205,84.6153846154,0.0,7.69230769231,0.0,0.0,0.0,6.21118012422,6.01503759398,0.0,84.2105263158,0.0,15.037593985,2.25563909774,26.1682242991,3.57142857143,2.67857142857,0.0,31.25,0.0,0.0,8.90410958904,5.06329113924,0.0,80.3797468354,0.0,8.86075949367,0.632911392405,0.0,84.5679012346,0.0,9.87654320988,0.0,1.77514792899,0.0,1.89873417722,60.1265822785,3.92156862745,1.96078431373,58.8235294118,0.0,47.7124183007,4.38596491228,5.26315789474,0.0,43.8596491228,0.0,3.20512820513,1.92307692308,85.8974358974,0.0,11.5384615385,0.0,3.8961038961,1.94805194805,81.8181818182,0.0,7.79220779221,0.0,0.0,58.6206896552,0.0,0.0,6.20689655172,0.0,0.0,72.8476821192,2.32558139535,3.87596899225,6.2015503876,2.34375,3.125,12.5,4.81927710843,0.0,86.7469879518,1.80722891566,10.843373494,0.0,0.0,2.05479452055,3.42465753425,0.0,1.25786163522,1.88679245283,0.0,5.22875816993,1.96078431373,32.0261437908,0.0,66.6666666667,1.96078431373,73.9130434783,0.0,14.4927536232
0.0,0.0,0.0,71.3333333333,0.0,0.0,29.8701298701,0.0,18.1818181818,0.0,0.0,0.0,39.0410958904,0.0,21.2328767123,0.0,0.0,0.0,21.4765100671,0.0,2.01342281879,0.0,30.8724832215,2.06896551724,0.0,0.0,0.0,36.7521367521,0.0,9.40170940171,0.0,5.82524271845,0.0,0.0,0.0,11.1111111111,0.0,1.91082802548,12.101910828,0.0,0.0,12.4137931034,1.37931034483,2.06896551724,0.0,0.0,8.0,1.33333333333,0.0,0.0,0.0,0.0,0.0,71.4285714286,0.0,0.0,4.0,1.33333333333,76.0,0.0,0.0,0.0,15.1785714286,0.0,0.0,0.0,23.2394366197,1.40845070423,40.8450704225,0.0,0.0,0.0,19.7183098592,0.0,4.22535211268,0.0,34.5070422535,53.164556962,0.0,0.0,0.0,0.0,1.92307692308,94.8717948718,2.38095238095,0.0,16.6666666667,2.60869565217,3.47826086957,21.7391304348,0.0,0.0,21.686746988,1.20481927711,8.43373493976,0.0,0.0,20.1388888889,4.86111111111,1.35135135135,0.0,0.0,54.7297297297,0.0,0.0,3.54609929078,1.41843971631,82.2695035461,25.5319148936,68.1818181818,0.0,9.09090909091
0.0,0.0,0.0,80.5194805195,0.0,0.0,20.0,2.06896551724,54.4827586207,0.0,0.0,0.0,13.5135135135,2.02702702703,44.5945945946,0.0,0.0,6.13496932515,2.45398773006,3.68098159509,3.68098159509,1.84049079755,5.52147239264,1.80722891566,40.9638554217,0.0,0.0,13.6363636364,1.81818181818,20.0,0.0,11.7117117117,0.0,0.0,2.7397260274,21.9178082192,0.0,0.0,4.90797546012,0.0,7.87878787879,2.42424242424,3.63636363636,5.45454545455,1.81818181818,1.16959064327,0.0,0.0,1.75438596491,0.0,0.0,0.0,0.0,87.1951219512,0.0,1.17647058824,1.17647058824,1.76470588235,0.0,0.0,0.0,1.94174757282,32.0388349515,0.0,0.0,0.0,4.48717948718,0.0,3.84615384615,0.0,0.0,5.0,1.25,3.75,3.75,1.875,6.25,60.0,0.0,0.0,1.38888888889,0.0,1.82926829268,93.9024390244,0.0,23.8938053097,16.814159292,0.0,20.618556701,44.3298969072,0.0,0.0,1.17647058824,1.76470588235,14.1176470588,0.0,4.05405405405,25.6756756757,4.05405405405,0.0,0.0,0.0,1.29032258065,0.0,1.21951219512,2.43902439024,1.82926829268,0.0,4.87804878049,4.8275862069,0.0,52.4137931034
0.0,0.0,0.0,88.4353741497,0.0,0.0,37.6543209877,0.0,7.40740740741,0.0,0.0,0.0,31.4814814815,0.0,9.25925925926,0.0,0.0,0.0,32.9268292683,0.0,26.2195121951,0.0,21.3414634146,31.5476190476,61.3095238095,0.0,0.0,36.1842105263,0.0,9.21052631579,0.0,15.1515151515,0.0,0.0,0.0,11.2781954887,0.0,1.24223602484,0.0,0.0,0.0,33.3333333333,0.0,29.012345679,0.0,0.0,32.0,0.0,20.0,0.0,0.0,0.0,0.0,70.0636942675,0.0,0.0,35.2564102564,0.0,19.2307692308,0.0,0.0,0.0,9.83606557377,0.0,0.0,0.0,41.1392405063,0.0,8.86075949367,0.0,0.0,0.0,30.1282051282,0.0,31.4102564103,0.0,19.2307692308,53.6231884058,0.0,0.0,0.0,0.0,1.32450331126,86.0927152318,0.0,1.34228187919,2.68456375839,0.0,0.0,6.10687022901,0.0,0.0,36.3636363636,0.0,7.87878787879,0.0,1.31578947368,15.1315789474,7.23684210526,0.0,2.0,0.0,7.33333333333,0.0,0.0,37.5,0.0,17.5,3.125,94.4444444444,0.0,1.23456790123
1.19047619048,0.0,0.0,89.880952381,0.0,0.0,29.012345679,0.0,25.9259259259,0.0,0.0,0.0,35.5828220859,0.0,25.7668711656,0.0,0.0,0.0,24.375,0.0,25.625,0.0,23.75,24.5398773006,65.6441717791,0.0,0.0,37.3333333333,0.0,19.3333333333,0.0,6.66666666667,0.0,0.0,0.0,28.4482758621,0.0,0.0,5.38922155689,0.0,0.0,28.125,0.0,23.75,0.0,0.0,14.7435897436,0.0,8.33333333333,0.0,0.0,0.0,0.0,64.1025641026,0.0,0.0,36.8098159509,0.0,25.7668711656,0.0,0.0,0.0,21.3675213675,0.0,0.0,0.0,42.6829268293,0.0,20.1219512195,0.0,0.0,0.0,23.3766233766,0.0,25.974025974,0.0,22.0779220779,54.0229885057,0.0,0.0,0.714285714286,0.0,1.31578947368,77.6315789474,2.68456375839,4.69798657718,12.0805369128,0.0,5.42635658915,15.503875969,0.0,0.0,31.5476190476,0.0,21.4285714286,0.0,5.88235294118,43.137254902,5.88235294118,0.0,1.28205128205,0.0,19.8717948718,0.0,0.0,38.6904761905,0.0,27.9761904762,7.7380952381,83.75,0.0,5.0
1.4598540146,0.0,0.0,42.3357664234,0.0,6.47482014388,51.7985611511,6.47482014388,63.309352518,27.3381294964,0.0,2.54237288136,61.0169491525,0.0,49.1525423729,22.8813559322,0.0,1.88679245283,61.0062893082,0.62893081761,0.0,1.88679245283,42.1383647799,0.0,0.0,0.0,0.0,74.7572815534,2.91262135922,4.85436893204,0.0,24.2718446602,0.0,2.46913580247,0.0,24.6913580247,0.0,9.27152317881,1.32450331126,0.0,3.94736842105,53.9473684211,0.657894736842,1.31578947368,3.28947368421,1.96078431373,3.92156862745,7.18954248366,83.0065359477,3.26797385621,0.0,0.0,0.0,95.4838709677,0.0,15.6862745098,9.80392156863,32.0261437908,12.4183006536,0.0,14.4230769231,19.2307692308,63.4615384615,9.61538461538,0.0,3.72670807453,45.3416149068,4.34782608696,1.86335403727,5.5900621118,0.0,0.0,56.4102564103,0.0,0.0,1.92307692308,36.5384615385,25.0,0.0,0.0,8.51063829787,0.0,1.41843971631,76.5957446809,2.83018867925,0.0,5.66037735849,0.0,8.73015873016,77.7777777778,0.0,5.55555555556,64.1975308642,4.32098765432,5.55555555556,0.0,0.0,0.0,0.813008130081,0.0,0.0,0.0,3.22580645161,0.0,10.3448275862,31.724137931,11.0344827586,4.13793103448,39.3103448276,15.5555555556,1.48148148148,17.037037037
0.0,0.0,0.0,38.8888888889,2.22222222222,4.44444444444,57.037037037,3.7037037037,25.1851851852,24.4444444444,0.0,6.03448275862,47.4137931034,12.9310344828,23.275862069,14.6551724138,0.0,4.96894409938,9.31677018634,11.801242236,1.86335403727,3.10559006211,68.3229813665,0.0,0.0,0.0,5.74712643678,33.3333333333,5.74712643678,3.44827586207,0.0,13.7254901961,0.0,0.0,0.0,19.0476190476,0.0,1.86335403727,0.621118012422,0.0,5.12820512821,7.69230769231,14.1025641026,0.0,3.84615384615,5.69620253165,5.06329113924,13.2911392405,38.6075949367,1.26582278481,0.0,0.0,0.0,98.1707317073,0.0,3.125,1.875,14.375,46.25,2.77777777778,0.0,0.0,38.8888888889,0.0,0.0,7.79220779221,7.14285714286,17.5324675325,3.24675324675,0.0,0.0,4.34782608696,5.5900621118,8.69565217391,0.0,1.86335403727,67.701863354,43.0769230769,0.0,0.0,8.9552238806,0.0,12.8571428571,67.1428571429,0.0,0.0,31.0344827586,0.0,2.75229357798,82.5688073394,0.0,6.36942675159,17.1974522293,17.1974522293,2.54777070064,1.91082802548,0.0,0.0,0.0,0.0,0.0,0.0,0.0,0.0,6.70731707317,1.82926829268,16.4634146341,0.0,54.2682926829,35.3846153846,2.30769230769,0.0
0.0,0.0,0.0,43.3070866142,0.0,0.0,23.0158730159,0.0,98.4126984127,0.0,0.0,0.0,25.4098360656,0.0,96.7213114754,0.0,0.0,0.0,20.2247191011,0.0,42.6966292135,0.0,3.37078651685,13.4020618557,37.1134020619,0.0,0.0,14.6551724138,0.0,86.2068965517,0.0,15.2542372881,0.0,0.0,0.0,98.75,0.0,2.54237288136,22.0338983051,0.0,0.0,23.9583333333,0.0,41.6666666667,0.0,0.0,7.03125,0.0,4.6875,0.0,0.0,0.0,2.45901639344,39.3442622951,0.0,0.0,18.018018018,1.8018018018,82.8828828829,0.0,0.0,0.0,97.1428571429,0.0,0.0,0.0,18.320610687,0.0,91.6030534351,0.0,0.0,0.0,36.1445783133,0.0,38.5542168675,0.0,3.61445783133,59.0909090909,0.0,0.0,5.83333333333,0.0,0.0,22.9007633588,13.6363636364,38.1818181818,26.3636363636,13.0952380952,16.6666666667,11.9047619048,0.0,0.0,19.8529411765,0.0,95.5882352941,0.0,0.0,0.0,0.0,0.0,0.0,0.0,0.0,0.0,0.0,5.93220338983,5.93220338983,80.5084745763,0.0,26.2711864407,38.1355932203,27.1186440678
0.0,0.0,0.0,11.1842105263,0.0,0.0,5.26315789474,0.0,92.9824561404,0.0,0.0,0.0,5.32544378698,0.0,94.674556213,1.77514792899,0.0,0.0,9.48275862069,0.0,92.2413793103,0.0,0.0,0.0,4.13223140496,0.0,0.0,1.94805194805,0.0,96.7532467532,0.0,3.33333333333,0.0,0.0,0.0,96.992481203,0.0,9.93377483444,3.97350993377,0.0,0.0,9.3023255814,0.0,92.2480620155,0.0,0.0,10.7382550336,0.0,55.033557047,2.01342281879,2.77777777778,7.63888888889,3.16455696203,5.06329113924,0.0,7.58620689655,0.689655172414,0.0,28.275862069,0.0,0.0,0.0,94.9152542373,0.0,0.0,0.0,7.23684210526,0.0,84.2105263158,5.92105263158,0.0,0.0,5.50458715596,0.0,96.3302752294,0.0,0.0,26.1904761905,0.0,0.0,53.7190082645,0.0,0.0,4.6357615894,0.0,0.0,1.2987012987,0.0,0.0,4.54545454545,0.0,0.0,7.27272727273,0.0,92.7272727273,0.0,0.0,0.0,0.0,0.0,0.0,0.0,3.14465408805,0.0,7.18562874251,0.59880239521,0.0,0.0,0.0,91.3580246914,0.0,0.0
0.0,3.68098159509,0.0,25.1533742331,1.71428571429,0.0,6.28571428571,0.0,96.5714285714,0.0,1.86335403727,0.0,5.5900621118,0.0,96.2732919255,1.86335403727,2.08333333333,0.0,20.8333333333,8.33333333333,2.08333333333,7.63888888889,30.5555555556,0.0,1.40845070423,2.06896551724,0.0,4.13793103448,0.0,95.1724137931,4.13793103448,5.0,2.9702970297,0.0,0.0,74.2574257426,0.0,7.23684210526,9.21052631579,2.12765957447,0.0,21.2765957447,2.12765957447,0.0,0.0,0.0,12.5,9.21052631579,0.0,5.92105263158,3.1847133758,0.0,0.617283950617,6.79012345679,1.81818181818,0.0,6.66666666667,13.9393939394,0.0,0.0,0.0,0.0,98.0952380952,0.0,0.0,1.81818181818,9.69696969697,11.5151515152,0.0,87.2727272727,2.15827338129,0.0,17.9856115108,2.15827338129,0.0,10.071942446,28.7769784173,25.8064516129,0.77519379845,0.0,18.6046511628,0.0,0.0,21.4765100671,27.027027027,68.9189189189,4.05405405405,20.3539823009,43.3628318584,30.0884955752,1.21951219512,0.0,11.5853658537,1.82926829268,78.6585365854,18.2926829268,0.0,0.0,0.0,0.0,0.0,0.0,1.21212121212,1.77514792899,1.18343195266,16.5680473373,6.50887573964,0.0,1.18343195266,0.0,27.3291925466,67.0807453416
0.0,0.0,0.0,49.3055555556,0.0,0.0,5.06329113924,0.0,82.2784810127,0.0,0.0,0.0,7.31707317073,0.0,81.7073170732,1.82926829268,0.0,0.0,38.0952380952,0.0,54.2857142857,0.0,10.4761904762,52.9411764706,18.8235294118,1.88679245283,0.0,6.2893081761,0.0,81.7610062893,0.0,15.5844155844,0.0,0.0,0.0,79.2079207921,0.0,6.42857142857,5.71428571429,0.0,0.0,30.1075268817,0.0,49.4623655914,0.0,0.0,6.91823899371,0.0,27.6729559748,0.0,0.0,0.0,0.0,23.4482758621,0.0,0.0,0.0,0.0,91.2751677852,0.0,0.0,0.0,75.0,0.0,0.0,0.0,4.02684563758,0.0,84.5637583893,0.0,0.0,0.0,39.1304347826,0.0,56.5217391304,0.0,8.69565217391,41.2698412698,0.0,0.0,12.7819548872,0.0,1.91082802548,7.64331210191,75.1592356688,17.8343949045,7.00636942675,31.4049586777,3.30578512397,20.6611570248,0.0,0.0,12.5,0.0,80.9523809524,0.0,0.0,0.0,0.0,0.0,1.26582278481,0.0,6.32911392405,0.0,0.0,4.7619047619,0.0,97.9591836735,1.36054421769,0.0,84.3137254902,11.7647058824
1.94805194805,0.0,0.0,64.9350649351,0.0,0.0,34.2465753425,0.0,29.4520547945,0.0,0.0,0.0,35.3846153846,0.0,23.8461538462,0.0,0.0,0.0,6.74846625767,0.0,1.84049079755,0.0,6.74846625767,0.0,0.0,0.0,0.0,28.6885245902,0.0,22.131147541,0.0,17.1171171171,0.0,0.0,0.0,17.5257731959,0.0,3.22580645161,33.5483870968,0.0,0.0,1.25786163522,0.0,3.77358490566,0.0,0.0,0.0,1.82926829268,0.0,0.0,0.0,0.0,0.0,84.076433121,0.0,0.0,41.6666666667,0.0,20.8333333333,0.0,0.0,0.0,18.8034188034,0.0,0.0,0.0,33.5570469799,0.0,27.5167785235,0.0,0.0,0.0,10.625,0.0,0.0,0.0,6.25,55.5555555556,0.0,0.0,0.694444444444,0.0,1.3698630137,69.1780821918,0.0,15.3225806452,19.3548387097,4.5045045045,10.8108108108,15.3153153153,0.0,0.0,33.1168831169,0.0,22.0779220779,0.0,0.0,0.0,0.0,0.0,0.0,0.0,5.73248407643,0.0,0.0,37.4149659864,0.0,25.8503401361,10.2040816327,57.1428571429,0.0,12.8571428571
0.0,0.0,0.0,33.7662337662,3.14465408805,0.0,3.14465408805,0.0,93.7106918239,0.0,3.4965034965,0.0,3.4965034965,0.0,90.9090909091,0.0,0.0,3.75,6.25,5.0,9.375,3.75,3.125,0.0,0.0,3.87596899225,0.0,2.32558139535,0.0,91.4728682171,0.0,11.25,0.0,0.0,0.0,53.4653465347,0.0,4.84848484848,12.7272727273,0.0,14.0127388535,6.36942675159,0.0,10.8280254777,17.8343949045,36.7469879518,3.01204819277,1.80722891566,1.80722891566,55.421686747,0.0,0.0,1.96078431373,12.4183006536,0.0,37.9310344828,0.0,0.0,0.0,0.0,0.0,0.0,99.1304347826,0.0,0.0,37.1951219512,1.21951219512,1.82926829268,4.87804878049,65.243902439,0.0,0.0,5.73248407643,3.82165605096,3.82165605096,0.0,2.54777070064,33.8983050847,2.4,0.0,30.4,0.0,0.689655172414,17.2413793103,2.32558139535,4.6511627907,24.8062015504,1.5503875969,1.5503875969,41.8604651163,1.875,11.25,6.875,0.0,88.125,31.875,0.0,0.0,0.0,1.85185185185,0.0,0.0,0.617283950617,0.0,38.0952380952,0.0,0.0,0.0,0.595238095238,6.96202531646,3.16455696203,3.79746835443
0.0,0.0,0.0,52.1428571429,0.0,0.0,2.84090909091,0.0,100.0,0.0,0.0,0.0,11.377245509,0.0,100.0,0.0,0.0,0.0,16.149068323,0.0,1.24223602484,0.0,4.34782608696,0.0,3.08641975309,0.0,0.0,10.2941176471,0.0,84.5588235294,0.0,18.4615384615,0.0,0.0,0.0,95.6989247312,0.0,11.2582781457,17.880794702,0.0,0.0,16.6666666667,0.0,1.23456790123,0.0,0.0,14.6496815287,0.0,15.2866242038,0.0,0.0,0.0,1.24223602484,75.7763975155,0.0,0.0,1.96078431373,0.0,96.0784313725,0.0,0.0,0.0,89.0756302521,0.0,0.0,0.0,6.17283950617,0.0,93.2098765432,14.8148148148,0.0,0.0,12.5,0.0,0.0,0.0,3.75,44.6428571429,0.0,0.0,5.88235294118,1.21212121212,0.0,33.9393939394,29.1338582677,7.08661417323,50.3937007874,17.2413793103,11.2068965517,45.6896551724,0.0,0.0,11.8343195266,0.0,95.2662721893,0.0,0.0,0.0,0.0,0.0,0.0,0.0,5.45454545455,0.0,0.0,1.81818181818,0.0,96.3636363636,0.0,0.0,77.0114942529,16.091954023
21.568627451,0.653594771242,0.0,62.7450980392,0.0,0.0,16.3522012579,0.0,29.5597484277,0.0,0.0,0.0,16.149068323,0.0,24.2236024845,0.0,0.0,0.0,46.875,0.0,3.75,0.0,33.75,0.0,1.80722891566,0.0,0.0,5.6338028169,0.0,9.15492957746,0.0,36.5079365079,0.0,0.0,0.0,33.0275229358,0.0,1.80722891566,10.843373494,0.0,0.0,40.6060606061,0.0,1.81818181818,0.0,0.0,27.2727272727,0.0,0.0,0.0,0.0,0.0,0.0,46.2025316456,0.0,0.0,1.79640718563,0.0,7.18562874251,0.0,0.0,0.0,55.3846153846,0.0,0.0,0.0,15.6626506024,0.0,8.43373493976,0.0,0.0,0.0,46.835443038,0.0,3.79746835443,0.0,26.582278481,52.6315789474,0.0,0.0,0.0,0.0,1.79640718563,92.2155688623,1.42857142857,7.14285714286,7.14285714286,21.2903225806,58.064516129,5.8064516129,0.0,0.0,27.5449101796,0.0,3.59281437126,0.0,1.3698630137,7.53424657534,1.3698630137,0.0,6.25,0.0,9.375,0.0,0.0,3.40909090909,0.0,6.25,16.4772727273,53.642384106,4.6357615894,30.4635761589
30.2631578947,1.31578947368,0.0,34.2105263158,0.0,0.0,22.0125786164,0.0,54.0880503145,1.25786163522,0.0,0.0,26.618705036,0.0,49.6402877698,2.15827338129,0.0,0.0,10.9677419355,6.45161290323,56.7741935484,1.93548387097,72.2580645161,74.6478873239,5.6338028169,0.0,0.0,27.5862068966,0.0,43.1034482759,2.58620689655,34.9056603774,0.0,0.0,0.0,51.5789473684,3.15789473684,2.0,3.33333333333,0.0,0.0,7.74647887324,5.6338028169,57.0422535211,2.11267605634,0.0,14.9659863946,0.0,43.537414966,2.04081632653,1.35135135135,4.05405405405,4.60526315789,26.9736842105,0.0,2.04081632653,12.2448979592,0.0,18.3673469388,0.0,0.0,0.0,62.3853211009,0.0,0.0,2.05479452055,16.4383561644,0.0,32.8767123288,2.05479452055,0.0,0.0,5.55555555556,4.32098765432,50.6172839506,1.85185185185,70.987654321,51.4285714286,0.0,0.0,2.7972027972,0.0,0.0,77.1241830065,75.6302521008,15.1260504202,5.04201680672,65.6488549618,13.7404580153,17.5572519084,0.0,0.0,15.7575757576,0.0,21.8181818182,1.21212121212,0.0,3.26797385621,1.96078431373,0.0,1.27388535032,1.91082802548,11.4649681529,0.0,1.96078431373,13.0718954248,0.0,24.8366013072,4.57516339869,1.93548387097,65.8064516129,20.6451612903
31.5789473684,0.0,0.0,61.8421052632,0.0,8.28025477707,8.91719745223,3.82165605096,33.1210191083,0.0,0.0,7.59493670886,4.43037974684,3.79746835443,12.6582278481,0.0,0.0,2.0,0.666666666667,3.33333333333,2.0,0.0,80.0,0.680272108844,1.36054421769,0.0,7.69230769231,4.8951048951,2.0979020979,0.0,0.0,41.2844036697,0.0,4.31034482759,5.1724137931,10.3448275862,0.0,0.0,4.90797546012,0.0,2.04081632653,4.08163265306,5.44217687075,2.04081632653,0.0,0.0,17.2185430464,1.98675496689,1.98675496689,0.0,0.0,0.0,0.0,49.0322580645,0.0,0.0,7.69230769231,0.0,6.41025641026,0.0,2.67857142857,4.46428571429,29.4642857143,0.0,0.0,2.51572327044,6.2893081761,0.0,8.80503144654,0.0,0.0,2.01342281879,1.34228187919,6.04026845638,2.01342281879,0.0,77.8523489933,54.5454545455,0.0,0.0,0.0,0.0,0.0,86.7924528302,2.15827338129,16.5467625899,1.43884892086,14.3884892086,56.1151079137,2.15827338129,0.0,8.58895705521,2.45398773006,1.84049079755,0.0,0.0,0.0,16.2337662338,5.84415584416,0.0,0.0,0.0,14.2857142857,0.0,2.99401197605,4.19161676647,0.0,6.58682634731,10.7784431138,30.9210526316,7.23684210526,48.0263157895
2.7027027027,0.0,0.0,76.3513513514,0.0,1.35135135135,11.4864864865,2.02702702703,32.4324324324,0.0,0.0,0.0,11.9718309859,1.40845070423,18.3098591549,0.0,0.0,0.0,25.6578947368,1.97368421053,5.92105263158,0.0,66.4473684211,10.4166666667,4.86111111111,0.0,0.0,13.8461538462,1.53846153846,6.15384615385,0.0,26.8041237113,0.0,0.0,1.81818181818,4.54545454545,0.0,0.0,33.1125827815,0.0,0.0,23.6486486486,1.35135135135,2.02702702703,0.0,0.0,24.6835443038,0.0,0.0,0.0,0.0,0.0,4.02684563758,44.966442953,0.0,0.0,16.0256410256,0.0,1.92307692308,0.0,0.0,1.69491525424,37.2881355932,0.0,0.0,0.0,23.125,0.0,0.0,0.0,0.0,0.0,22.2222222222,2.08333333333,4.16666666667,0.0,63.8888888889,47.7272727273,2.12765957447,0.0,3.54609929078,0.0,3.26797385621,84.3137254902,20.7692307692,23.8461538462,6.92307692308,24.0601503759,60.1503759398,6.01503759398,0.0,0.0,11.6564417178,1.84049079755,1.84049079755,0.0,3.35570469799,10.067114094,4.02684563758,0.0,6.94444444444,0.0,32.6388888889,0.0,0.0,16.4473684211,0.0,0.0,29.6052631579,14.3790849673,22.8758169935,56.2091503268
18.3006535948,3.26797385621,0.0,60.7843137255,0.0,2.01342281879,15.4362416107,1.34228187919,57.0469798658,0.0,0.0,2.0979020979,16.7832167832,1.3986013986,46.8531468531,0.0,1.32450331126,0.0,19.8675496689,0.0,2.64900662252,0.0,56.9536423841,1.32450331126,6.62251655629,0.0,0.0,13.1147540984,1.6393442623,41.8032786885,0.0,39.0909090909,1.76991150442,0.0,0.0,35.3982300885,0.0,0.0,15.3846153846,1.32450331126,0.0,21.1920529801,0.0,1.98675496689,0.0,0.0,18.75,0.0,0.0,0.0,0.0,0.0,2.0,55.3333333333,0.0,1.91082802548,14.0127388535,0.0,31.847133758,2.0618556701,3.09278350515,0.0,48.4536082474,0.0,0.0,0.0,14.3790849673,0.0,20.9150326797,0.0,1.37931034483,0.0,20.6896551724,0.0,0.0,0.0,55.8620689655,65.1162790698,0.0,0.0,2.9197080292,0.0,1.26582278481,91.1392405063,21.0084033613,18.487394958,26.0504201681,18.1818181818,52.0661157025,10.7438016529,1.19760479042,1.79640718563,16.7664670659,1.19760479042,17.9640718563,0.0,0.0,11.4649681529,3.82165605096,0.0,8.96551724138,0.0,28.275862069,0.0,1.89873417722,17.0886075949,0.0,35.4430379747,22.7848101266,16.7832167832,25.1748251748,32.1678321678
10.7594936709,7.59493670886,0.0,43.6708860759,0.0,0.0,34.1614906832,0.0,34.1614906832,0.0,0.0,0.0,35.625,0.0,32.5,0.0,1.27388535032,0.0,26.7515923567,1.27388535032,13.3757961783,0.0,59.872611465,5.96026490066,5.96026490066,0.0,0.0,41.4814814815,0.0,26.6666666667,0.0,41.9642857143,0.0,0.0,0.0,31.914893617,0.0,2.04081632653,17.6870748299,1.30718954248,0.0,22.2222222222,0.0,15.0326797386,0.0,0.0,33.3333333333,0.0,11.8055555556,0.0,0.0,0.0,0.0,17.5324675325,0.0,0.0,32.2580645161,0.0,11.6129032258,0.0,0.0,0.0,44.4444444444,0.0,0.0,0.0,40.0,0.0,20.6451612903,0.0,1.31578947368,0.0,23.6842105263,1.31578947368,5.92105263158,0.0,59.2105263158,51.8987341772,0.0,0.0,0.0,0.0,0.699300699301,82.5174825175,33.3333333333,15.1515151515,25.0,31.2,39.2,16.0,1.20481927711,0.0,31.9277108434,0.0,7.22891566265,0.0,0.0,0.0,0.0,0.0,0.0,0.0,18.8679245283,0.0,0.0,35.625,0.0,14.375,41.875,18.7919463087,44.2953020134,18.7919463087
0.0,2.06896551724,0.0,88.275862069,0.0,6.0,5.33333333333,1.33333333333,33.3333333333,0.0,0.0,2.0,6.66666666667,2.66666666667,28.0,0.0,0.0,2.17391304348,7.97101449275,1.44927536232,15.2173913043,0.0,55.0724637681,30.1470588235,9.55882352941,0.0,4.44444444444,9.62962962963,1.48148148148,15.5555555556,0.0,17.4311926606,0.0,3.80952380952,3.80952380952,20.9523809524,0.0,0.0,19.5804195804,0.0,2.22222222222,6.66666666667,1.48148148148,3.7037037037,0.0,2.12765957447,9.21985815603,0.0,0.0,0.0,0.0,0.0,1.36054421769,76.1904761905,0.0,4.02684563758,10.067114094,0.0,2.01342281879,0.0,7.21649484536,3.09278350515,38.1443298969,3.09278350515,0.0,1.94805194805,9.09090909091,1.2987012987,3.24675324675,0.0,0.0,1.5037593985,12.030075188,1.5037593985,12.030075188,0.0,49.6240601504,60.4938271605,0.0,0.0,0.0,0.0,2.7397260274,86.9863013699,29.6875,10.9375,14.84375,29.7709923664,41.9847328244,12.9770992366,0.0,0.0,3.77358490566,2.51572327044,2.51572327044,0.0,0.0,20.979020979,2.0979020979,0.0,6.0,2.0,12.0,0.0,3.31125827815,12.582781457,1.32450331126,3.97350993377,19.2052980132,12.4137931034,34.4827586207,33.1034482759
0.0,0.0,0.0,82.8025477707,0.0,0.0,25.1748251748,0.0,4.8951048951,0.0,0.0,0.0,23.9130434783,0.0,7.97101449275,0.0,0.0,0.0,12.1212121212,0.0,0.0,0.0,24.2424242424,0.0,0.0,0.0,0.0,29.1338582677,0.0,2.36220472441,0.0,15.4545454545,0.0,0.0,0.0,2.83018867925,0.0,10.1910828025,13.3757961783,0.0,0.0,4.81927710843,0.0,3.01204819277,0.0,0.0,0.0,0.0,1.70454545455,0.0,0.0,0.0,0.0,80.1242236025,0.0,0.0,3.50877192982,0.0,78.3625730994,0.0,0.0,0.0,8.77192982456,0.0,0.0,0.0,25.625,1.25,12.5,0.0,0.0,0.0,10.5590062112,0.0,0.0,0.0,21.1180124224,75.0,0.0,0.0,1.4598540146,0.0,3.79746835443,87.9746835443,6.15384615385,5.38461538462,24.6153846154,0.0,5.93220338983,31.3559322034,0.0,0.0,19.2546583851,0.0,7.45341614907,0.0,1.2987012987,33.1168831169,5.84415584416,0.0,1.86335403727,0.0,14.9068322981,0.0,0.0,21.472392638,0.0,10.4294478528,38.036809816,56.4885496183,3.0534351145,10.6870229008
0.0,0.0,14.5695364238,5.29801324503,0.0,0.0,47.5,0.0,26.6666666667,2.5,1.88679245283,0.0,47.1698113208,2.83018867925,24.5283018868,0.0,3.77358490566,0.0,40.5660377358,0.0,24.5283018868,0.0,14.1509433962,3.1746031746,4.7619047619,1.81818181818,0.0,47.2727272727,2.72727272727,13.6363636364,0.0,10.5263157895,2.22222222222,0.0,3.33333333333,20.0,0.0,12.7819548872,36.0902255639,3.07692307692,0.0,46.9230769231,2.30769230769,23.0769230769,0.0,0.0,27.0676691729,0.0,45.1127819549,0.0,0.0,1.42857142857,8.02919708029,5.10948905109,0.0,0.0,18.4,0.0,49.6,2.53164556962,0.0,0.0,39.2405063291,0.0,2.94117647059,0.0,47.7941176471,2.20588235294,13.9705882353,0.0,2.83018867925,0.0,33.9622641509,0.0,25.4716981132,0.0,11.320754717,8.82352941176,14.5161290323,1.61290322581,59.6774193548,1.5625,15.625,0.0,2.77777777778,9.25925925926,18.5185185185,3.61445783133,1.20481927711,20.4819277108,3.35570469799,0.0,48.322147651,2.01342281879,30.2013422819,0.0,0.0,0.0,0.0,0.0,2.01342281879,0.0,0.0,0.0,0.0,34.5588235294,0.0,38.9705882353,16.1764705882,71.0280373832,0.934579439252,7.47663551402
0.0,0.0,0.0,12.9032258065,4.1958041958,4.1958041958,4.8951048951,6.99300699301,69.9300699301,0.0,4.31654676259,1.43884892086,2.15827338129,4.31654676259,77.6978417266,0.0,0.0,9.31677018634,0.0,17.3913043478,35.4037267081,2.48447204969,17.3913043478,0.0,1.37931034483,4.72440944882,0.0,0.0,0.0,75.5905511811,1.57480314961,15.3846153846,6.06060606061,0.0,0.0,71.7171717172,0.0,0.0,20.2614379085,1.88679245283,7.54716981132,0.0,10.0628930818,64.1509433962,1.88679245283,0.0,1.76470588235,0.0,82.3529411765,0.0,0.0,0.0,0.0,96.8944099379,0.588235294118,0.0,0.0,0.0,84.1176470588,0.0,0.0,0.0,69.3181818182,0.0,3.63636363636,0.0,0.0,0.0,78.1818181818,0.0,0.0,4.93827160494,0.0,16.049382716,12.3456790123,1.85185185185,12.962962963,36.3636363636,2.29007633588,0.0,3.0534351145,0.0,2.08333333333,74.3055555556,0.0,5.30973451327,24.7787610619,0.0,1.90476190476,26.6666666667,3.77358490566,10.6918238994,0.62893081761,8.17610062893,74.8427672956,0.0,3.6231884058,10.8695652174,4.34782608696,0.0,0.0,0.0,1.31578947368,2.43902439024,0.0,0.0,0.0,82.3170731707,0.0,27.5590551181,3.14960629921,10.2362204724
0.0,0.0,0.0,28.4482758621,0.0,2.32558139535,13.1782945736,3.87596899225,41.8604651163,0.0,0.0,1.61290322581,16.935483871,6.45161290323,30.6451612903,2.41935483871,0.0,3.44827586207,11.4942528736,3.44827586207,28.7356321839,0.0,42.5287356322,41.4893617021,38.2978723404,0.0,0.0,21.7391304348,6.95652173913,27.8260869565,0.0,28.4210526316,0.0,0.0,7.77777777778,27.7777777778,0.0,5.6,4.8,0.0,0.0,16.0,3.0,23.0,0.0,0.0,4.13223140496,7.43801652893,30.5785123967,0.0,2.83018867925,2.83018867925,2.30769230769,92.3076923077,0.0,0.0,3.0303030303,2.27272727273,28.0303030303,0.0,0.0,3.52941176471,28.2352941176,0.0,0.0,0.0,12.3966942149,1.65289256198,27.2727272727,0.0,0.0,0.0,6.75675675676,4.05405405405,14.8648648649,0.0,52.7027027027,51.2195121951,3.2,2.4,20.0,0.0,0.0,26.0162601626,58.8235294118,22.6890756303,15.9663865546,54.8076923077,31.7307692308,10.5769230769,0.0,0.0,8.33333333333,3.47222222222,26.3888888889,0.0,0.0,9.67741935484,0.0,0.0,2.52100840336,2.52100840336,22.6890756303,0.0,2.17391304348,5.79710144928,0.0,25.3623188406,28.9855072464,0.0,68.5950413223,21.4876033058
0.0,0.0,10.4575163399,1.96078431373,4.42477876106,0.0,15.9292035398,0.0,81.4159292035,0.0,2.47933884298,0.0,15.7024793388,0.0,73.5537190083,0.0,3.1914893617,0.0,12.7659574468,0.0,75.5319148936,0.0,8.51063829787,1.88679245283,1.88679245283,2.47933884298,0.0,9.9173553719,0.0,76.8595041322,0.0,26.5306122449,3.8961038961,0.0,0.0,75.3246753247,0.0,3.26797385621,3.92156862745,5.40540540541,0.0,11.7117117117,0.0,72.972972973,0.0,0.0,9.03225806452,0.0,53.5483870968,0.0,0.0,0.0,22.1518987342,1.89873417722,3.65853658537,0.0,10.3658536585,0.0,68.9024390244,4.34782608696,0.0,0.0,78.2608695652,0.0,1.875,0.0,6.875,0.0,71.875,0.0,3.65853658537,0.0,10.9756097561,0.0,80.487804878,0.0,12.1951219512,14.0,25.0,16.1290322581,58.064516129,10.3174603175,0.0,0.0,1.7094017094,7.69230769231,7.69230769231,0.0,0.0,0.0,3.84615384615,0.0,11.5384615385,0.0,68.5897435897,0.0,0.0,0.0,0.0,1.2987012987,1.2987012987,0.0,6.49350649351,3.59281437126,0.0,8.38323353293,0.0,68.8622754491,1.79640718563,80.1886792453,2.83018867925,11.320754717
0.806451612903,0.0,29.0322580645,7.25806451613,0.0,0.0,9.25925925926,0.925925925926,77.7777777778,0.0,0.0,0.0,4.31034482759,0.0,86.2068965517,0.0,0.0,3.09278350515,3.09278350515,0.0,86.5979381443,0.0,1.03092783505,0.0,4.90196078431,4.42477876106,0.0,4.42477876106,0.0,86.7256637168,0.884955752212,10.6060606061,0.0,3.94736842105,0.0,89.4736842105,0.0,13.9534883721,4.6511627907,0.0,0.0,0.917431192661,0.0,91.7431192661,0.0,0.0,1.49253731343,6.71641791045,86.5671641791,2.23880597015,0.0,0.0,5.42635658915,2.32558139535,4.6511627907,0.0,3.87596899225,16.2790697674,80.6201550388,1.49253731343,0.0,0.0,80.5970149254,0.0,3.75939849624,0.0,1.5037593985,0.0,86.4661654135,2.25563909774,0.0,0.0,0.0,0.0,92.1348314607,0.0,3.37078651685,50.9803921569,16.6666666667,26.1904761905,53.1746031746,13.2743362832,3.53982300885,1.76991150442,2.80373831776,7.47663551402,7.47663551402,0.0,9.41176470588,3.52941176471,7.29927007299,0.0,0.0,0.0,90.5109489051,0.0,0.0,0.0,0.0,0.0,0.819672131148,2.45901639344,32.7868852459,4.44444444444,0.0,4.44444444444,0.0,86.6666666667,1.48148148148,84.0,8.0,4.0
0.0,2.04081632653,25.1700680272,6.12244897959,7.54716981132,0.0,11.320754717,0.0,86.1635220126,0.0,10.1449275362,0.0,12.3188405797,0.0,91.3043478261,0.0,4.72440944882,0.0,11.0236220472,0.0,80.3149606299,0.0,6.29921259843,0.0,3.96825396825,8.51063829787,0.0,10.6382978723,0.0,85.8156028369,0.0,19.7802197802,7.97101449275,0.0,0.0,85.5072463768,0.0,3.28947368421,5.26315789474,4.58015267176,0.0,8.39694656489,0.0,83.2061068702,0.0,0.0,7.53424657534,2.05479452055,82.8767123288,0.0,0.0,2.30769230769,3.35570469799,7.38255033557,3.79746835443,0.0,7.59493670886,1.89873417722,82.9113924051,4.91803278689,0.0,0.0,87.7049180328,0.0,3.8961038961,0.0,8.44155844156,0.0,83.1168831169,0.0,5.0,0.0,10.8333333333,0.0,82.5,0.0,4.16666666667,25.2873563218,14.6853146853,22.3776223776,55.2447552448,16.6666666667,2.17391304348,1.44927536232,0.0,1.42857142857,17.1428571429,0.0,0.0,14.9606299213,3.63636363636,1.81818181818,9.69696969697,0.0,87.8787878788,0.0,0.0,0.0,0.0,1.94805194805,8.44155844156,3.8961038961,9.74025974026,5.69620253165,0.0,7.59493670886,0.0,84.8101265823,3.79746835443,84.8684210526,0.0,2.63157894737
0.0,0.0,0.0,40.1459854015,25.0,0.0,4.48717948718,0.0,91.6666666667,0.641025641026,21.4765100671,0.0,2.68456375839,0.0,92.6174496644,0.0,2.54777070064,0.0,3.82165605096,0.0,92.3566878981,0.0,2.54777070064,0.662251655629,1.98675496689,4.1095890411,0.0,4.1095890411,0.684931506849,93.8356164384,1.3698630137,11.4583333333,15.2777777778,0.0,1.38888888889,87.5,0.694444444444,0.0,6.53594771242,4.48717948718,0.0,5.12820512821,0.0,91.0256410256,0.641025641026,0.0,5.06329113924,0.632911392405,91.1392405063,0.0,1.92307692308,1.28205128205,0.0,72.0,2.45398773006,0.0,4.29447852761,0.613496932515,92.0245398773,14.4827586207,0.0,1.37931034483,88.9655172414,0.0,1.94805194805,0.0,4.54545454545,0.0,90.2597402597,0.0,2.5641025641,0.0,3.20512820513,0.0,91.0256410256,1.28205128205,3.84615384615,54.6666666667,1.48148148148,0.740740740741,34.8148148148,0.0,1.44927536232,57.9710144928,0.0,4.28571428571,10.0,1.42857142857,2.85714285714,5.71428571429,13.9393939394,0.0,4.24242424242,1.21212121212,95.1515151515,1.21212121212,0.0,0.657894736842,0.0,0.636942675159,0.0,0.0,2.54777070064,1.875,0.0,6.875,0.625,90.0,0.0,72.2222222222,1.38888888889,4.86111111111
0.0,0.0,0.0,54.4827586207,5.40540540541,0.0,8.78378378378,0.0,87.8378378378,0.0,5.07246376812,0.0,10.8695652174,0.0,89.8550724638,0.0,1.37931034483,0.0,8.96551724138,0.0,86.2068965517,0.0,2.75862068966,1.3698630137,6.16438356164,5.14705882353,0.0,6.61764705882,0.0,91.1764705882,0.0,14.5631067961,10.0,0.0,0.0,90.0,0.0,0.0,9.72222222222,2.02702702703,0.0,6.08108108108,0.0,85.8108108108,0.0,0.0,9.02777777778,0.0,81.9444444444,0.0,0.0,0.0,4.22535211268,70.4225352113,1.98675496689,0.0,10.5960264901,0.0,80.7947019868,7.40740740741,0.0,0.0,90.3703703704,0.0,3.35570469799,0.0,12.7516778523,0.0,85.2348993289,0.0,1.41843971631,0.0,8.51063829787,0.0,88.6524822695,0.0,2.83687943262,37.6470588235,3.75939849624,0.0,22.5563909774,0.0,3.0303030303,50.0,0.0,4.79452054795,9.58904109589,0.0,3.59712230216,7.19424460432,3.125,0.0,15.625,0.0,86.875,0.0,0.0,0.0,0.0,0.0,2.01342281879,2.01342281879,6.71140939597,3.33333333333,0.0,8.0,0.0,82.0,2.0,81.3793103448,0.0,6.20689655172
43.3333333333,6.66666666667,0.0,28.6666666667,0.0,0.0,20.1388888889,0.0,33.3333333333,0.0,0.0,0.0,19.7368421053,0.0,29.6052631579,0.0,0.0,0.0,15.4929577465,0.0,1.40845070423,0.0,32.3943661972,1.36054421769,1.36054421769,0.0,0.0,14.8648648649,0.0,25.0,0.0,2.32558139535,0.0,0.0,0.0,13.4615384615,0.0,0.0,11.5107913669,0.0,0.0,12.2448979592,0.0,0.0,0.0,0.0,9.33333333333,0.0,0.0,0.0,0.0,2.0,8.45070422535,17.6056338028,0.0,0.0,14.3884892086,1.43884892086,22.3021582734,0.0,0.0,0.0,8.91089108911,0.0,0.0,0.0,11.5646258503,1.36054421769,23.8095238095,0.0,0.0,0.0,13.5714285714,0.0,1.42857142857,0.0,25.7142857143,58.4615384615,0.0,2.22222222222,8.88888888889,0.0,2.05479452055,45.2054794521,49.3150684932,41.095890411,3.42465753425,0.970873786408,25.2427184466,12.6213592233,0.0,0.0,11.9205298013,0.0,21.8543046358,0.0,1.52671755725,29.7709923664,2.29007633588,0.0,2.11267605634,0.0,19.7183098592,0.0,0.0,18.2432432432,0.0,26.3513513514,38.5135135135,6.29370629371,46.8531468531,41.958041958
0.0,0.0,0.0,43.2258064516,1.71428571429,0.0,2.85714285714,0.0,98.8571428571,0.0,1.73410404624,0.0,2.8901734104,0.0,100.0,0.0,1.74418604651,0.0,2.90697674419,0.0,100.0,0.0,0.0,0.0,0.0,1.79640718563,0.0,2.99401197605,0.0,100.0,0.0,17.1428571429,1.85185185185,0.0,0.0,100.0,0.0,0.0,2.92397660819,1.74418604651,0.0,2.90697674419,0.0,100.0,0.0,0.0,2.85714285714,0.0,100.0,0.0,0.0,0.0,0.0,17.6100628931,1.71428571429,0.0,2.85714285714,0.0,100.0,1.89873417722,0.0,0.0,100.0,0.0,1.74418604651,0.0,2.90697674419,0.0,100.0,0.0,1.75438596491,0.0,2.92397660819,0.0,100.0,0.0,0.0,52.0,0.0,0.0,53.4722222222,0.0,2.75862068966,54.4827586207,0.0,0.0,0.0,0.0,0.0,0.0,1.71428571429,0.0,2.85714285714,0.0,100.0,0.0,0.0,0.0,0.0,0.0,0.0,0.0,0.0,1.72413793103,0.0,1.72413793103,0.0,100.0,1.14942528736,100.0,0.0,0.0
2.15827338129,0.0,0.0,51.0791366906,3.48837209302,0.0,3.48837209302,0.0,94.7674418605,0.0,3.84615384615,0.0,3.84615384615,1.92307692308,92.3076923077,0.0,3.65853658537,0.0,0.0,1.82926829268,94.512195122,0.0,0.0,0.0,3.61445783133,3.94736842105,0.0,3.28947368421,1.97368421053,90.7894736842,0.0,25.0,4.34782608696,0.0,2.17391304348,93.4782608696,0.0,0.0,0.0,3.7037037037,0.0,4.32098765432,0.0,91.975308642,0.0,0.0,1.72413793103,0.0,91.3793103448,0.0,5.52147239264,1.22699386503,2.15827338129,21.5827338129,1.74418604651,0.0,1.74418604651,1.74418604651,91.2790697674,3.7037037037,0.0,1.85185185185,92.5925925926,0.0,3.61445783133,0.0,3.61445783133,0.0,89.156626506,0.0,3.06748466258,0.0,4.29447852761,1.84049079755,90.1840490798,0.0,0.0,53.3333333333,4.61538461538,1.53846153846,37.6923076923,0.0,1.57480314961,43.3070866142,0.0,0.0,8.72483221477,0.0,3.92156862745,3.26797385621,3.35195530726,0.0,0.0,0.0,94.9720670391,0.0,0.0,1.96078431373,0.0,0.0,3.59281437126,0.0,0.0,1.77514792899,0.0,3.55029585799,0.0,91.124260355,1.77514792899,93.6046511628,0.0,0.0
0.0,0.0,0.0,8.75912408759,5.83941605839,0.0,4.3795620438,0.0,96.3503649635,0.0,6.15384615385,0.0,4.61538461538,0.0,93.0769230769,0.0,6.76691729323,0.0,5.26315789474,0.0,92.4812030075,0.0,0.0,2.4,2.4,5.88235294118,0.0,2.52100840336,0.0,92.4369747899,0.0,20.5882352941,7.01754385965,0.0,0.0,91.2280701754,0.0,0.0,2.98507462687,6.81818181818,0.0,4.54545454545,0.0,94.696969697,0.0,0.0,6.12244897959,0.0,90.4761904762,0.0,0.0,0.0,0.0,76.9784172662,6.29370629371,0.0,9.79020979021,0.0,88.8111888112,6.61157024793,0.0,0.0,94.2148760331,0.0,5.79710144928,0.0,7.24637681159,0.0,88.4057971014,0.0,6.25,0.0,1.5625,0.0,94.53125,0.0,0.0,44.5945945946,6.87022900763,0.0,15.2671755725,0.0,6.15384615385,31.5384615385,2.54237288136,2.54237288136,7.62711864407,0.0,4.42477876106,2.65486725664,5.40540540541,0.0,2.02702702703,0.0,96.6216216216,0.0,0.0,0.0,0.0,0.0,0.0,0.0,1.3986013986,4.28571428571,0.0,5.0,0.0,88.5714285714,2.14285714286,84.126984127,2.38095238095,3.1746031746
7.53424657534,0.0,3.42465753425,65.7534246575,0.0,0.0,14.1843971631,0.0,6.3829787234,0.0,0.0,0.0,18.0327868852,4.91803278689,6.55737704918,0.0,0.0,0.0,8.27586206897,0.0,2.06896551724,0.0,15.8620689655,0.0,4.0,0.0,0.0,17.3076923077,2.88461538462,5.76923076923,0.0,26.5306122449,0.0,0.0,4.54545454545,9.09090909091,0.0,0.0,33.3333333333,0.0,0.0,9.93377483444,0.0,1.98675496689,0.0,0.0,5.26315789474,1.97368421053,1.97368421053,0.0,3.28947368421,0.0,3.54609929078,35.4609929078,0.0,0.0,22.3021582734,0.0,7.91366906475,0.0,0.0,2.94117647059,11.7647058824,0.0,0.0,0.0,11.7647058824,2.20588235294,6.61764705882,0.0,0.0,0.0,8.05369127517,2.01342281879,2.01342281879,0.0,14.7651006711,35.1351351351,0.0,0.0,12.676056338,0.0,4.34782608696,63.768115942,0.0,10.7843137255,12.7450980392,0.0,14.4444444444,22.2222222222,0.0,0.0,18.9189189189,0.0,8.10810810811,2.02702702703,0.0,2.7027027027,0.0,0.0,4.1095890411,2.05479452055,3.42465753425,0.0,0.0,16.6666666667,0.0,9.09090909091,38.6363636364,79.6992481203,0.0,9.77443609023
16.0,0.0,1.6,51.2,1.73913043478,0.0,45.2173913043,0.0,21.7391304348,2.60869565217,3.0612244898,0.0,44.8979591837,0.0,13.2653061224,3.0612244898,0.0,0.0,11.3043478261,22.6086956522,0.869565217391,2.60869565217,51.3043478261,0.0,8.33333333333,3.65853658537,0.0,54.8780487805,0.0,8.53658536585,7.31707317073,36.2637362637,2.7397260274,0.0,0.0,15.0684931507,4.1095890411,2.60869565217,23.4782608696,0.0,0.0,10.6557377049,13.9344262295,0.0,2.45901639344,0.0,5.88235294118,8.82352941176,3.67647058824,2.20588235294,2.22222222222,0.0,2.45901639344,48.3606557377,2.52100840336,0.0,63.025210084,2.52100840336,17.6470588235,2.0,0.0,0.0,53.0,6.0,4.54545454545,0.0,59.0909090909,5.45454545455,13.6363636364,2.72727272727,0.0,0.0,10.2564102564,17.9487179487,0.0,2.5641025641,52.9914529915,40.0,0.0,0.0,13.9130434783,0.0,11.5702479339,58.6776859504,0.0,17.1052631579,14.4736842105,29.6703296703,8.79120879121,23.0769230769,3.1746031746,0.793650793651,46.0317460317,9.52380952381,21.4285714286,0.0,0.0,0.0,3.57142857143,0.0,21.6,2.4,23.2,2.5,0.0,59.1666666667,0.0,18.3333333333,10.8333333333,78.7037037037,4.62962962963,7.40740740741
15.7142857143,0.0,0.0,48.5714285714,0.0,0.0,27.6923076923,2.30769230769,10.7692307692,0.0,0.0,0.0,32.5,1.66666666667,13.3333333333,0.0,0.0,0.0,7.74647887324,0.0,0.0,0.0,10.5633802817,0.0,1.34228187919,0.0,0.0,29.0909090909,1.81818181818,9.09090909091,0.0,24.3243243243,0.0,0.0,3.22580645161,12.9032258065,0.0,0.0,26.3157894737,0.0,0.0,6.66666666667,0.0,0.0,0.0,0.0,8.38709677419,0.0,0.0,0.0,0.0,3.57142857143,2.14285714286,36.4285714286,0.0,0.0,40.7142857143,0.0,13.5714285714,0.0,0.0,2.65486725664,35.3982300885,0.0,0.0,0.0,34.8837209302,0.0,3.1007751938,0.0,0.0,0.0,5.6338028169,1.40845070423,0.0,0.0,4.92957746479,35.1648351648,1.47058823529,0.0,11.0294117647,1.47058823529,12.5,61.0294117647,0.0,1.81818181818,16.3636363636,9.83606557377,3.27868852459,32.7868852459,0.0,0.0,31.5789473684,3.28947368421,12.5,0.0,0.0,0.0,0.0,0.0,30.3448275862,0.0,15.8620689655,0.0,0.0,38.8059701493,0.0,11.9402985075,26.8656716418,77.7777777778,0.0,4.44444444444
0.0,0.0,0.0,13.4228187919,0.0,2.22222222222,42.962962963,4.44444444444,40.7407407407,5.92592592593,0.0,3.7037037037,42.962962963,5.18518518519,45.1851851852,8.14814814815,0.0,3.73134328358,16.4179104478,12.6865671642,9.70149253731,9.70149253731,44.0298507463,13.9534883721,31.007751938,0.0,1.6,30.4,7.2,14.4,4.8,11.811023622,0.0,0.0,6.55737704918,50.0,4.91803278689,0.0,33.5714285714,0.0,5.10948905109,16.0583941606,12.4087591241,11.6788321168,4.3795620438,0.0,31.724137931,6.89655172414,28.9655172414,2.06896551724,0.0,1.97368421053,0.0,100.0,2.0,0.0,48.6666666667,0.0,59.3333333333,0.0,0.0,1.66666666667,50.0,5.0,0.0,2.05479452055,36.9863013699,10.2739726027,11.6438356164,4.1095890411,0.0,3.96825396825,16.6666666667,11.1111111111,7.93650793651,10.3174603175,46.0317460317,41.3043478261,0.0,0.0,1.43884892086,0.0,1.42857142857,63.5714285714,11.9047619048,54.7619047619,21.4285714286,5.88235294118,39.4957983193,35.2941176471,0.0,5.22875816993,36.6013071895,6.53594771242,28.7581699346,5.88235294118,0.0,0.0,2.1897810219,0.0,21.0884353741,3.40136054422,41.4965986395,2.04081632653,0.0,71.4285714286,1.36054421769,31.2925170068,4.7619047619,3.00751879699,10.5263157895,55.6390977444
0.0,0.0,0.0,6.57894736842,0.0,20.5479452055,25.3424657534,4.1095890411,30.1369863014,36.301369863,0.0,19.014084507,23.2394366197,3.52112676056,33.0985915493,41.5492957746,0.0,18.5714285714,12.1428571429,4.28571428571,7.85714285714,57.1428571429,23.5714285714,3.00751879699,27.8195488722,0.0,20.0,20.8,1.6,32.0,38.4,11.9047619048,0.0,8.69565217391,2.17391304348,22.8260869565,30.4347826087,0.0,20.7142857143,0.0,19.8581560284,8.51063829787,2.12765957447,6.3829787234,67.3758865248,25.1612903226,7.09677419355,1.29032258065,1.93548387097,63.8709677419,0.0,0.0,0.0,100.0,0.0,31.6455696203,6.96202531646,3.16455696203,3.16455696203,0.0,10.0,2.5,22.5,15.0,0.0,25.3521126761,19.7183098592,1.40845070423,6.33802816901,52.1126760563,0.0,16.0839160839,8.39160839161,5.59440559441,5.59440559441,45.4545454545,25.8741258741,36.8421052632,0.0,0.0,5.71428571429,0.0,5.47945205479,77.397260274,1.62601626016,46.3414634146,34.9593495935,0.0,35.3982300885,27.4336283186,0.0,21.4765100671,15.4362416107,4.02684563758,13.4228187919,65.7718120805,4.79452054795,7.53424657534,12.3287671233,2.72108843537,0.680272108844,7.48299319728,27.8911564626,0.0,29.0322580645,5.16129032258,1.93548387097,3.22580645161,1.93548387097,10.6382978723,1.41843971631,40.4255319149
3.40136054422,3.40136054422,0.0,43.537414966,0.0,0.0,29.2857142857,5.71428571429,64.2857142857,2.14285714286,0.0,0.769230769231,36.9230769231,4.61538461538,68.4615384615,0.0,0.0,0.0,23.9436619718,7.04225352113,72.5352112676,0.0,57.7464788732,51.7985611511,3.59712230216,0.0,0.77519379845,27.9069767442,6.2015503876,65.8914728682,0.0,8.69565217391,0.0,0.0,1.8691588785,71.0280373832,0.0,2.1897810219,25.5474452555,0.0,0.0,19.1489361702,7.80141843972,69.5035460993,0.0,0.0,41.0071942446,12.9496402878,7.19424460432,7.91366906475,0.0,1.25786163522,2.64900662252,3.97350993377,4.92957746479,1.40845070423,39.4366197183,18.3098591549,3.52112676056,0.0,0.0,10.5691056911,70.7317073171,5.69105691057,7.09219858156,0.0,61.7021276596,7.09219858156,0.0,18.4397163121,0.0,0.0,28.6764705882,5.14705882353,63.9705882353,0.0,52.2058823529,34.5679012346,2.0979020979,0.0,21.6783216783,0.0,3.0303030303,28.0303030303,56.3909774436,39.8496240602,3.75939849624,38.5826771654,25.9842519685,29.1338582677,0.0,0.0,33.3333333333,6.80272108844,37.4149659864,1.36054421769,0.0,0.0,0.0,0.0,1.97368421053,0.0,12.5,4.92957746479,0.0,54.9295774648,9.15492957746,2.11267605634,29.5774647887,0.0,58.3333333333,36.3636363636
0.0,0.0,0.0,82.2222222222,0.0,0.0,43.9024390244,0.0,39.837398374,0.0,0.0,0.0,43.3628318584,0.0,28.3185840708,0.0,1.8691588785,0.0,29.9065420561,0.934579439252,0.0,0.0,26.1682242991,0.0,7.69230769231,0.0,0.0,37.0,0.0,5.0,1.0,12.7659574468,1.13636363636,1.13636363636,0.0,14.7727272727,0.0,0.0,47.9338842975,2.10526315789,0.0,25.2631578947,0.0,1.05263157895,1.05263157895,0.0,34.7457627119,0.0,2.54237288136,0.0,0.0,1.49253731343,2.30769230769,92.3076923077,0.0,0.0,35.8974358974,0.0,8.54700854701,0.0,0.0,0.0,23.6559139785,1.0752688172,0.0,0.0,31.9672131148,0.0,1.6393442623,0.0,0.0,0.0,26.0,0.0,0.0,0.0,27.0,44.4444444444,0.0,0.0,0.0,0.0,0.0,78.4615384615,0.970873786408,14.5631067961,17.4757281553,0.0,11.1111111111,28.8888888889,0.735294117647,0.0,31.6176470588,0.0,12.5,0.0,0.0,0.0,0.0,0.0,7.2,0.0,37.6,0.0,0.0,40.0,0.0,6.4,29.6,5.30973451327,1.76991150442,54.8672566372
0.0,0.704225352113,0.0,81.6901408451,0.0,0.769230769231,28.4615384615,4.61538461538,30.0,0.0,0.0,0.0,39.1304347826,5.21739130435,32.1739130435,0.0,3.1746031746,0.0,44.4444444444,0.0,0.0,0.0,19.0476190476,0.0,2.7027027027,0.0,0.0,48.3516483516,0.0,9.89010989011,0.0,3.63636363636,0.0,0.0,0.0,11.8421052632,0.0,0.0,31.7829457364,2.7027027027,0.0,70.2702702703,0.0,1.8018018018,0.0,0.0,68.9393939394,0.0,8.33333333333,0.0,0.0,1.32450331126,0.0,46.6666666667,0.0,0.0,36.8421052632,0.0,14.2857142857,0.0,0.0,9.18367346939,7.14285714286,2.04081632653,2.38095238095,0.0,65.873015873,0.0,3.1746031746,0.0,0.0,0.0,17.4603174603,0.0,6.34920634921,0.0,5.55555555556,53.6231884058,1.48148148148,0.0,4.44444444444,0.0,4.44444444444,60.0,3.0612244898,28.5714285714,30.612244898,0.0,16.1290322581,27.9569892473,2.08333333333,0.0,54.1666666667,2.08333333333,18.75,0.0,0.0,0.0,0.0,0.0,3.54609929078,0.0,18.4397163121,0.0,0.0,35.2941176471,3.67647058824,13.9705882353,37.5,14.5161290323,4.03225806452,51.6129032258
0.724637681159,0.0,0.0,68.8405797101,0.0,0.0,49.5652173913,0.869565217391,38.2608695652,0.869565217391,0.0,0.0,52.2522522523,0.900900900901,32.4324324324,1.8018018018,0.826446280992,0.0,40.4958677686,0.0,0.0,0.0,19.8347107438,2.47933884298,5.78512396694,0.943396226415,0.0,55.6603773585,0.0,12.2641509434,0.943396226415,14.5454545455,0.0,0.0,0.0,23.1578947368,0.0,0.0,44.696969697,0.0,0.0,35.7723577236,0.813008130081,0.0,0.0,0.0,37.5,0.0,0.0,0.694444444444,0.0,1.93548387097,0.709219858156,78.0141843972,0.0,0.0,39.7058823529,0.735294117647,19.1176470588,0.0,0.0,0.0,19.1011235955,0.0,0.0,0.0,57.1428571429,0.0,7.14285714286,0.0,2.47933884298,0.0,33.0578512397,0.0,1.65289256198,1.65289256198,21.4876033058,65.7534246575,0.719424460432,0.719424460432,0.0,0.724637681159,0.0,81.1594202899,0.0,27.5229357798,22.9357798165,3.9603960396,11.8811881188,29.702970297,0.671140939597,0.0,48.322147651,0.0,21.4765100671,0.0,0.0,2.77777777778,0.0,0.0,9.48905109489,0.0,17.5182481752,0.751879699248,0.0,44.3609022556,0.751879699248,15.7894736842,20.3007518797,9.64912280702,7.89473684211,41.2280701754
4.02684563758,0.0,0.0,72.4832214765,0.0,0.0,50.4424778761,2.65486725664,39.8230088496,0.0,0.0,0.0,47.7477477477,0.0,35.1351351351,2.7027027027,0.0,0.0,50.3448275862,0.0,20.6896551724,0.0,24.8275862069,6.52173913043,11.5942028986,0.0,0.0,42.0454545455,3.40909090909,28.4090909091,3.40909090909,7.96460176991,0.0,0.0,3.65853658537,26.8292682927,0.0,4.34782608696,19.5652173913,0.0,4.22535211268,52.1126760563,0.0,11.9718309859,2.11267605634,0.0,34.6666666667,0.0,12.6666666667,0.666666666667,0.0,3.92156862745,8.27586206897,60.0,0.0,1.49253731343,39.552238806,2.23880597015,35.0746268657,0.0,0.0,0.0,41.4414414414,0.0,2.15827338129,0.0,44.6043165468,2.15827338129,20.8633093525,0.0,0.0,0.0,50.0,2.08333333333,4.86111111111,0.0,32.6388888889,33.734939759,1.42857142857,4.28571428571,7.85714285714,0.0,7.35294117647,52.2058823529,6.66666666667,12.2222222222,42.2222222222,7.47663551402,11.214953271,24.2990654206,2.0,0.0,44.6666666667,4.0,36.0,0.0,0.0,0.0,0.0,0.0,0.0,4.79452054795,12.3287671233,0.0,0.0,46.5648854962,0.0,34.3511450382,11.4503816794,29.5238095238,7.61904761905,13.3333333333
0.0,0.0,0.0,0.0,0.0,0.0,28.75,2.5,87.5,0.0,0.0,0.0,24.4444444444,0.0,86.6666666667,0.0,0.0,0.0,57.5471698113,0.0,34.9056603774,0.0,4.71698113208,0.0,5.66037735849,0.0,0.0,23.3766233766,0.0,84.4155844156,0.0,11.5384615385,0.0,0.0,0.0,90.1960784314,0.0,6.03448275862,2.58620689655,0.0,0.0,52.8301886792,0.0,42.4528301887,0.0,0.0,32.2033898305,0.0,72.8813559322,0.0,0.0,0.0,0.0,96.4912280702,0.0,0.0,17.5438596491,0.0,88.5964912281,0.0,0.0,0.0,86.0465116279,0.0,0.0,0.0,20.5357142857,0.0,83.0357142857,0.0,0.0,0.0,58.0,0.0,39.0,0.0,5.0,20.5128205128,15.5555555556,0.0,67.7777777778,0.0,0.0,3.09278350515,0.0,3.94736842105,3.94736842105,0.0,6.52173913043,10.8695652174,0.0,0.0,48.623853211,0.0,76.1467889908,0.0,0.0,0.0,0.0,0.0,61.0619469027,18.5840707965,15.9292035398,0.0,0.0,19.0909090909,0.0,82.7272727273,4.54545454545,88.4615384615,0.0,3.84615384615
0.0,0.0,0.0,78.4722222222,0.0,0.0,32.6530612245,2.04081632653,59.1836734694,6.12244897959,2.17391304348,0.0,44.2028985507,2.17391304348,54.347826087,9.42028985507,0.0,1.38888888889,14.5833333333,18.75,2.08333333333,6.25,11.8055555556,0.0,2.89855072464,2.63157894737,0.0,39.4736842105,4.38596491228,14.0350877193,7.89473684211,6.76691729323,0.0,0.0,1.73913043478,69.5652173913,7.82608695652,0.0,5.47945205479,2.06896551724,0.689655172414,9.65517241379,3.44827586207,4.13793103448,5.51724137931,0.0,17.3652694611,1.79640718563,1.19760479042,3.59281437126,0.0,0.0,3.24675324675,75.3246753247,1.85185185185,0.0,21.6049382716,0.0,3.7037037037,0.0,0.0,7.87401574803,72.4409448819,7.08661417323,0.0,0.0,30.3797468354,0.632911392405,1.89873417722,3.79746835443,0.0,0.0,15.9722222222,16.6666666667,4.16666666667,9.02777777778,16.6666666667,37.6237623762,0.694444444444,0.0,8.33333333333,0.0,26.2068965517,44.1379310345,3.36134453782,4.20168067227,26.0504201681,2.41935483871,0.0,64.5161290323,1.96078431373,0.0,33.9869281046,14.3790849673,43.7908496732,3.92156862745,2.17391304348,0.0,4.34782608696,1.96078431373,0.0,8.49673202614,2.61437908497,3.79746835443,0.0,24.6835443038,0.0,0.0,3.79746835443,21.2121212121,1.51515151515,28.7878787879
0.0,0.0,0.0,74.4827586207,0.0,0.0,21.8543046358,0.0,51.6556291391,4.6357615894,0.0,2.06896551724,27.5862068966,0.0,47.5862068966,4.8275862069,0.0,5.69620253165,1.89873417722,12.0253164557,0.632911392405,85.4430379747,6.96202531646,0.0,3.16455696203,0.0,0.884955752212,23.8938053097,0.0,48.6725663717,5.30973451327,4.87804878049,0.0,1.0989010989,0.0,52.7472527473,10.989010989,5.55555555556,11.8055555556,0.0,4.96894409938,1.24223602484,8.07453416149,3.72670807453,86.3354037267,6.74846625767,3.06748466258,7.36196319018,0.613496932515,84.6625766871,0.0,1.93548387097,0.0,94.7712418301,0.0,5.69620253165,1.26582278481,3.79746835443,0.632911392405,0.0,0.0,0.0,54.0983606557,3.27868852459,1.31578947368,2.63157894737,24.3421052632,3.94736842105,33.5526315789,28.2894736842,0.0,6.91823899371,2.51572327044,11.320754717,0.0,84.9056603774,6.2893081761,53.9473684211,0.0,0.699300699301,0.699300699301,0.684931506849,0.0,82.1917808219,2.63157894737,3.50877192982,13.1578947368,0.0,2.67857142857,22.3214285714,0.621118012422,1.86335403727,19.8757763975,9.31677018634,30.4347826087,80.7453416149,0.0,1.33333333333,6.0,2.53164556962,1.89873417722,6.32911392405,1.26582278481,0.0,3.10559006211,1.24223602484,3.72670807453,0.0,0.0,71.2328767123,6.16438356164,7.53424657534
0.0,0.0,0.0,72.5352112676,0.0,0.0,40.3361344538,0.0,42.8571428571,0.0,0.0,0.0,40.0,0.0,41.9047619048,0.0,0.0,0.0,31.3868613139,0.0,3.6496350365,0.0,29.197080292,0.0,6.92307692308,0.0,0.0,36.0465116279,0.0,16.2790697674,0.0,15.652173913,0.0,0.0,0.0,20.0,0.0,0.0,41.6058394161,1.5873015873,0.0,32.5396825397,0.0,2.38095238095,0.0,0.0,25.9259259259,0.0,0.0,0.0,0.0,1.36054421769,0.0,87.074829932,0.0,0.0,41.3533834586,0.0,11.2781954887,0.0,0.0,0.0,24.1379310345,0.0,1.68067226891,0.0,34.4537815126,0.840336134454,5.88235294118,0.0,0.0,0.0,27.4809160305,0.0,2.29007633588,0.0,22.9007633588,44.8717948718,0.694444444444,0.0,1.38888888889,0.0,2.75862068966,64.8275862069,0.0,15.6626506024,31.3253012048,0.0,11.7021276596,22.3404255319,0.0,0.684931506849,38.3561643836,0.0,14.3835616438,0.0,0.0,0.0,0.0,0.0,12.3188405797,2.17391304348,38.4057971014,0.0,0.0,44.2748091603,0.0,7.63358778626,14.5038167939,13.6752136752,0.0,35.0427350427
1.34228187919,1.34228187919,2.01342281879,2.01342281879,0.0,2.53164556962,5.69620253165,0.632911392405,83.5443037975,1.89873417722,0.0,3.73831775701,2.80373831776,0.0,82.2429906542,2.80373831776,0.0,2.58064516129,5.16129032258,0.0,58.064516129,15.4838709677,14.1935483871,5.36912751678,2.68456375839,0.0,4.6511627907,1.16279069767,0.0,79.0697674419,3.48837209302,1.8691588785,0.0,2.63157894737,1.31578947368,84.2105263158,3.94736842105,8.52713178295,5.42635658915,0.0,2.5974025974,5.84415584416,1.94805194805,28.5714285714,21.4285714286,1.25786163522,4.40251572327,1.88679245283,38.9937106918,27.6729559748,0.0,2.41935483871,60.7843137255,2.61437908497,0.0,0.0,10.5263157895,0.0,60.1503759398,0.819672131148,3.27868852459,0.0,79.5081967213,2.45901639344,0.0,0.0,2.47933884298,0.826446280992,64.4628099174,4.13223140496,0.671140939597,2.68456375839,1.34228187919,0.671140939597,46.9798657718,14.0939597315,5.36912751678,10.5691056911,32.6086956522,21.0144927536,37.6811594203,10.5263157895,24.8120300752,0.0,6.25,8.75,7.5,2.91262135922,3.88349514563,4.85436893204,0.0,2.45398773006,4.90797546012,1.84049079755,84.0490797546,7.36196319018,1.75438596491,3.50877192982,5.26315789474,2.17391304348,0.0,4.34782608696,17.3913043478,0.740740740741,0.0,11.1111111111,0.740740740741,58.5185185185,8.88888888889,78.7878787879,3.78787878788,3.78787878788
0.0,0.0,8.10810810811,20.2702702703,0.0,0.0,88.3116883117,0.0,24.6753246753,0.0,0.0,0.0,79.4117647059,0.0,22.0588235294,0.0,0.0,0.0,32.1678321678,0.0,2.7972027972,0.0,11.1888111888,0.653594771242,9.80392156863,0.0,0.0,73.6434108527,0.0,7.7519379845,0.0,14.2857142857,0.0,0.0,0.0,11.9266055046,0.0,1.26582278481,2.53164556962,0.0,0.0,30.5732484076,0.0,3.82165605096,0.0,0.0,23.8993710692,0.0,3.77358490566,0.0,0.0,0.0,0.0,42.8571428571,0.0,0.0,19.7530864198,0.0,3.7037037037,0.0,0.0,0.0,19.3277310924,0.0,0.0,0.0,24.0740740741,0.0,4.32098765432,0.0,0.0,0.0,31.3868613139,0.0,3.6496350365,0.0,8.75912408759,23.3333333333,12.0,0.0,75.3333333333,0.0,4.66666666667,0.666666666667,2.41935483871,22.5806451613,25.0,0.0,20.7547169811,31.1320754717,0.0,0.0,70.9090909091,0.0,12.1212121212,0.0,6.12244897959,4.08163265306,0.0,2.06896551724,6.20689655172,0.0,22.0689655172,0.0,0.0,23.75,0.0,4.375,8.75,37.6811594203,4.34782608696,23.9130434783
0.0,0.0,92.5465838509,1.86335403727,0.0,0.0,39.7260273973,8.90410958904,19.1780821918,0.0,0.0,0.0,38.4615384615,9.79020979021,17.4825174825,0.0,0.0,0.0,44.4444444444,0.0,16.049382716,0.0,33.3333333333,37.3015873016,25.3968253968,0.0,0.0,31.0606060606,9.84848484848,7.57575757576,0.0,19.3181818182,0.0,0.0,3.7037037037,34.2592592593,0.0,14.9659863946,13.6054421769,0.0,0.0,41.40625,0.0,17.1875,0.0,0.0,36.4285714286,0.0,12.8571428571,0.0,0.0,1.92307692308,2.01342281879,7.38255033557,0.0,0.0,33.3333333333,0.0,7.63888888889,0.0,0.0,2.12765957447,53.1914893617,0.0,0.0,0.0,33.5616438356,0.0,11.6438356164,0.0,0.0,0.0,43.8356164384,0.0,6.84931506849,0.0,35.6164383562,16.8539325843,7.79220779221,4.54545454545,87.012987013,1.25786163522,0.0,1.88679245283,17.4242424242,31.0606060606,21.9696969697,10.101010101,12.1212121212,47.4747474747,0.0,0.0,34.8101265823,3.16455696203,24.0506329114,0.0,0.0,46.3414634146,0.0,0.0,11.8421052632,1.31578947368,5.92105263158,0.0,0.0,25.0,0.0,14.1891891892,31.7567567568,30.0699300699,13.2867132867,27.972027972
0.0,0.0,0.0,4.54545454545,0.694444444444,0.0,18.0555555556,1.38888888889,81.25,0.694444444444,0.0,0.0,9.28571428571,2.85714285714,76.4285714286,0.0,0.0,0.0,3.84615384615,0.0,3.20512820513,1.92307692308,4.48717948718,0.0,3.8961038961,0.0,0.0,8.8,0.8,24.8,0.0,12.8205128205,0.0,0.0,1.13636363636,61.3636363636,0.0,3.54609929078,8.51063829787,0.0,0.657894736842,1.97368421053,0.0,0.0,0.657894736842,0.0,0.0,2.5,1.875,0.0,2.5,0.0,1.94805194805,92.8571428571,0.625,0.0,0.0,3.75,84.375,0.877192982456,0.0,0.877192982456,78.0701754386,0.0,0.636942675159,0.0,10.8280254777,1.91082802548,0.0,0.636942675159,0.0,0.0,3.22580645161,0.0,3.87096774194,0.645161290323,3.22580645161,46.3768115942,2.25563909774,0.0,5.26315789474,0.0,7.19424460432,73.381294964,4.03225806452,6.45161290323,28.2258064516,3.53982300885,18.5840707965,64.6017699115,0.0,0.0,1.29032258065,3.87096774194,47.0967741935,1.93548387097,4.58015267176,42.7480916031,1.52671755725,4.1958041958,57.3426573427,4.8951048951,23.7762237762,0.0,0.0,0.0,1.2987012987,71.4285714286,3.24675324675,10.6382978723,2.12765957447,30.4964539007
0.0,0.0,0.0,18.6666666667,0.0,0.0,13.3333333333,2.22222222222,80.7407407407,0.0,0.0,0.0,10.6870229008,1.52671755725,79.3893129771,0.0,0.0,0.0,11.6788321168,0.0,6.56934306569,0.0,80.2919708029,0.0,6.15384615385,0.0,2.36220472441,12.5984251969,2.36220472441,27.5590551181,0.0,3.50877192982,0.0,0.0,2.0,77.0,0.0,15.037593985,16.5413533835,0.0,0.0,8.69565217391,0.724637681159,1.44927536232,0.0,32.1678321678,4.8951048951,11.8881118881,21.6783216783,46.8531468531,0.0,6.04026845638,0.0,95.3020134228,0.0,28.5714285714,2.72108843537,12.925170068,21.768707483,0.0,0.0,1.76991150442,90.2654867257,0.0,0.0,2.9197080292,11.6788321168,1.4598540146,62.0437956204,2.1897810219,0.0,0.0,12.2302158273,0.0,3.59712230216,0.0,70.5035971223,51.2195121951,0.0,2.12765957447,4.96453900709,0.0,8.51063829787,62.4113475177,0.0,12.3076923077,41.5384615385,17.0731707317,12.1951219512,56.9105691057,0.0,7.69230769231,7.69230769231,2.0979020979,44.0559440559,16.0839160839,0.729927007299,17.5182481752,5.83941605839,0.0,4.13793103448,1.37931034483,52.4137931034,0.0,15.6462585034,12.925170068,6.12244897959,70.7482993197,7.48299319728,2.23880597015,5.97014925373,6.71641791045
2.05479452055,1.3698630137,2.05479452055,53.4246575342,26.3888888889,0.0,13.1944444444,2.08333333333,65.2777777778,0.0,30.9352517986,0.0,15.1079136691,2.15827338129,61.8705035971,2.15827338129,26.3513513514,0.0,10.8108108108,2.02702702703,49.3243243243,2.02702702703,8.78378378378,4.08163265306,3.40136054422,34.3511450382,0.0,16.0305343511,0.0,51.9083969466,2.29007633588,16.9491525424,19.298245614,0.0,2.63157894737,71.0526315789,0.0,2.04081632653,12.2448979592,26.1437908497,0.0,6.53594771242,1.96078431373,49.0196078431,0.0,0.0,6.3829787234,0.0,58.865248227,0.0,2.0979020979,4.1958041958,4.02684563758,22.8187919463,15.6462585034,2.04081632653,10.2040816327,2.04081632653,57.8231292517,14.2857142857,0.0,0.0,73.8095238095,0.0,22.6666666667,0.0,8.0,2.0,49.3333333333,4.0,29.5302013423,0.0,4.69798657718,4.02684563758,46.3087248322,0.0,6.04026845638,62.0689655172,1.42857142857,4.28571428571,40.7142857143,0.0,0.714285714286,22.1428571429,3.67647058824,9.55882352941,20.5882352941,4.83870967742,9.67741935484,8.06451612903,24.5283018868,1.88679245283,5.66037735849,5.66037735849,59.1194968553,0.0,0.0,0.0,0.0,1.92307692308,0.0,5.12820512821,0.0,17.6870748299,2.04081632653,13.6054421769,2.04081632653,55.1020408163,9.52380952381,59.7014925373,2.23880597015,11.9402985075
0.0,3.52112676056,44.3661971831,21.8309859155,0.0,0.0,46.2121212121,3.78787878788,52.2727272727,1.51515151515,0.0,0.0,53.2846715328,3.6496350365,54.7445255474,1.4598540146,5.0,0.0,46.6666666667,13.3333333333,26.6666666667,8.33333333333,11.6666666667,3.80952380952,24.7619047619,0.0,0.0,41.0071942446,1.43884892086,53.2374100719,1.43884892086,27.9069767442,0.0,0.0,8.47457627119,23.7288135593,3.38983050847,12.3188405797,15.9420289855,0.0,0.0,42.9824561404,4.38596491228,35.9649122807,4.38596491228,0.0,36.0544217687,2.04081632653,25.8503401361,0.0,24.3421052632,3.28947368421,9.39597315436,30.8724832215,3.35570469799,0.0,19.4630872483,2.01342281879,64.4295302013,0.0,0.0,4.44444444444,37.7777777778,11.1111111111,0.0,0.0,32.8767123288,2.05479452055,39.7260273973,0.0,0.0,6.3829787234,57.4468085106,4.25531914894,21.2765957447,4.25531914894,6.3829787234,30.5084745763,10.3448275862,6.20689655172,78.6206896552,2.0979020979,0.0,2.0979020979,4.31654676259,17.2661870504,19.4244604317,11.7647058824,39.2156862745,25.4901960784,0.0,1.92307692308,43.5897435897,10.2564102564,58.3333333333,8.33333333333,0.0,18.1818181818,0.0,0.0,3.22580645161,3.87096774194,17.4193548387,0.0,0.0,18.9189189189,0.0,62.8378378378,13.5135135135,25.0,10.4838709677,18.5483870968
0.0,0.0,4.12371134021,7.21649484536,0.0,0.0,42.8571428571,0.0,64.9350649351,0.0,0.0,0.0,51.1904761905,0.0,63.0952380952,0.0,0.0,0.0,45.5445544554,0.0,50.495049505,0.0,2.9702970297,19.2307692308,56.7307692308,0.0,0.0,33.3333333333,0.0,68.0,0.0,7.54716981132,0.0,0.0,0.0,70.2127659574,0.0,0.0,27.2727272727,0.0,0.0,40.5940594059,0.0,52.4752475248,0.0,0.0,21.9047619048,0.0,35.2380952381,0.0,2.80373831776,0.0,0.0,99.0384615385,0.0,0.0,43.8095238095,0.0,62.8571428571,0.0,0.0,0.0,58.8235294118,0.0,0.0,0.0,33.0188679245,0.0,66.0377358491,0.0,0.0,0.0,46.5346534653,0.0,46.5346534653,0.0,5.94059405941,39.6226415094,6.31578947368,0.0,37.8947368421,0.0,2.10526315789,21.0526315789,11.4285714286,18.5714285714,21.4285714286,16.3636363636,21.8181818182,32.7272727273,0.0,0.0,39.0476190476,0.0,62.8571428571,0.0,0.0,0.0,0.0,34.693877551,4.08163265306,24.4897959184,2.04081632653,0.0,0.0,34.3137254902,0.0,63.7254901961,4.90196078431,16.2162162162,12.1621621622,48.6486486486
0.0,0.0,32.1428571429,37.1428571429,0.0,1.57480314961,42.5196850394,14.1732283465,40.157480315,3.93700787402,0.0,1.4598540146,45.9854014599,4.3795620438,46.7153284672,4.3795620438,7.31707317073,0.0,12.1951219512,0.0,24.3902439024,2.43902439024,24.3902439024,9.70873786408,11.6504854369,0.0,1.38888888889,46.5277777778,2.08333333333,45.1388888889,0.0,15.3846153846,0.0,0.0,10.7692307692,52.3076923077,1.53846153846,16.6666666667,13.0434782609,0.0,4.03225806452,22.5806451613,8.87096774194,22.5806451613,8.06451612903,1.97368421053,23.0263157895,3.94736842105,40.1315789474,0.0,1.33333333333,4.0,9.09090909091,45.4545454545,0.0,0.684931506849,34.2465753425,8.21917808219,43.1506849315,8.82352941176,0.0,0.0,44.1176470588,11.7647058824,0.0,0.0,22.2222222222,2.08333333333,38.1944444444,4.16666666667,0.0,0.0,24.3243243243,0.0,21.6216216216,8.10810810811,37.8378378378,35.0877192982,7.94701986755,0.662251655629,88.7417218543,0.0,0.0,3.97350993377,8.27067669173,34.5864661654,20.3007518797,10.8108108108,37.8378378378,21.6216216216,1.875,3.125,46.25,15.0,56.25,3.125,0.0,0.0,0.0,1.37931034483,0.689655172414,3.44827586207,16.5517241379,0.0,1.32450331126,27.1523178808,3.31125827815,54.3046357616,23.178807947,21.186440678,13.5593220339,41.5254237288
3.00751879699,0.0,42.8571428571,28.5714285714,0.0,0.0,17.4242424242,0.0,23.4848484848,0.0,0.0,0.0,23.6111111111,2.08333333333,26.3888888889,0.0,0.0,0.0,35.4166666667,0.0,14.5833333333,0.0,43.75,0.0,25.0,0.0,0.0,22.8571428571,0.0,30.0,0.0,14.2857142857,0.0,3.94736842105,3.94736842105,22.3684210526,0.0,11.3475177305,28.3687943262,1.0,0.0,25.0,0.0,16.0,0.0,2.0979020979,13.986013986,0.0,11.8881118881,0.0,0.0,7.43243243243,4.3795620438,67.8832116788,0.0,0.0,25.1700680272,0.0,17.6870748299,0.0,5.76923076923,0.0,30.7692307692,0.0,0.0,0.0,10.7913669065,2.87769784173,15.8273381295,0.0,0.0,0.0,34.2105263158,0.0,21.0526315789,7.89473684211,44.7368421053,38.4615384615,9.33333333333,2.0,80.0,0.0,0.0,4.1095890411,3.84615384615,20.7692307692,19.2307692308,0.0,20.9677419355,40.3225806452,1.92307692308,1.92307692308,21.1538461538,1.92307692308,25.641025641,0.0,0.0,4.7619047619,0.0,0.0,3.6231884058,0.0,35.5072463768,0.0,0.0,22.3684210526,3.94736842105,13.8157894737,21.7105263158,41.7391304348,6.95652173913,38.2608695652
7.91366906475,18.7050359712,17.9856115108,0.0,0.0,0.0,50.9259259259,0.0,52.7777777778,0.0,0.0,0.0,53.8461538462,0.0,53.0769230769,0.0,0.0,0.0,28.8461538462,0.0,21.1538461538,0.0,13.4615384615,2.85714285714,8.57142857143,0.0,0.0,46.511627907,0.0,58.1395348837,0.0,19.0476190476,0.0,0.0,4.22535211268,46.4788732394,0.0,12.7819548872,17.2932330827,0.0,0.0,6.95652173913,0.0,12.1739130435,0.0,0.0,5.96026490066,0.0,0.0,0.0,4.51127819549,0.0,39.5833333333,4.16666666667,0.0,0.0,10.1351351351,0.0,83.7837837838,0.0,0.0,0.0,41.8604651163,0.0,2.20588235294,0.0,2.20588235294,0.0,69.8529411765,0.0,0.0,0.0,5.88235294118,0.0,17.6470588235,0.0,17.6470588235,37.2549019608,14.4927536232,12.3188405797,73.1884057971,11.8055555556,0.0,0.0,18.2481751825,34.3065693431,15.3284671533,6.66666666667,57.7777777778,13.3333333333,0.0,0.0,37.9310344828,4.13793103448,59.3103448276,2.06896551724,0.0,0.0,0.0,2.0979020979,7.69230769231,1.3986013986,20.979020979,0.0,0.0,10.1351351351,0.0,87.8378378378,2.7027027027,21.8181818182,18.1818181818,47.2727272727
1.36054421769,0.0,0.0,6.12244897959,67.6258992806,4.31654676259,12.2302158273,28.7769784173,67.6258992806,8.63309352518,82.4817518248,7.29927007299,20.4379562044,27.0072992701,43.795620438,7.29927007299,85.401459854,2.1897810219,5.83941605839,2.1897810219,5.83941605839,2.1897810219,8.02919708029,2.27272727273,9.84848484848,91.7355371901,4.95867768595,10.7438016529,9.09090909091,21.4876033058,2.47933884298,15.5963302752,87.3786407767,0.0,1.94174757282,26.213592233,1.94174757282,0.0,8.9552238806,86.9565217391,2.17391304348,2.89855072464,2.17391304348,5.79710144928,1.44927536232,1.29032258065,6.45161290323,0.0,5.16129032258,1.93548387097,0.0,0.0,0.0,83.3333333333,89.375,0.0,4.375,0.0,5.0,63.6363636364,0.0,0.0,52.0661157025,1.65289256198,89.1025641026,3.84615384615,6.41025641026,3.20512820513,3.20512820513,1.92307692308,87.786259542,1.52671755725,4.58015267176,2.29007633588,4.58015267176,2.29007633588,6.10687022901,56.7901234568,2.08333333333,2.08333333333,12.5,0.0,2.72108843537,70.0680272109,0.0,14.8760330579,38.8429752066,2.7027027027,8.10810810811,47.7477477477,92.0731707317,4.26829268293,11.5853658537,13.4146341463,29.2682926829,1.21951219512,6.16438356164,0.0,0.0,0.0,0.0,1.94805194805,5.19480519481,93.8650306748,1.84049079755,4.90797546012,0.0,4.29447852761,1.84049079755,7.87401574803,2.36220472441,29.9212598425
0.0,0.0,0.0,4.1958041958,0.0,0.0,2.0979020979,2.0979020979,82.5174825175,0.0,0.0,0.0,0.806451612903,9.67741935484,72.5806451613,0.0,0.0,0.0,5.75539568345,7.19424460432,2.15827338129,1.43884892086,16.5467625899,4.25531914894,7.09219858156,0.0,0.0,6.61157024793,7.43801652893,13.2231404959,2.47933884298,6.66666666667,0.0,0.0,3.26086956522,70.652173913,0.0,6.81818181818,7.57575757576,0.0,0.0,5.71428571429,3.57142857143,10.0,0.0,0.0,11.1111111111,5.55555555556,18.0555555556,1.38888888889,1.91082802548,1.91082802548,6.20689655172,82.7586206897,0.0,0.0,2.04081632653,5.44217687075,12.2448979592,0.0,0.0,2.77777777778,79.6296296296,0.0,2.08333333333,0.0,12.5,2.08333333333,26.3888888889,1.38888888889,0.0,0.0,3.52112676056,4.92957746479,4.22535211268,3.52112676056,12.676056338,57.4468085106,6.76691729323,0.0,3.75939849624,0.0,3.57142857143,72.1428571429,8.03571428571,14.2857142857,40.1785714286,0.0,5.66037735849,37.7358490566,0.0,0.0,4.54545454545,9.09090909091,40.2597402597,3.24675324675,1.48148148148,22.962962963,10.3703703704,0.0,1.37931034483,0.0,24.8275862069,0.0,0.0,15.5405405405,1.35135135135,37.1621621622,0.0,2.81690140845,2.11267605634,9.15492957746
0.0,0.0,0.0,10.9589041096,2.14285714286,5.71428571429,53.5714285714,5.71428571429,47.8571428571,20.7142857143,0.0,4.61538461538,59.2307692308,16.1538461538,49.2307692308,31.5384615385,1.98675496689,6.62251655629,67.5496688742,6.62251655629,3.97350993377,52.9801324503,3.31125827815,6.89655172414,20.0,0.0,12.6126126126,54.954954955,7.20720720721,36.036036036,36.9369369369,13.4920634921,0.0,5.71428571429,10.4761904762,25.7142857143,23.8095238095,0.0,18.8405797101,1.98675496689,8.60927152318,45.6953642384,5.96026490066,2.64900662252,50.3311258278,7.54716981132,44.0251572327,5.66037735849,3.14465408805,55.3459119497,1.86335403727,0.0,7.89473684211,91.4473684211,0.0,12.5786163522,11.9496855346,13.2075471698,5.66037735849,0.0,6.73076923077,3.84615384615,28.8461538462,2.88461538462,1.97368421053,9.21052631579,33.5526315789,11.1842105263,1.31578947368,52.6315789474,1.94805194805,5.19480519481,65.5844155844,5.84415584416,3.8961038961,49.3506493506,1.94805194805,44.6153846154,0.0,0.0,8.10810810811,0.0,2.0,71.3333333333,15.5963302752,26.6055045872,37.6146788991,0.0,15.1515151515,29.2929292929,1.875,10.0,56.25,5.625,23.125,48.125,0.0,2.4,4.8,2.0,2.66666666667,6.66666666667,1.33333333333,0.0,12.582781457,9.93377483444,14.5695364238,3.97350993377,3.31125827815,6.76691729323,3.75939849624,34.5864661654
0.0,0.0,0.0,2.01342281879,0.0,0.0,0.0,0.0,94.1605839416,2.1897810219,0.0,0.0,2.45901639344,0.0,90.1639344262,0.0,0.0,3.28947368421,1.97368421053,1.97368421053,15.7894736842,70.3947368421,3.28947368421,0.0,2.14285714286,0.0,3.52941176471,0.0,0.0,90.5882352941,0.0,9.67741935484,0.0,0.0,0.0,88.3333333333,0.0,4.25531914894,26.2411347518,0.0,4.66666666667,2.0,2.0,22.6666666667,90.0,7.8431372549,0.0,0.0,88.8888888889,18.3006535948,0.0,0.0,0.0,92.2077922078,0.0,0.0,0.0,0.0,98.0392156863,0.0,0.0,0.0,64.5833333333,0.0,0.0,0.0,0.0,0.0,95.8041958042,2.0979020979,0.0,0.0,6.04026845638,2.01342281879,4.02684563758,46.9798657718,2.68456375839,52.1126760563,2.1897810219,0.0,5.83941605839,0.0,2.12765957447,77.304964539,6.17283950617,16.049382716,38.2716049383,0.0,3.8961038961,54.5454545455,3.84615384615,0.0,1.92307692308,0.641025641026,91.6666666667,31.4102564103,0.0,2.20588235294,0.0,2.01342281879,2.01342281879,4.02684563758,38.255033557,0.0,0.0,1.94805194805,0.0,98.0519480519,1.2987012987,6.4,5.6,10.4
2.81690140845,1.40845070423,18.3098591549,36.6197183099,0.0,0.0,22.7586206897,0.0,68.275862069,0.0,0.0,0.0,20.3007518797,2.25563909774,73.6842105263,0.0,0.0,0.0,19.6428571429,0.0,76.7857142857,2.67857142857,1.78571428571,4.54545454545,6.06060606061,0.0,0.0,20.1492537313,0.0,74.6268656716,0.0,4.3956043956,0.0,0.0,0.0,65.1376146789,0.0,2.01342281879,8.72483221477,0.0,0.0,16.4179104478,0.0,75.3731343284,2.23880597015,0.0,20.4081632653,0.0,72.7891156463,2.04081632653,2.05479452055,4.1095890411,13.6054421769,8.16326530612,0.0,0.0,18.4210526316,1.97368421053,74.3421052632,0.0,0.0,0.0,77.4193548387,0.0,0.0,0.0,16.6666666667,0.0,76.0,0.0,0.0,0.0,23.6363636364,0.0,76.3636363636,0.0,5.45454545455,27.1739130435,4.1958041958,4.1958041958,66.4335664336,0.0,0.0,8.27586206897,2.1897810219,10.9489051095,24.0875912409,0.0,7.40740740741,21.2962962963,3.82165605096,1.27388535032,22.2929936306,1.27388535032,73.2484076433,1.91082802548,4.16666666667,20.8333333333,62.5,0.0,3.97350993377,1.98675496689,0.0,0.0,0.0,21.1920529801,1.98675496689,72.1854304636,1.32450331126,9.28571428571,2.14285714286,17.8571428571
1.2987012987,0.0,27.9220779221,9.74025974026,0.0,0.0,70.625,0.0,33.75,1.875,0.0,0.0,68.5897435897,1.92307692308,46.1538461538,1.92307692308,0.0,0.0,7.78443113772,0.0,2.99401197605,1.79640718563,2.99401197605,1.19047619048,1.78571428571,0.0,0.0,54.6153846154,0.0,31.5384615385,2.30769230769,22.0183486239,0.0,0.0,0.0,58.4158415842,2.9702970297,0.0,8.28025477707,0.0,0.0,7.7380952381,0.0,0.0,1.78571428571,0.0,9.3023255814,0.0,0.0,1.74418604651,0.666666666667,0.0,3.42465753425,13.698630137,0.0,0.0,9.09090909091,0.0,0.0,0.0,0.0,0.0,70.8661417323,2.36220472441,0.0,0.0,13.0177514793,0.0,1.77514792899,1.77514792899,0.0,0.0,6.66666666667,0.0,3.0303030303,1.81818181818,3.0303030303,32.5301204819,12.8378378378,0.0,75.0,1.32450331126,1.98675496689,1.98675496689,0.0,3.87596899225,48.8372093023,7.93650793651,7.93650793651,47.619047619,2.95857988166,0.0,54.4378698225,0.0,24.2603550296,0.0,1.97368421053,11.8421052632,5.26315789474,1.91082802548,22.9299363057,14.0127388535,22.9299363057,0.0,0.0,9.81595092025,0.0,3.06748466258,4.29447852761,58.1081081081,0.0,6.75675675676
4.31654676259,0.0,17.2661870504,10.071942446,0.0,0.675675675676,83.1081081081,0.675675675676,1.35135135135,2.7027027027,0.724637681159,0.0,79.7101449275,0.0,0.0,2.89855072464,0.680272108844,0.0,29.2517006803,0.0,2.04081632653,2.72108843537,8.84353741497,5.6338028169,14.0845070423,0.793650793651,0.0,73.8095238095,0.793650793651,0.0,2.38095238095,17.7570093458,0.884955752212,0.0,0.884955752212,9.73451327434,2.65486725664,2.12765957447,4.96453900709,0.0,0.0,28.7671232877,2.05479452055,0.0,2.05479452055,0.0,23.0769230769,0.641025641026,0.0,2.5641025641,0.0,4.79452054795,1.42857142857,12.1428571429,0.675675675676,0.0,29.7297297297,0.675675675676,2.02702702703,0.0,0.0,0.900900900901,6.30630630631,2.7027027027,0.0,0.0,30.2631578947,0.0,0.0,2.63157894737,0.0,0.0,24.3055555556,0.0,0.0,2.08333333333,6.94444444444,24.358974359,15.037593985,0.0,71.4285714286,0.684931506849,0.0,2.7397260274,1.5873015873,18.253968254,26.1904761905,2.4,15.2,44.0,0.0,0.0,67.3076923077,0.0,1.92307692308,0.641025641026,0.684931506849,15.7534246575,7.53424657534,3.94736842105,15.7894736842,1.97368421053,19.0789473684,0.0,0.0,31.3333333333,0.666666666667,0.666666666667,4.66666666667,40.0,1.42857142857,18.5714285714
0.0,0.0,5.64516129032,2.41935483871,1.72413793103,0.0,37.0689655172,0.0,81.0344827586,0.0,1.62601626016,0.0,44.7154471545,0.0,77.2357723577,0.0,0.0,0.0,24.7863247863,0.0,18.8034188034,0.0,0.0,18.8976377953,17.3228346457,0.0,2.54237288136,27.1186440678,0.0,82.2033898305,0.0,16.9811320755,0.0,0.0,0.0,72.619047619,0.0,1.5503875969,17.8294573643,0.0,0.0,39.2307692308,0.0,35.3846153846,0.0,0.0,43.1654676259,2.15827338129,54.6762589928,0.0,0.0,0.0,2.12765957447,94.3262411348,1.35135135135,0.0,22.2972972973,0.0,77.7027027027,0.0,0.0,0.0,58.9743589744,0.0,1.35135135135,0.0,26.3513513514,0.0,77.027027027,2.02702702703,0.0,0.0,14.7826086957,0.0,10.4347826087,0.0,0.0,28.8888888889,4.34782608696,4.34782608696,65.2173913043,0.0,0.0,2.54237288136,2.63157894737,13.1578947368,14.0350877193,4.34782608696,5.79710144928,17.3913043478,0.719424460432,0.0,39.5683453237,2.15827338129,73.381294964,1.43884892086,0.0,0.0,0.0,9.02777777778,41.6666666667,44.4444444444,0.0,0.0,0.0,21.768707483,0.0,79.5918367347,0.0,63.8095238095,2.85714285714,15.2380952381
2.7972027972,0.0,16.7832167832,12.5874125874,0.0,0.0,74.4966442953,0.671140939597,34.2281879195,0.0,0.0,0.0,90.5405405405,0.675675675676,52.027027027,0.0,0.0,0.0,87.0967741935,0.0,1.93548387097,0.0,9.67741935484,0.0,3.8961038961,0.0,0.0,88.7218045113,0.0,22.5563909774,0.0,3.92156862745,0.0,0.0,0.862068965517,52.5862068966,0.0,3.54609929078,12.7659574468,0.0,0.0,79.375,0.625,0.0,0.0,1.2987012987,51.9480519481,0.0,0.0,0.0,0.0,1.36054421769,0.675675675676,20.9459459459,0.0,1.26582278481,41.7721518987,0.0,5.06329113924,0.0,0.0,0.840336134454,70.5882352941,0.0,0.0,1.34228187919,64.4295302013,0.0,2.01342281879,0.0,0.0,0.0,86.6242038217,0.636942675159,1.27388535032,0.0,5.73248407643,32.9113924051,6.53594771242,1.96078431373,76.4705882353,1.35135135135,1.35135135135,2.7027027027,0.0,8.9552238806,20.8955223881,0.0,3.30578512397,45.4545454545,0.0,0.0,87.2727272727,0.606060606061,27.2727272727,0.0,0.0,0.0,0.0,20.5128205128,28.2051282051,49.358974359,5.12820512821,0.0,1.26582278481,51.2658227848,0.0,4.43037974684,3.16455696203,47.5524475524,0.0,6.99300699301
0.0,0.0,13.5135135135,10.8108108108,0.0,0.0,72.0,0.0,22.0,0.0,0.0,0.0,66.9014084507,0.0,32.3943661972,0.0,0.0,0.0,12.2580645161,0.0,3.87096774194,0.0,8.38709677419,6.875,1.875,0.0,0.0,60.9375,0.0,7.03125,0.0,11.6666666667,0.0,0.0,0.0,28.3333333333,0.0,1.98675496689,5.96026490066,0.0,0.0,12.5,0.0,2.5,0.0,0.0,16.3522012579,0.0,1.88679245283,0.0,1.52671755725,5.34351145038,2.0979020979,11.8881118881,0.0,0.0,14.6496815287,0.636942675159,1.91082802548,0.0,0.0,0.0,42.6356589147,0.77519379845,0.0,0.0,17.6829268293,0.609756097561,3.65853658537,0.0,0.0,0.0,13.3757961783,0.0,3.82165605096,0.0,8.28025477707,28.0373831776,19.8581560284,2.12765957447,60.2836879433,1.28205128205,1.28205128205,5.76923076923,5.83333333333,3.33333333333,30.8333333333,12.1212121212,3.78787878788,41.6666666667,0.62893081761,0.0,59.748427673,0.0,15.7232704403,0.62893081761,0.0,26.5151515152,0.0,0.0,34.4594594595,6.08108108108,11.4864864865,0.0,0.636942675159,17.8343949045,0.0,3.82165605096,6.36942675159,51.048951049,6.29370629371,6.29370629371
0.0,0.0,11.2676056338,42.9577464789,0.609756097561,0.0,9.14634146341,0.0,17.0731707317,0.609756097561,0.0,0.0,11.6883116883,0.0,16.8831168831,0.0,0.0,0.0,4.32098765432,0.0,3.08641975309,0.617283950617,4.32098765432,1.24223602484,0.0,0.684931506849,0.0,6.84931506849,0.0,4.1095890411,0.684931506849,6.66666666667,0.0,0.0,0.0,12.7516778523,0.0,1.24223602484,5.5900621118,0.0,0.0,2.46913580247,0.0,1.23456790123,0.0,0.0,9.49367088608,0.0,3.16455696203,0.0,0.0,1.22699386503,2.0,39.3333333333,0.0,0.0,5.52147239264,0.0,4.90797546012,0.0,0.0,0.0,20.6666666667,0.0,0.0,0.0,2.42424242424,0.606060606061,2.42424242424,0.0,0.0,0.0,4.90797546012,0.0,1.22699386503,0.0,4.29447852761,22.5490196078,3.40136054422,0.0,71.4285714286,0.0,3.37837837838,5.40540540541,8.55263157895,0.0,6.57894736842,14.6666666667,4.66666666667,7.33333333333,0.0,0.0,4.73372781065,0.591715976331,8.28402366864,0.591715976331,0.662251655629,1.32450331126,0.0,0.0,5.36912751678,2.01342281879,7.38255033557,0.0,0.0,2.43902439024,0.0,3.0487804878,4.26829268293,73.2919254658,14.9068322981,3.72670807453
0.0,0.0,8.78378378378,8.10810810811,0.0,0.751879699248,80.4511278195,0.751879699248,24.8120300752,0.0,0.0,0.0,81.4814814815,0.0,24.4444444444,0.0,0.0,0.0,12.0805369128,0.671140939597,0.671140939597,0.0,4.02684563758,5.88235294118,4.57516339869,0.0,0.0,62.1848739496,0.0,10.0840336134,0.840336134454,9.90990990991,0.0,0.0,0.970873786408,23.3009708738,0.970873786408,1.35135135135,10.1351351351,0.0,0.0,11.038961039,0.0,1.94805194805,0.0,0.0,11.3924050633,0.632911392405,1.89873417722,0.0,1.42857142857,0.0,0.709219858156,16.3120567376,0.645161290323,0.645161290323,26.4516129032,0.0,1.93548387097,0.0,0.0,0.826446280992,49.5867768595,0.826446280992,0.0,0.0,39.0728476821,1.32450331126,1.98675496689,0.0,0.662251655629,0.0,9.27152317881,0.662251655629,1.98675496689,0.0,3.97350993377,13.0952380952,10.2189781022,0.0,78.102189781,0.0,4.1095890411,1.3698630137,2.52100840336,4.20168067227,18.487394958,12.9032258065,6.45161290323,40.3225806452,0.641025641026,0.0,77.5641025641,2.5641025641,22.4358974359,0.0,0.0,12.8571428571,0.714285714286,2.0,8.0,2.66666666667,18.6666666667,0.657894736842,0.0,41.4473684211,0.0,1.97368421053,5.92105263158,53.5433070866,4.72440944882,3.14960629921
0.0,0.0,13.7096774194,10.4838709677,0.0,0.0,55.1181102362,0.0,45.6692913386,0.787401574803,0.0,0.0,55.0,2.5,58.3333333333,1.66666666667,0.0,0.0,25.6198347107,0.0,0.0,0.0,19.8347107438,17.6470588235,8.40336134454,0.0,0.0,53.3980582524,0.0,44.6601941748,1.94174757282,18.3673469388,0.0,0.0,0.0,38.0,0.0,2.34375,10.9375,0.0,0.0,24.3902439024,0.0,4.06504065041,0.0,0.0,25.3846153846,0.0,0.0,0.0,0.0,4.91803278689,4.72440944882,24.4094488189,0.0,0.0,22.7272727273,2.27272727273,0.0,0.0,0.0,0.0,48.6725663717,0.0,0.0,0.0,24.6376811594,0.0,1.44927536232,0.0,0.0,0.0,16.814159292,0.0,5.30973451327,0.0,21.2389380531,22.3529411765,12.0967741935,2.41935483871,60.4838709677,0.0,2.38095238095,4.7619047619,12.0,5.0,50.0,16.5217391304,13.9130434783,42.6086956522,2.14285714286,0.0,51.4285714286,0.0,40.7142857143,0.0,7.61904761905,7.61904761905,8.57142857143,0.0,0.0,12.1212121212,28.0303030303,0.0,0.0,25.1908396947,0.0,1.52671755725,13.7404580153,22.9508196721,4.09836065574,20.4918032787
1.91082802548,0.0,6.36942675159,3.82165605096,1.97368421053,0.0,75.0,0.0,34.2105263158,0.0,2.51572327044,0.0,74.213836478,0.62893081761,46.5408805031,0.0,0.636942675159,0.0,4.45859872611,0.636942675159,0.0,0.0,0.0,1.84049079755,0.0,2.23880597015,0.0,66.4179104478,0.746268656716,18.6567164179,0.746268656716,8.33333333333,0.0,0.0,0.0,39.6226415094,0.943396226415,0.62893081761,7.54716981132,0.0,0.0,5.55555555556,0.617283950617,0.0,0.0,0.0,2.38095238095,0.595238095238,0.0,0.0,0.689655172414,2.06896551724,0.0,15.3333333333,1.20481927711,0.0,6.02409638554,0.602409638554,0.0,2.75229357798,0.0,0.917431192661,43.119266055,0.0,0.0,0.0,4.16666666667,0.595238095238,0.0,0.0,0.0,0.0,6.74846625767,0.613496932515,0.0,0.0,0.613496932515,12.2448979592,10.0,0.0,80.0,0.0,0.62893081761,0.62893081761,0.0,0.0,68.3823529412,16.1538461538,4.61538461538,39.2307692308,2.45398773006,0.0,64.4171779141,3.06748466258,23.3128834356,0.0,1.32450331126,23.8410596026,1.98675496689,0.613496932515,37.4233128834,18.4049079755,3.06748466258,0.0,0.0,8.48484848485,0.606060606061,0.0,0.0,19.1780821918,2.05479452055,2.05479452055
3.125,84.375,0.0,8.125,0.819672131148,0.0,40.1639344262,2.45901639344,26.2295081967,0.0,6.93069306931,0.0,44.5544554455,2.9702970297,28.7128712871,2.9702970297,0.0,0.0,48.9932885906,0.0,9.39597315436,2.01342281879,28.8590604027,22.6666666667,22.0,2.40963855422,0.0,21.686746988,3.61445783133,21.686746988,0.0,21.359223301,0.0,4.22535211268,8.45070422535,26.7605633803,0.0,4.54545454545,25.0,0.0,0.0,44.3661971831,3.52112676056,11.9718309859,1.40845070423,9.02777777778,20.1388888889,6.94444444444,29.1666666667,2.77777777778,0.0,0.0,61.875,0.0,0.0,4.79452054795,17.1232876712,2.05479452055,22.602739726,0.0,3.33333333333,3.33333333333,28.8888888889,0.0,0.0,8.66141732283,22.0472440945,2.36220472441,10.2362204724,8.66141732283,0.0,0.0,45.4545454545,2.0979020979,9.09090909091,0.0,25.8741258741,38.7096774194,4.16666666667,0.0,2.77777777778,0.0,3.31125827815,14.5695364238,26.25,31.25,27.5,13.9240506329,21.5189873418,46.835443038,0.680272108844,8.16326530612,29.2517006803,0.0,23.8095238095,3.40136054422,2.83018867925,2.83018867925,0.0,1.94805194805,1.94805194805,1.94805194805,0.0,0.0,4.6357615894,14.5695364238,1.98675496689,26.4900662252,7.94701986755,36.9369369369,10.8108108108,24.3243243243
3.31125827815,88.7417218543,0.0,1.98675496689,2.08333333333,0.0,19.7916666667,0.0,26.0416666667,1.04166666667,15.7894736842,0.0,21.0526315789,1.05263157895,15.7894736842,0.0,2.22222222222,0.0,22.962962963,4.44444444444,2.22222222222,2.96296296296,25.9259259259,5.30303030303,12.8787878788,11.7647058824,0.0,18.8235294118,0.0,27.0588235294,1.17647058824,5.37634408602,9.45945945946,1.35135135135,0.0,24.3243243243,0.0,3.84615384615,14.6153846154,1.47058823529,0.0,19.8529411765,5.14705882353,4.41176470588,5.14705882353,9.39597315436,11.4093959732,10.7382550336,18.1208053691,14.7651006711,0.0,0.0,62.4161073826,0.0,2.14285714286,0.0,17.1428571429,0.0,30.0,0.0,0.0,0.0,35.5555555556,1.11111111111,5.26315789474,3.50877192982,23.6842105263,5.26315789474,26.3157894737,16.6666666667,1.52671755725,0.0,19.8473282443,0.0,6.87022900763,1.52671755725,29.0076335878,37.6237623762,0.0,0.0,6.12244897959,0.0,3.31125827815,9.27152317881,12.3456790123,28.3950617284,28.3950617284,11.5942028986,30.4347826087,36.231884058,8.27586206897,0.0,19.3103448276,6.20689655172,22.7586206897,6.89655172414,0.0,2.9702970297,2.9702970297,1.37931034483,0.689655172414,0.0,2.75862068966,5.59440559441,1.3986013986,17.4825174825,0.0,23.7762237762,13.986013986,28.75,21.25,15.0
3.24675324675,84.4155844156,0.0,1.94805194805,6.06060606061,2.0202020202,21.2121212121,29.2929292929,21.2121212121,2.0202020202,10.2272727273,5.68181818182,17.0454545455,38.6363636364,7.95454545455,9.09090909091,3.57142857143,8.57142857143,12.8571428571,40.0,8.57142857143,6.42857142857,46.4285714286,4.3795620438,6.56934306569,3.94736842105,3.94736842105,14.4736842105,40.7894736842,6.57894736842,7.89473684211,10.0917431193,10.843373494,3.61445783133,36.1445783133,12.0481927711,6.02409638554,9.16030534351,10.6870229008,5.67375886525,4.25531914894,15.6028368794,26.9503546099,5.67375886525,7.09219858156,5.0,8.57142857143,18.5714285714,11.4285714286,12.1428571429,0.0,0.0,77.9220779221,1.94805194805,8.13008130081,1.62601626016,24.3902439024,19.512195122,11.3821138211,6.19469026549,7.96460176991,37.1681415929,30.0884955752,8.84955752212,8.40336134454,7.56302521008,14.2857142857,25.2100840336,3.36134453782,10.0840336134,4.92957746479,8.45070422535,9.85915492958,40.8450704225,6.33802816901,5.6338028169,47.1830985915,38.1818181818,0.0,0.0,0.0,0.0,0.0,17.7631578947,10.2564102564,12.8205128205,32.0512820513,5.55555555556,23.3333333333,38.8888888889,4.8951048951,7.69230769231,8.39160839161,37.0629370629,15.3846153846,5.59440559441,0.0,6.31578947368,0.0,0.0,2.81690140845,0.0,4.22535211268,7.87401574803,0.787401574803,16.5354330709,22.8346456693,11.0236220472,24.4094488189,12.7659574468,14.8936170213,19.1489361702
15.0943396226,77.9874213836,0.0,1.88679245283,40.3846153846,2.88461538462,14.4230769231,0.0,27.8846153846,0.0,31.4606741573,0.0,21.3483146067,0.0,17.9775280899,0.0,43.75,0.0,11.1111111111,0.0,10.4166666667,0.0,1.38888888889,11.7647058824,33.0882352941,36.0465116279,0.0,13.9534883721,3.48837209302,12.7906976744,0.0,27.7227722772,30.2631578947,0.0,0.0,23.6842105263,0.0,17.8861788618,12.1951219512,43.2624113475,0.0,9.92907801418,0.0,11.3475177305,0.0,0.0,13.2867132867,0.0,13.986013986,0.0,2.01342281879,0.0,82.0987654321,1.85185185185,32.0610687023,0.0,10.6870229008,2.29007633588,12.213740458,26.6666666667,0.0,3.33333333333,32.2222222222,0.0,55.0724637681,0.0,10.8695652174,0.0,3.6231884058,0.0,32.0895522388,0.0,11.9402985075,0.0,9.70149253731,0.0,0.0,67.1232876712,2.06896551724,0.0,4.13793103448,0.0,0.0,21.3333333333,18.6046511628,32.5581395349,31.3953488372,15.7894736842,26.3157894737,30.2631578947,45.3333333333,0.0,6.0,0.0,22.6666666667,0.0,0.0,0.0,0.0,0.0,2.01342281879,0.0,1.34228187919,28.8888888889,0.0,11.1111111111,2.22222222222,12.5925925926,0.0,23.4693877551,8.16326530612,27.5510204082
0.0,0.0,11.7647058824,30.3921568627,0.0,0.0,18.8888888889,0.0,70.0,0.0,0.0,0.0,26.8041237113,0.0,73.1958762887,0.0,0.0,0.0,50.8196721311,0.0,32.7868852459,0.0,6.55737704918,0.0,17.5257731959,0.0,0.0,18.5567010309,0.0,67.0103092784,0.0,9.43396226415,0.0,0.0,0.0,69.1176470588,0.0,2.88461538462,23.0769230769,0.0,0.0,49.4845360825,0.0,39.175257732,0.0,0.0,45.6310679612,2.91262135922,45.6310679612,0.0,5.88235294118,10.7843137255,2.88461538462,62.5,0.0,0.0,40.0,0.0,55.652173913,0.0,0.0,0.0,66.1016949153,0.0,0.0,0.0,24.5454545455,0.0,61.8181818182,0.0,0.0,0.0,41.3793103448,0.0,31.0344827586,0.0,12.0689655172,44.0677966102,19.0476190476,0.0,58.0952380952,0.0,0.0,2.83018867925,0.0,11.7021276596,11.7021276596,0.0,13.1147540984,11.4754098361,0.0,0.0,30.5084745763,5.93220338983,70.3389830508,0.0,0.0,0.0,10.7142857143,0.0,48.5981308411,4.67289719626,9.34579439252,0.0,0.0,33.3333333333,0.0,65.7657657658,0.0,64.1975308642,0.0,19.7530864198
4.58015267176,0.0,4.58015267176,38.1679389313,0.8,0.0,50.4,2.4,48.0,0.0,0.900900900901,0.0,47.7477477477,2.7027027027,36.9369369369,0.0,0.0,0.0,35.0746268657,0.0,12.6865671642,0.0,17.9104477612,2.9197080292,6.56934306569,1.06382978723,0.0,47.8723404255,3.1914893617,27.6595744681,0.0,10.8527131783,0.961538461538,0.0,5.76923076923,46.1538461538,0.0,0.0,7.69230769231,0.0,0.0,26.4285714286,0.0,5.0,0.0,0.0,25.6756756757,0.0,5.40540540541,0.0,0.0,0.0,4.61538461538,42.3076923077,0.0,0.0,23.3766233766,0.0,62.3376623377,0.833333333333,0.0,2.5,60.8333333333,0.0,2.36220472441,0.0,25.9842519685,0.0,11.0236220472,0.0,2.20588235294,0.0,27.9411764706,0.0,7.35294117647,0.735294117647,19.1176470588,16.935483871,11.9402985075,7.46268656716,57.4626865672,0.0,13.8461538462,0.769230769231,12.0879120879,10.989010989,27.4725274725,9.32203389831,11.8644067797,19.4915254237,0.662251655629,0.0,46.357615894,5.96026490066,43.7086092715,0.0,0.0,8.57142857143,0.0,4.0,2.0,2.0,2.0,0.0,0.0,29.0540540541,4.05405405405,58.7837837838,8.78378378378,47.1074380165,13.2231404959,21.4876033058
2.02702702703,0.0,2.7027027027,25.6756756757,0.0,0.0,34.6153846154,0.0,51.5384615385,0.0,0.0,0.0,29.702970297,0.0,41.5841584158,0.0,2.34375,0.0,29.6875,0.0,15.625,0.0,18.75,9.375,14.0625,0.0,0.0,36.0465116279,0.0,38.3720930233,0.0,18.6991869919,0.0,0.0,0.0,40.625,0.0,2.25563909774,9.02255639098,0.0,0.0,35.4330708661,0.0,23.6220472441,0.0,0.0,20.1438848921,0.0,20.1438848921,0.0,0.0,0.0,4.16666666667,31.25,0.0,0.0,29.1666666667,2.5,49.1666666667,0.0,0.0,2.32558139535,61.2403100775,0.0,2.4,0.0,28.0,0.0,11.2,0.0,0.0,0.826446280992,26.4462809917,2.47933884298,10.7438016529,0.0,9.9173553719,18.1818181818,19.1176470588,2.20588235294,59.5588235294,0.0,17.2661870504,4.31654676259,5.37634408602,22.5806451613,10.752688172,8.54700854701,22.2222222222,21.3675213675,0.0,0.0,42.9530201342,2.01342281879,46.9798657718,0.0,0.0,0.0,0.0,0.0,0.0,0.0,14.1891891892,0.0,0.0,34.1463414634,0.0,50.406504065,12.1951219512,48.0,15.2,21.6
0.0,2.20588235294,1.47058823529,66.1764705882,86.301369863,0.0,30.8219178082,2.05479452055,55.4794520548,0.0,88.7323943662,0.0,39.4366197183,2.11267605634,45.0704225352,0.0,21.5827338129,1.43884892086,48.2014388489,0.0,7.91366906475,0.0,13.6690647482,2.14285714286,4.28571428571,69.8412698413,1.5873015873,47.619047619,0.0,17.4603174603,0.0,26.2626262626,81.4432989691,1.03092783505,0.0,34.0206185567,0.0,3.1007751938,9.3023255814,15.6028368794,1.41843971631,50.3546099291,0.709219858156,34.0425531915,0.0,0.0,36.0294117647,0.0,14.7058823529,0.735294117647,0.0,0.0,2.11267605634,59.8591549296,65.4135338346,0.0,35.3383458647,0.0,26.3157894737,82.6446280992,0.0,0.0,51.2396694215,0.0,60.0,1.6,40.0,0.0,45.6,2.4,14.7058823529,1.47058823529,36.7647058824,0.735294117647,8.08823529412,0.0,12.5,51.25,0.0,2.17391304348,7.97101449275,0.0,3.67647058824,44.8529411765,7.93650793651,6.34920634921,40.4761904762,13.0434782609,33.9130434783,42.6086956522,83.7662337662,1.94805194805,45.4545454545,0.0,35.7142857143,1.94805194805,0.0,2.17391304348,1.44927536232,0.0,0.0,0.0,0.0,78.6206896552,0.0,33.1034482759,0.0,13.7931034483,0.0,11.6788321168,16.7883211679,22.6277372263
0.0,0.709219858156,2.12765957447,69.5035460993,76.1194029851,1.49253731343,24.6268656716,2.23880597015,16.4179104478,0.746268656716,77.037037037,0.740740740741,38.5185185185,2.22222222222,8.14814814815,0.740740740741,40.0,1.42857142857,42.1428571429,0.0,4.28571428571,2.14285714286,25.0,0.704225352113,10.5633802817,61.3445378151,0.0,39.4957983193,2.52100840336,5.04201680672,2.52100840336,25.8928571429,74.5454545455,0.0,9.09090909091,2.72727272727,0.0,1.51515151515,23.4848484848,56.0283687943,1.41843971631,31.2056737589,0.0,4.96453900709,0.0,1.51515151515,40.1515151515,2.27272727273,4.54545454545,1.51515151515,1.98675496689,0.0,6.42857142857,66.4285714286,52.34375,0.0,31.25,0.0,6.25,71.3178294574,0.77519379845,2.32558139535,7.7519379845,0.0,75.9124087591,2.1897810219,24.0875912409,0.0,4.3795620438,0.0,21.8309859155,0.704225352113,40.1408450704,4.22535211268,4.22535211268,2.11267605634,26.0563380282,40.4255319149,6.56934306569,0.0,11.6788321168,0.0,2.15827338129,50.3597122302,0.0,10.1851851852,56.4814814815,10.0,12.5,17.5,75.1677852349,0.671140939597,36.9127516779,2.68456375839,12.0805369128,0.0,0.0,5.33333333333,0.0,0.0,0.0,0.0,0.0,73.3333333333,1.48148148148,22.2222222222,6.66666666667,3.7037037037,3.7037037037,40.625,7.03125,13.28125
0.0,0.0,0.0,48.7804878049,16.5413533835,2.25563909774,1.5037593985,0.0,2.25563909774,2.25563909774,14.6153846154,0.0,2.30769230769,0.0,0.769230769231,2.30769230769,0.704225352113,0.0,1.40845070423,0.0,12.676056338,2.11267605634,1.40845070423,0.0,0.0,19.6261682243,0.0,1.8691588785,0.0,0.0,2.80373831776,38.8888888889,23.2323232323,0.0,0.0,4.0404040404,3.0303030303,35.9375,9.375,0.0,0.0,0.0,0.0,58.3333333333,2.27272727273,0.0,1.3698630137,0.0,91.7808219178,2.05479452055,0.0,0.0,0.0,61.2403100775,87.8571428571,0.0,5.71428571429,0.0,13.5714285714,16.0714285714,0.0,0.0,7.14285714286,2.67857142857,47.3684210526,0.0,0.0,0.0,36.0902255639,2.25563909774,2.29007633588,0.0,0.0,0.0,0.0,2.29007633588,0.0,42.4657534247,1.49253731343,0.0,1.49253731343,0.0,0.757575757576,59.8484848485,2.58620689655,0.0,31.8965517241,0.0,0.943396226415,33.9622641509,29.4520547945,0.0,2.05479452055,0.0,10.9589041096,0.0,0.0,0.0,3.96825396825,0.0,0.0,4.34782608696,0.0,89.2617449664,0.0,4.02684563758,0.0,18.7919463087,0.0,64.5669291339,2.36220472441,2.36220472441
0.0,0.0,0.0,2.11267605634,2.30769230769,2.30769230769,61.5384615385,0.0,37.6923076923,1.53846153846,0.0,2.60869565217,57.3913043478,1.73913043478,27.8260869565,0.0,2.22222222222,2.22222222222,31.1111111111,1.48148148148,15.5555555556,0.0,26.6666666667,0.0,1.5037593985,0.0,2.5641025641,54.7008547009,0.0,37.6068376068,0.0,10.3092783505,0.0,2.0202020202,0.0,42.4242424242,0.0,1.41843971631,29.7872340426,4.3795620438,2.1897810219,48.9051094891,1.4598540146,34.3065693431,0.0,0.0,58.3941605839,0.0,40.8759124088,0.0,0.0,0.0,0.0,100.0,1.41843971631,0.0,49.6453900709,0.0,46.0992907801,0.0,1.90476190476,0.0,25.7142857143,0.0,3.75939849624,2.25563909774,55.6390977444,0.0,43.6090225564,0.0,2.1897810219,2.1897810219,21.897810219,1.4598540146,4.3795620438,0.0,26.2773722628,31.5789473684,0.0,0.0,0.0,0.0,0.0,61.5384615385,0.0,16.6666666667,19.1666666667,0.0,6.60377358491,19.8113207547,5.96026490066,1.98675496689,58.2781456954,0.0,35.761589404,0.0,0.0,13.0841121495,0.0,0.0,8.75912408759,0.0,54.0145985401,1.43884892086,0.0,48.2014388489,0.0,45.3237410072,2.15827338129,56.4102564103,0.0,19.6581196581
0.0,0.0,0.0,74.6753246753,0.0,0.0,51.5384615385,0.0,19.2307692308,0.0,0.0,0.0,52.0,0.0,20.8,0.0,0.0,0.0,15.1515151515,0.0,1.81818181818,0.0,1.81818181818,1.28205128205,0.0,0.0,0.0,61.7283950617,0.0,9.87654320988,0.0,8.13008130081,0.0,0.0,0.0,23.9436619718,0.0,0.0,16.3120567376,0.0,0.0,27.9220779221,0.0,0.0,0.0,0.0,35.5704697987,0.0,0.0,0.0,0.0,0.0,0.0,65.1006711409,0.0,0.0,77.3333333333,0.0,5.33333333333,0.0,0.0,0.0,24.1071428571,0.0,0.0,0.0,75.7575757576,0.0,3.78787878788,0.0,0.0,0.0,2.40963855422,0.0,1.80722891566,0.0,0.0,68.2926829268,0.0,0.0,2.75862068966,0.0,8.0,77.3333333333,0.0,12.3711340206,32.9896907216,0.0,14.0,19.0,0.0,0.0,51.6339869281,0.0,21.568627451,0.0,0.0,0.0,0.0,0.0,1.91082802548,0.0,0.0,0.0,0.0,76.3513513514,0.0,3.37837837838,15.5405405405,35.7723577236,4.06504065041,30.081300813
0.0,0.0,0.0,73.5483870968,0.0,0.0,54.3307086614,0.0,19.6850393701,0.0,0.0,0.0,60.8333333333,0.0,14.1666666667,0.0,0.0,0.0,30.9677419355,0.0,0.0,0.0,11.6129032258,0.0,0.0,0.0,0.0,65.4761904762,0.0,7.14285714286,0.0,10.5691056911,0.0,0.0,0.0,8.10810810811,0.0,0.0,17.3913043478,0.0,0.0,25.3246753247,0.0,0.0,0.0,0.0,18.125,0.0,0.0,0.0,0.0,0.0,0.0,34.2281879195,0.0,0.0,68.0,0.0,19.3333333333,0.0,0.0,0.0,17.094017094,0.0,0.0,0.0,70.2290076336,0.0,4.58015267176,0.0,0.0,0.0,23.3766233766,0.0,0.0,0.0,11.6883116883,46.4285714286,0.0,0.0,3.67647058824,0.0,4.8951048951,69.2307692308,3.79746835443,26.582278481,29.1139240506,0.0,21.6494845361,20.618556701,0.0,0.0,62.7586206897,0.0,15.1724137931,0.0,0.0,0.0,0.0,0.0,0.0,0.0,3.1847133758,0.0,0.0,74.8299319728,0.0,18.3673469388,5.44217687075,22.5225225225,0.900900900901,45.9459459459
0.0,2.58064516129,0.0,10.9677419355,13.8888888889,0.0,61.1111111111,2.08333333333,31.9444444444,0.0,19.0839694656,0.0,61.8320610687,0.0,37.4045801527,0.0,4.45859872611,7.64331210191,26.7515923567,2.54777070064,12.7388535032,1.91082802548,14.6496815287,0.0,3.97350993377,15.306122449,0.0,65.306122449,0.0,33.6734693878,0.0,7.89473684211,8.33333333333,0.0,0.0,34.7222222222,0.0,2.08333333333,4.16666666667,13.2450331126,3.97350993377,35.0993377483,1.98675496689,28.4768211921,1.98675496689,0.0,6.25,0.0,3.125,1.875,0.0,1.31578947368,18.125,5.625,19.512195122,0.0,45.7317073171,0.0,35.9756097561,17.0454545455,0.0,0.0,43.1818181818,1.13636363636,6.45161290323,0.0,28.3870967742,0.0,23.8709677419,1.93548387097,2.61437908497,7.8431372549,11.7647058824,3.26797385621,3.92156862745,0.653594771242,9.15032679739,54.5454545455,0.0,0.0,7.58620689655,0.0,0.0,33.3333333333,1.76991150442,3.53982300885,19.4690265487,13.9784946237,13.9784946237,32.2580645161,22.5609756098,0.0,56.7073170732,0.0,34.1463414634,0.0,0.0,3.44827586207,0.0,0.0,0.0,1.875,1.25,16.5644171779,0.0,41.717791411,0.0,41.717791411,0.0,67.8832116788,8.02919708029,5.10948905109
0.0,6.96202531646,0.0,8.86075949367,9.92907801418,0.0,5.67375886525,0.709219858156,65.2482269504,0.0,9.62962962963,0.0,8.88888888889,0.0,64.4444444444,0.0,2.77777777778,5.55555555556,9.02777777778,21.5277777778,33.3333333333,2.08333333333,6.25,12.5,9.02777777778,14.6788990826,0.0,11.0091743119,0.0,53.2110091743,0.0,18.4210526316,13.2653061224,0.0,0.0,58.1632653061,0.0,1.4598540146,5.83941605839,1.3986013986,6.99300699301,4.1958041958,23.0769230769,27.2727272727,4.1958041958,1.875,0.625,5.625,3.125,0.0,0.0,0.0,37.8205128205,3.84615384615,4.02684563758,0.0,10.7382550336,0.0,65.1006711409,7.33944954128,0.0,0.0,64.2201834862,0.0,6.80272108844,0.0,4.08163265306,0.0,46.9387755102,0.0,2.17391304348,0.0,7.24637681159,6.52173913043,28.2608695652,0.0,3.6231884058,40.4761904762,0.0,0.0,2.43902439024,0.0,1.52671755725,47.3282442748,31.5789473684,10.5263157895,21.9298245614,29.6296296296,4.62962962963,11.1111111111,10.1910828025,0.636942675159,7.64331210191,16.5605095541,59.872611465,0.0,0.0,1.49253731343,0.0,0.0,1.86335403727,0.0,1.24223602484,5.12820512821,0.0,13.4615384615,0.0,66.0256410256,0.0,18.9393939394,44.696969697,18.9393939394
0.0,0.0,0.0,69.1729323308,9.02777777778,0.0,6.25,0.0,76.3888888889,0.0,9.09090909091,0.0,12.1212121212,0.0,71.2121212121,0.0,6.56934306569,0.0,13.1386861314,0.0,72.2627737226,0.0,6.56934306569,2.23880597015,4.4776119403,9.44881889764,0.0,7.87401574803,0.0,75.5905511811,0.0,13.2075471698,8.25688073394,0.0,0.0,79.8165137615,0.0,0.0,30.7142857143,7.35294117647,0.0,13.9705882353,0.0,71.3235294118,0.0,0.0,6.3829787234,0.0,74.4680851064,0.0,2.06896551724,4.13793103448,0.0,67.8571428571,6.89655172414,0.0,6.89655172414,0.0,66.8965517241,7.69230769231,0.0,0.0,78.6324786325,0.0,6.29370629371,0.0,13.986013986,0.0,62.2377622378,0.0,6.71641791045,0.0,12.6865671642,0.0,73.8805970149,0.0,5.97014925373,50.6666666667,0.0,0.0,19.1176470588,0.0,2.34375,32.03125,0.0,8.0,16.0,0.0,6.55737704918,8.19672131148,9.09090909091,0.0,9.09090909091,0.0,73.3766233766,0.0,0.0,0.0,0.0,0.0,0.0,0.0,1.40845070423,5.67375886525,0.0,5.67375886525,0.0,71.6312056738,3.54609929078,75.3846153846,2.30769230769,9.23076923077
1.88679245283,5.03144654088,0.0,1.88679245283,0.0,0.0,16.049382716,0.0,88.8888888889,0.0,0.0,0.0,16.6666666667,0.0,84.0579710145,0.0,0.0,0.0,10.7913669065,0.0,56.8345323741,0.0,0.0,5.71428571429,4.28571428571,0.0,0.0,12.9032258065,0.0,90.3225806452,0.0,9.52380952381,0.0,0.0,0.0,90.3846153846,0.0,7.46268656716,2.23880597015,0.0,0.0,6.99300699301,0.0,79.7202797203,0.0,0.0,5.625,0.0,17.5,0.0,0.0,0.0,42.7672955975,0.0,0.0,0.0,13.5135135135,0.0,79.0540540541,0.0,0.0,0.0,89.8305084746,0.0,0.0,0.0,2.7397260274,0.0,79.4520547945,0.0,0.0,0.0,8.63309352518,0.0,28.0575539568,0.0,0.0,59.7014925373,0.0,0.0,20.9302325581,1.53846153846,0.769230769231,23.0769230769,59.2,12.8,26.4,24.5762711864,9.32203389831,49.1525423729,0.0,0.0,13.75,0.0,85.625,0.0,0.0,0.0,0.0,0.0,0.0,0.0,0.0,0.0,0.0,16.0,0.0,86.6666666667,0.0,0.0,55.4054054054,25.0
0.0,0.0,1.26582278481,15.1898734177,23.7410071942,5.03597122302,57.5539568345,1.43884892086,29.4964028777,0.0,22.131147541,4.91803278689,46.7213114754,3.27868852459,30.3278688525,2.45901639344,6.71641791045,37.3134328358,8.9552238806,18.6567164179,14.1791044776,10.447761194,2.23880597015,4.25531914894,13.475177305,28.1553398058,4.85436893204,51.4563106796,0.0,32.0388349515,2.91262135922,34.1666666667,21.5189873418,1.26582278481,0.0,45.5696202532,0.0,4.13793103448,7.58620689655,12.3188405797,19.5652173913,17.3913043478,13.0434782609,15.2173913043,3.6231884058,1.85185185185,4.93827160494,3.08641975309,4.93827160494,0.0,0.0,0.0,31.0559006211,0.0,21.9178082192,0.0,27.397260274,0.0,40.4109589041,14.1414141414,0.0,0.0,38.3838383838,2.0202020202,10.4166666667,0.0,17.3611111111,0.0,11.1111111111,0.0,4.28571428571,36.4285714286,6.42857142857,15.0,10.7142857143,4.28571428571,4.28571428571,44.3037974684,0.0,0.0,22.3776223776,0.0,6.61764705882,16.1764705882,9.90099009901,9.90099009901,21.7821782178,34.6774193548,21.7741935484,14.5161290323,23.8095238095,12.925170068,50.3401360544,11.5646258503,28.5714285714,4.08163265306,0.0,4.13223140496,4.95867768595,1.89873417722,3.79746835443,0.0,17.7215189873,18.4713375796,0.0,32.4840764331,0.0,43.949044586,0.0,58.7786259542,16.0305343511,10.6870229008
0.0,0.0,1.35135135135,10.1351351351,76.1194029851,18.6567164179,2.23880597015,2.98507462687,29.1044776119,0.0,83.2061068702,7.63358778626,0.0,0.0,24.427480916,2.29007633588,2.23880597015,26.8656716418,1.49253731343,0.0,6.71641791045,3.73134328358,2.23880597015,0.0,6.81818181818,77.0,3.0,0.0,0.0,16.0,0.0,14.5454545455,83.0508474576,2.54237288136,2.54237288136,7.62711864407,2.54237288136,4.1958041958,27.2727272727,0.0,16.9230769231,2.30769230769,1.53846153846,5.38461538462,0.0,3.92156862745,3.26797385621,0.0,3.26797385621,1.30718954248,0.0,0.0,32.6923076923,1.28205128205,0.0,30.6666666667,0.0,0.0,5.33333333333,72.9323308271,6.76691729323,0.0,8.27067669173,0.0,1.32450331126,39.7350993377,0.0,0.0,12.582781457,3.31125827815,2.43902439024,32.5203252033,2.43902439024,1.62601626016,8.94308943089,0.0,2.43902439024,28.2051282051,0.0,0.0,10.5633802817,0.729927007299,0.0,28.4671532847,0.0,3.0,45.0,0.0,3.81679389313,22.1374045802,57.2368421053,32.2368421053,1.97368421053,1.97368421053,13.1578947368,3.94736842105,8.46153846154,16.9230769231,46.1538461538,41.935483871,7.09677419355,36.1290322581,3.22580645161,0.0,35.761589404,0.0,0.0,6.62251655629,3.97350993377,19.696969697,0.0,6.81818181818
7.14285714286,0.0,2.38095238095,49.2063492063,0.0,0.0,75.8064516129,0.0,29.8387096774,0.0,0.0,0.0,71.7741935484,0.0,24.1935483871,2.41935483871,0.0,0.0,3.1007751938,0.0,0.0,0.0,0.0,0.0,0.0,0.0,0.0,57.7981651376,0.0,11.0091743119,0.0,26.5957446809,0.0,0.0,0.0,14.8936170213,0.0,2.27272727273,6.06060606061,0.0,0.0,2.94117647059,0.0,0.0,0.0,0.0,1.43884892086,0.0,0.0,0.0,0.0,0.0,0.0,66.935483871,0.0,0.0,0.0,0.0,0.0,0.0,0.0,0.0,35.4545454545,0.0,0.0,0.0,1.48148148148,0.0,2.22222222222,0.0,0.0,0.0,6.81818181818,0.0,0.0,0.0,0.0,19.7802197802,0.0,1.6393442623,45.0819672131,0.0,4.03225806452,8.87096774194,1.8691588785,4.67289719626,39.2523364486,0.0,9.34579439252,41.1214953271,0.0,0.0,53.8461538462,0.0,9.09090909091,0.0,14.0495867769,19.0082644628,53.7190082645,2.1897810219,0.0,0.0,17.5182481752,0.0,0.0,0.0,0.0,2.0979020979,0.0,50.0,0.0,4.91803278689
0.0,0.0,0.0,48.9932885906,0.0,1.3698630137,17.1232876712,2.05479452055,23.2876712329,0.0,0.0,1.31578947368,17.7631578947,1.31578947368,24.3421052632,0.0,0.0,0.0,7.94701986755,0.0,0.0,0.0,43.0463576159,4.79452054795,9.58904109589,0.0,1.5873015873,7.93650793651,0.0,20.6349206349,0.0,7.89473684211,0.0,1.68067226891,2.52100840336,34.4537815126,0.0,14.3939393939,18.9393939394,0.0,0.0,13.4228187919,0.0,24.1610738255,0.0,0.0,7.64331210191,0.0,22.2929936306,0.0,0.0,0.0,0.0,94.3037974684,0.0,0.0,10.2564102564,0.0,30.1282051282,0.0,1.73913043478,0.0,30.4347826087,0.0,0.0,1.38888888889,15.2777777778,1.38888888889,5.55555555556,0.0,0.0,0.0,5.36912751678,0.0,2.01342281879,0.0,32.2147651007,39.7590361446,0.0,0.0,7.85714285714,0.0,3.54609929078,53.1914893617,6.55737704918,43.4426229508,17.2131147541,0.813008130081,34.9593495935,34.1463414634,0.0,1.31578947368,13.1578947368,0.0,20.3947368421,0.0,0.0,0.0,0.0,0.0,0.0,0.0,5.19480519481,0.0,0.0,17.1052631579,0.0,42.1052631579,34.2105263158,30.7692307692,4.1958041958,44.7552447552
1.5037593985,3.75939849624,37.5939849624,18.7969924812,3.27868852459,0.0,36.8852459016,0.0,68.0327868852,0.0,2.29007633588,0.0,36.641221374,0.0,65.6488549618,0.0,4.44444444444,0.0,26.6666666667,2.22222222222,8.88888888889,0.0,11.1111111111,0.0,20.618556701,3.1007751938,0.0,32.5581395349,0.77519379845,63.5658914729,0.0,10.2040816327,3.65853658537,0.0,1.21951219512,50.0,0.0,5.42635658915,18.6046511628,1.83486238532,0.0,23.8532110092,0.917431192661,8.25688073394,0.0,0.0,26.6666666667,0.0,19.2592592593,1.48148148148,2.34375,0.0,6.47482014388,10.7913669065,0.0,0.0,45.3237410072,0.0,38.8489208633,3.7037037037,0.0,0.0,61.1111111111,0.0,0.793650793651,0.0,40.4761904762,0.0,23.0158730159,1.5873015873,4.54545454545,0.0,31.8181818182,2.27272727273,22.7272727273,0.0,15.9090909091,31.6666666667,10.0,1.42857142857,87.1428571429,1.44927536232,1.44927536232,0.0,42.5196850394,19.6850393701,22.8346456693,26.1538461538,26.1538461538,9.23076923077,2.77777777778,0.0,37.5,0.694444444444,64.5833333333,0.0,0.0,0.0,5.55555555556,0.0,2.15827338129,0.0,6.47482014388,0.714285714286,0.0,42.8571428571,0.714285714286,33.5714285714,15.0,19.4690265487,42.4778761062,26.5486725664
0.0,0.0,94.3037974684,1.26582278481,15.625,1.5625,42.1875,0.0,28.125,0.0,9.62962962963,1.48148148148,36.2962962963,0.0,37.037037037,2.22222222222,7.54716981132,11.320754717,31.1320754717,0.0,12.2641509434,0.0,33.9622641509,10.7438016529,18.1818181818,3.1746031746,1.5873015873,44.4444444444,0.0,23.8095238095,0.0,13.9534883721,0.0,5.15463917526,0.0,56.7010309278,0.0,26.1194029851,8.20895522388,2.29007633588,10.6870229008,12.213740458,0.0,12.213740458,0.0,0.0,8.06451612903,0.0,23.3870967742,0.0,1.52671755725,7.63358778626,8.84353741497,10.8843537415,10.7382550336,2.01342281879,14.7651006711,0.0,30.2013422819,0.0,3.75,0.0,42.5,0.0,6.33802816901,0.0,12.676056338,2.11267605634,17.6056338028,2.11267605634,5.74712643678,2.29885057471,35.632183908,0.0,11.4942528736,3.44827586207,42.5287356322,37.6623376623,5.26315789474,0.0,94.0789473684,0.62893081761,0.0,0.0,7.87401574803,26.7716535433,48.8188976378,1.0752688172,16.1290322581,39.7849462366,7.80141843972,5.67375886525,36.8794326241,0.0,20.5673758865,0.709219858156,9.61538461538,60.5769230769,17.3076923077,0.0,12.7388535032,0.0,15.923566879,10.2040816327,0.0,16.3265306122,0.0,21.768707483,4.08163265306,11.3821138211,6.50406504065,14.6341463415
5.47945205479,3.42465753425,0.0,40.4109589041,0.0,0.0,33.3333333333,2.12765957447,26.9503546099,0.0,0.0,0.0,36.9565217391,2.17391304348,24.6376811594,0.0,1.91082802548,0.0,10.1910828025,3.82165605096,31.847133758,0.0,15.923566879,6.71140939597,20.8053691275,0.0,0.0,36.7521367521,0.0,30.7692307692,2.5641025641,21.4876033058,0.0,0.0,0.0,25.2525252525,0.0,9.92366412214,8.39694656489,0.0,0.0,13.6054421769,4.08163265306,55.1020408163,4.08163265306,1.84049079755,6.74846625767,3.68098159509,3.68098159509,1.84049079755,0.0,3.82165605096,4.08163265306,14.2857142857,0.0,0.0,35.2941176471,0.0,27.9411764706,0.0,2.7027027027,2.7027027027,19.8198198198,2.7027027027,0.0,0.0,40.1408450704,0.0,26.7605633803,2.11267605634,0.0,1.92307692308,8.33333333333,1.92307692308,8.33333333333,1.92307692308,11.5384615385,40.0,2.25563909774,0.0,17.2932330827,0.0,0.746268656716,47.7611940299,30.8270676692,66.9172932331,2.25563909774,31.3043478261,46.0869565217,14.7826086957,1.97368421053,0.0,21.0526315789,0.0,14.4736842105,1.97368421053,0.0,19.2307692308,1.92307692308,0.0,0.680272108844,2.04081632653,22.4489795918,0.0,0.0,41.7910447761,4.4776119403,33.5820895522,25.3731343284,4.16666666667,31.25,61.1111111111
3.52112676056,2.11267605634,45.7746478873,15.4929577465,0.0,0.0,20.3007518797,6.01503759398,53.3834586466,0.0,0.0,0.0,26.2773722628,2.1897810219,83.2116788321,0.0,0.0,0.0,18.3908045977,1.14942528736,49.4252873563,3.44827586207,11.4942528736,5.64516129032,10.4838709677,0.0,2.29007633588,16.7938931298,2.29007633588,73.2824427481,0.0,19.2307692308,0.0,0.0,2.85714285714,54.2857142857,2.85714285714,17.4242424242,17.4242424242,0.0,0.0,18.5483870968,2.41935483871,45.1612903226,0.0,0.0,8.45070422535,0.0,78.1690140845,0.0,13.7254901961,9.80392156863,7.80141843972,14.1843971631,0.0,0.0,5.19480519481,0.649350649351,83.1168831169,0.0,0.0,1.02040816327,47.9591836735,0.0,0.0,0.0,6.94444444444,2.08333333333,77.0833333333,0.0,0.0,4.41176470588,11.7647058824,1.47058823529,20.5882352941,4.41176470588,11.7647058824,16.0,16.7832167832,0.0,69.2307692308,0.694444444444,0.0,0.694444444444,2.34375,10.9375,40.625,5.82524271845,22.3300970874,20.3883495146,0.0,1.96078431373,16.339869281,3.92156862745,77.1241830065,0.0,0.0,0.0,5.0,0.0,10.0628930818,1.88679245283,4.40251572327,0.0,0.0,5.92105263158,0.657894736842,80.2631578947,5.92105263158,22.0338983051,12.7118644068,23.7288135593
3.68098159509,3.06748466258,41.1042944785,10.4294478528,0.0,0.0,53.3834586466,0.0,45.1127819549,0.0,0.0,6.66666666667,54.8148148148,0.0,57.037037037,0.0,4.6875,4.6875,21.875,4.6875,12.5,4.6875,23.4375,25.0,30.1724137931,0.0,0.0,34.7826086957,2.17391304348,57.2463768116,0.0,22.9508196721,0.0,0.0,0.0,26.8041237113,3.09278350515,3.28947368421,9.86842105263,0.0,0.0,20.3125,1.5625,14.84375,2.34375,1.2987012987,7.14285714286,0.0,51.9480519481,1.94805194805,12.9032258065,1.93548387097,21.875,1.875,0.0,0.0,9.49367088608,1.89873417722,64.5569620253,0.0,5.1724137931,0.0,31.0344827586,0.0,0.0,0.0,10.9756097561,1.82926829268,45.7317073171,1.82926829268,0.0,18.3673469388,24.4897959184,6.12244897959,18.3673469388,0.0,24.4897959184,25.7142857143,5.76923076923,6.41025641026,85.2564102564,5.69620253165,0.0,0.0,14.1791044776,18.6567164179,35.8208955224,9.33333333333,16.0,33.3333333333,0.0,0.0,38.3647798742,0.0,47.1698113208,3.77358490566,7.8431372549,37.2549019608,31.3725490196,12.5,51.875,26.875,5.625,0.0,0.0,4.81927710843,0.0,66.8674698795,6.02409638554,19.8347107438,12.3966942149,15.7024793388
0.0,0.0,0.0,49.3243243243,0.0,1.91082802548,0.0,39.4904458599,91.0828025478,49.0445859873,0.0,2.0,4.0,33.3333333333,96.6666666667,23.3333333333,0.0,0.0,3.79746835443,0.0,98.7341772152,0.0,0.0,0.0,1.91082802548,0.0,0.0,4.3795620438,2.1897810219,98.5401459854,4.3795620438,10.101010101,0.0,0.0,0.0,98.3193277311,0.0,0.0,1.25786163522,0.0,0.0,1.88679245283,0.0,98.1132075472,0.0,0.0,1.76470588235,0.0,98.2352941176,1.76470588235,0.0,0.0,0.0,61.744966443,0.0,0.0,1.76470588235,0.0,98.2352941176,0.0,0.0,0.0,100.0,0.0,0.0,0.0,4.81927710843,0.0,96.9879518072,0.0,0.0,0.0,1.92307692308,0.0,98.0769230769,0.0,0.0,52.0833333333,0.0,0.0,6.92307692308,0.0,3.4965034965,75.5244755245,2.20588235294,2.20588235294,18.3823529412,0.0,2.05479452055,1.3698630137,0.0,0.0,3.48837209302,0.0,98.2558139535,0.0,0.0,0.0,0.0,0.0,0.0,1.24223602484,0.0,0.0,0.0,3.55029585799,0.0,98.224852071,0.0,15.2317880795,1.32450331126,7.28476821192
1.43884892086,1.43884892086,0.0,75.5395683453,4.1958041958,0.0,43.3566433566,0.0,51.048951049,0.0,5.59440559441,0.0,48.951048951,2.0979020979,37.0629370629,0.0,0.0,2.0,34.6666666667,0.0,6.0,2.0,39.3333333333,3.94736842105,6.57894736842,3.96825396825,0.0,53.9682539683,0.0,21.4285714286,0.0,17.4603174603,4.71698113208,0.0,5.66037735849,28.3018867925,0.0,0.0,17.8571428571,0.0,0.0,41.3333333333,0.0,4.0,0.0,2.01342281879,40.2684563758,0.0,1.34228187919,2.01342281879,8.72483221477,4.69798657718,4.31654676259,63.309352518,2.1897810219,0.0,52.5547445255,0.0,2.1897810219,0.0,2.5641025641,0.0,32.4786324786,0.0,4.34782608696,0.0,54.347826087,0.0,6.52173913043,0.0,0.0,0.0,35.0993377483,0.0,4.6357615894,1.98675496689,33.1125827815,50.5376344086,4.1095890411,0.0,14.3835616438,0.0,4.08163265306,61.2244897959,6.2015503876,17.0542635659,31.007751938,2.75229357798,10.0917431193,42.2018348624,7.74193548387,0.0,53.5483870968,0.0,16.1290322581,0.0,1.98675496689,1.32450331126,1.98675496689,0.0,0.0,4.22535211268,4.92957746479,2.05479452055,0.0,53.4246575342,2.05479452055,1.3698630137,29.4520547945,17.3913043478,7.24637681159,42.0289855072
0.0,0.0,0.0,23.5714285714,0.0,0.0,34.2105263158,1.97368421053,40.1315789474,0.0,0.0,0.0,30.6569343066,0.0,47.4452554745,0.0,0.0,0.0,27.6923076923,0.0,44.6153846154,0.0,41.5384615385,36.690647482,46.7625899281,0.0,0.0,28.3464566929,2.36220472441,48.031496063,0.0,14.7540983607,0.0,0.0,2.91262135922,40.7766990291,0.0,5.6338028169,13.3802816901,2.14285714286,0.0,22.1428571429,0.0,37.1428571429,0.0,0.0,18.115942029,0.0,29.7101449275,0.0,0.0,4.08163265306,6.04026845638,93.9597315436,0.0,0.0,33.5664335664,0.0,37.0629370629,0.0,0.0,2.47933884298,41.3223140496,0.0,2.15827338129,2.15827338129,30.2158273381,0.0,35.9712230216,0.0,0.0,0.0,23.8461538462,0.0,37.6923076923,0.0,36.1538461538,64.1509433962,10.3896103896,3.8961038961,26.6233766234,0.0,4.86111111111,30.5555555556,49.6240601504,41.3533834586,2.25563909774,27.4193548387,34.6774193548,17.7419354839,1.875,0.0,25.625,3.75,32.5,0.0,0.0,0.0,0.0,0.0,0.0,2.11267605634,10.5633802817,0.0,0.0,29.0780141844,0.0,39.7163120567,24.8226950355,4.02684563758,62.4161073826,25.5033557047
4.02684563758,1.34228187919,0.0,31.5436241611,0.0,0.0,43.2624113475,0.0,97.8723404255,0.0,0.0,0.0,68.0555555556,2.08333333333,82.6388888889,0.0,0.0,0.0,73.1543624161,0.0,5.36912751678,0.0,4.69798657718,1.34228187919,4.02684563758,0.0,0.0,70.2898550725,2.17391304348,15.2173913043,0.0,5.71428571429,0.0,0.0,0.0,87.610619469,2.65486725664,0.0,11.7647058824,0.0,0.0,75.6578947368,0.0,3.94736842105,0.0,0.0,69.1358024691,0.0,1.85185185185,0.0,0.0,0.0,3.87096774194,21.2903225806,0.0,0.0,60.1265822785,0.0,0.0,0.0,2.41935483871,0.0,66.1290322581,0.0,0.0,0.0,69.7368421053,0.0,2.63157894737,0.0,0.0,0.0,73.2876712329,0.0,1.3698630137,0.0,4.79452054795,37.6623376623,2.17391304348,0.0,10.1449275362,0.0,1.49253731343,40.2985074627,0.0,5.59440559441,29.3706293706,0.0,5.08474576271,61.8644067797,0.0,0.0,74.5222929936,1.91082802548,33.7579617834,0.0,1.86335403727,0.0,0.0,0.0,1.89873417722,0.0,0.0,0.0,0.0,66.8789808917,0.0,1.91082802548,5.73248407643,18.2481751825,0.729927007299,5.83941605839
0.0,2.64900662252,0.0,68.8741721854,20.0,0.0,69.3333333333,0.0,56.6666666667,0.0,19.3103448276,0.0,67.5862068966,0.0,53.7931034483,0.0,2.0,0.0,19.3333333333,0.0,6.0,0.0,16.0,0.0,2.63157894737,22.2222222222,0.0,59.0277777778,0.0,53.4722222222,0.0,17.7570093458,23.8095238095,0.0,0.0,59.0476190476,0.0,2.12765957447,4.96453900709,1.31578947368,0.0,15.7894736842,0.0,1.97368421053,0.0,0.0,15.2866242038,0.0,1.91082802548,0.0,0.0,0.0,1.94805194805,35.7142857143,13.7254901961,0.0,22.8758169935,0.0,69.9346405229,14.6788990826,0.0,0.0,50.4587155963,0.0,12.0253164557,0.0,21.5189873418,0.0,57.5949367089,0.0,0.0,0.0,14.5833333333,0.0,3.47222222222,0.0,17.3611111111,44.2857142857,0.0,0.0,2.14285714286,0.0,1.3698630137,71.2328767123,0.0,10.6382978723,52.4822695035,0.0,16.5137614679,52.2935779817,19.7452229299,0.0,50.9554140127,0.0,34.3949044586,0.636942675159,0.0,0.0,0.0,0.0,0.0,0.0,6.53594771242,17.1974522293,0.0,18.4713375796,0.0,68.7898089172,1.27388535032,28.4722222222,0.0,13.8888888889
0.0,0.0,0.0,50.3496503497,0.0,0.0,23.3333333333,31.3333333333,94.6666666667,3.33333333333,0.0,0.0,24.6031746032,37.3015873016,96.0317460317,1.5873015873,0.0,0.0,0.0,56.4705882353,5.29411764706,7.05882352941,1.76470588235,1.19047619048,0.0,0.0,0.0,11.2244897959,31.6326530612,83.6734693878,3.0612244898,11.1111111111,0.0,0.0,38.4615384615,44.6153846154,3.07692307692,0.0,20.4968944099,0.0,0.0,0.0,56.2874251497,13.7724550898,7.78443113772,0.0,0.617283950617,6.79012345679,83.3333333333,4.32098765432,0.0,1.80722891566,0.0,69.8717948718,0.0,1.25,2.5,2.5,83.75,0.0,0.0,39.3700787402,46.4566929134,5.51181102362,0.0,0.0,1.30718954248,9.15032679739,78.431372549,1.96078431373,0.0,0.0,0.0,56.1403508772,2.92397660819,7.01754385965,0.0,48.0,0.0,0.0,4.69798657718,0.0,1.33333333333,79.3333333333,4.9504950495,11.8811881188,57.4257425743,1.96078431373,6.86274509804,61.7647058824,0.0,0.0,4.93827160494,55.5555555556,59.2592592593,4.32098765432,0.0,0.0,0.0,0.0,2.5641025641,1.28205128205,8.33333333333,0.0,0.0,4.375,4.375,82.5,1.25,8.75912408759,2.9197080292,29.9270072993
4.1095890411,0.0,0.0,57.5342465753,0.0,0.0,13.4228187919,2.01342281879,90.6040268456,0.0,0.0,0.0,16.1764705882,16.9117647059,88.2352941176,4.41176470588,0.0,0.0,1.88679245283,28.9308176101,35.8490566038,0.0,1.88679245283,0.0,0.0,0.0,0.0,10.4347826087,16.5217391304,54.7826086957,0.0,25.4545454545,0.0,0.0,10.5882352941,64.7058823529,3.52941176471,4.0,18.0,0.0,0.0,0.0,23.3766233766,63.6363636364,0.0,0.0,1.86335403727,1.86335403727,92.5465838509,0.0,1.875,0.0,0.0,25.4901960784,0.0,0.0,1.86335403727,24.8447204969,42.8571428571,0.0,0.0,2.45901639344,77.0491803279,0.0,0.0,0.0,5.48780487805,25.0,37.8048780488,1.21951219512,0.0,0.0,1.85185185185,28.3950617284,1.85185185185,0.0,0.0,50.0,0.0,0.0,7.04225352113,0.0,4.69798657718,79.1946308725,0.0,5.1724137931,43.1034482759,0.0,2.58620689655,38.7931034483,0.0,0.0,3.63636363636,29.0909090909,56.3636363636,1.21212121212,0.0,2.08333333333,0.0,3.14465408805,11.9496855346,4.40251572327,1.25786163522,0.0,0.0,0.0,27.4390243902,37.1951219512,1.82926829268,6.29370629371,0.699300699301,27.972027972
5.14705882353,0.0,0.0,72.7941176471,0.0,20.1550387597,26.3565891473,11.6279069767,80.6201550388,10.0775193798,0.0,27.5862068966,19.8275862069,23.275862069,83.6206896552,9.48275862069,0.0,30.3448275862,1.37931034483,28.275862069,21.3793103448,20.0,2.06896551724,1.28205128205,1.92307692308,0.0,14.0186915888,18.691588785,11.214953271,70.0934579439,4.67289719626,18.9473684211,0.0,25.3012048193,9.63855421687,46.9879518072,10.843373494,0.0,22.4489795918,0.0,22.7586206897,0.689655172414,27.5862068966,42.0689655172,17.2413793103,3.84615384615,1.28205128205,3.20512820513,85.2564102564,2.5641025641,0.0,1.96078431373,0.0,62.5,0.0,0.0,2.5641025641,1.92307692308,84.6153846154,0.0,0.909090909091,1.81818181818,76.3636363636,5.45454545455,0.0,2.04081632653,0.0,4.08163265306,81.6326530612,4.08163265306,0.0,24.6575342466,3.42465753425,28.0821917808,10.2739726027,19.8630136986,5.47945205479,56.9444444444,2.15827338129,0.0,8.63309352518,0.0,3.47222222222,65.9722222222,2.80373831776,6.54205607477,41.1214953271,0.0,11.5384615385,23.0769230769,0.0,24.3243243243,4.05405405405,28.3783783784,64.1891891892,12.8378378378,0.0,0.0,0.0,0.0,2.12765957447,0.0,0.0,0.0,1.94805194805,0.0,1.94805194805,83.1168831169,4.54545454545,7.5,0.833333333333,30.8333333333
2.01342281879,0.0,0.0,60.4026845638,2.32558139535,0.0,20.1550387597,0.0,83.7209302326,0.0,2.4,0.0,14.4,0.0,76.0,0.0,1.92307692308,0.0,1.92307692308,3.20512820513,50.0,0.0,0.0,0.0,5.09554140127,0.970873786408,0.0,8.73786407767,0.0,82.5242718447,0.0,20.7547169811,4.16666666667,0.0,2.77777777778,45.8333333333,0.0,0.0,6.52173913043,1.97368421053,0.0,2.63157894737,0.0,67.7631578947,0.0,0.0,4.57516339869,1.96078431373,89.5424836601,0.0,0.0,0.0,0.0,42.1428571429,1.97368421053,0.0,5.26315789474,1.97368421053,89.4736842105,2.52100840336,0.0,0.0,63.025210084,0.0,2.02702702703,0.0,6.75675675676,2.02702702703,81.7567567568,0.0,0.645161290323,0.0,1.93548387097,3.22580645161,16.7741935484,0.0,1.93548387097,53.8461538462,0.0,0.0,2.9197080292,0.0,2.96296296296,58.5185185185,1.9801980198,20.7920792079,38.6138613861,0.0,10.3773584906,67.9245283019,1.91082802548,0.0,7.64331210191,3.82165605096,71.3375796178,0.0,0.0,0.0,0.0,0.0,0.0,0.0,0.0,0.653594771242,0.0,3.92156862745,1.96078431373,84.9673202614,3.92156862745,4.8,8.0,21.6
0.0,1.32450331126,0.0,78.1456953642,0.0,0.0,16.6666666667,0.0,5.07246376812,0.0,0.0,0.0,22.4637681159,0.0,6.52173913043,0.0,0.0,0.0,16.4473684211,0.0,53.9473684211,0.0,15.1315789474,22.2222222222,49.6732026144,0.0,0.0,14.6153846154,0.0,3.84615384615,0.0,5.42635658915,0.0,0.0,1.65289256198,0.0,0.0,0.0,43.4482758621,0.0,0.0,18.0,0.0,58.6666666667,0.0,0.0,15.0,0.0,31.4285714286,2.14285714286,0.0,0.0,0.0,79.1946308725,0.0,0.0,13.475177305,7.09219858156,33.3333333333,0.0,0.0,1.5625,6.25,0.0,0.0,0.0,20.1438848921,0.0,6.47482014388,0.0,0.0,0.0,19.5945945946,0.0,49.3243243243,0.0,13.5135135135,55.1724137931,0.0,2.08333333333,0.0,0.0,3.44827586207,81.3793103448,0.0,11.71875,15.625,0.0,3.87596899225,28.6821705426,0.0,0.0,17.7631578947,0.657894736842,24.3421052632,0.0,4.41176470588,36.7647058824,3.67647058824,0.0,4.3795620438,0.0,45.9854014599,0.0,0.0,14.2857142857,8.57142857143,27.1428571429,49.2857142857,62.7906976744,0.77519379845,11.6279069767
29.4520547945,1.3698630137,11.6438356164,5.47945205479,1.48148148148,0.0,40.7407407407,2.22222222222,25.1851851852,2.22222222222,1.5037593985,0.0,42.8571428571,0.0,19.5488721805,2.25563909774,0.0,0.0,16.9491525424,0.0,23.7288135593,2.54237288136,26.2711864407,5.93220338983,16.9491525424,0.0,0.0,39.4736842105,0.0,28.0701754386,2.63157894737,24.4680851064,2.40963855422,0.0,1.20481927711,12.0481927711,3.61445783133,8.06451612903,9.67741935484,0.0,0.0,17.8861788618,0.0,28.4552845528,2.43902439024,0.0,17.2131147541,2.45901639344,17.2131147541,4.09836065574,0.0,6.15384615385,94.3396226415,1.88679245283,2.23880597015,0.0,17.1641791045,2.23880597015,4.4776119403,0.0,0.0,4.0404040404,20.202020202,3.0303030303,0.0,0.0,11.1111111111,0.0,7.93650793651,2.38095238095,0.0,0.0,19.4915254237,0.0,25.4237288136,2.54237288136,22.0338983051,41.25,25.9259259259,47.4074074074,22.2222222222,37.4100719424,2.87769784173,2.15827338129,1.8018018018,22.5225225225,30.6306306306,4.12371134021,16.4948453608,32.9896907216,1.34228187919,0.0,42.9530201342,3.35570469799,24.8322147651,2.01342281879,0.0,2.36220472441,3.93700787402,0.0,11.0344827586,13.1034482759,26.8965517241,0.0,0.0,11.9402985075,4.4776119403,5.97014925373,28.3582089552,53.2786885246,6.55737704918,14.7540983607
