1.000000000000000000e+00,1.491008982068242894e-01,-5.575369228366056258e-03,-3.639571716287132164e-02,-6.536638965716158600e-02,5.394425247582351757e-03,-6.935217804552268328e-02,-5.121521859902687657e-02,-1.360208689998350373e-01,-5.592828051847432980e-02,-6.669222941549157735e-02,-5.385400915410050102e-03,-6.544432871533127638e-02,-5.578094612235827421e-02,-1.824505518597269449e-01,-5.391457868008306398e-02,-2.248357958339368759e-02,-6.956408592998362950e-02,-8.311313742969676788e-02,-9.293728807183319549e-03,-5.502639258920843934e-02,-7.021110783990133775e-02,2.198621197899243984e-01,9.944602536999437581e-02,-1.003741099225903821e-01,-6.489543451701650090e-02,-7.568648958856147128e-03,-7.695870588607471585e-02,-3.060763854759430969e-02,-1.441706953567735150e-01,-4.401192414445807138e-02,3.433888743104651642e-01,-6.258314359027200569e-02,-6.640538358261406301e-03,-2.438921692418749218e-02,-1.516588699925476291e-01,-3.698417936379527760e-02,-3.744229973627904301e-02,-1.202785540083679827e-01,-2.706953012635032740e-02,-8.816123135802272914e-02,-9.817547646606245015e-02,-1.206632028800800997e-02,-7.851785574967752590e-02,-6.870191678959758352e-02,-8.098872324194777983e-02,-5.776167542269793065e-02,-6.245918119831436743e-02,-1.023066397850647680e-01,-7.268129187673286196e-02,-2.414759304959682856e-02,7.023312348419076534e-02,3.234674890930633318e-01,-3.255548075502672778e-01,-5.875275598006906436e-02,-7.712350125185810090e-02,-5.402266307101862702e-02,-7.325388507720070885e-02,-1.289370410285515800e-01,-6.686221093095717771e-02,-2.708254901117414931e-02,-1.057151167682844617e-02,-8.669356664441382754e-02,-3.457035902873550892e-02,-4.197848654322614698e-02,-5.705236650964107259e-02,-1.310571703813161182e-01,-7.024827057408851438e-02,-8.988841059611210604e-02,-6.342435349903616237e-02,-2.382002105899178740e-02,-4.784105855290778087e-02,-7.286419661417312121e-02,-4.261060309396700317e-04,-5.150649360404925547e-02,-6.421528953232105708e-02,2.172152203545490157e-01,-2.040685390348850881e-02,9.080869571194494227e-02,3.089893798849855377e-01,-1.714658706888782733e-02,3.345962936978568725e-01,-4.512408269174280478e-02,-6.248823000208812012e-02,2.624711172277824356e-01,-3.233630756999518463e-02,-2.199484533151160881e-01,2.653469788816169017e-01,1.980881080303861785e-01,-2.023923483311549920e-01,-6.391658768963479065e-02,-2.263259335789762419e-02,-8.119312991698393600e-02,-5.923271055149437886e-02,-1.641982079136205808e-01,-7.239529878144213004e-02,-9.765047496568141430e-03,3.295100615517664033e-02,5.294741226031402653e-02,-2.617415145020740228e-02,3.776159146892409113e-02,1.620535696209696522e-02,8.277391042721677153e-03,-6.960635049489082016e-02,-6.816544404352165021e-02,-6.625240901400554494e-02,-6.229694253748694482e-02,-1.070857732940767998e-01,8.579744672464058308e-02,3.272455966140652012e-02,2.208866277333169925e-01,-2.400512947078562234e-02
1.491008982068242894e-01,1.000000000000000000e+00,-2.803721164749854375e-02,-2.030628426483982729e-01,5.466549725195025966e-02,-1.586796259526836519e-02,-5.868476057286269032e-02,1.115785358421753498e-01,-1.204336499734785793e-01,-3.864778665226730608e-02,8.182876089062998681e-02,-9.574903484745990803e-03,-4.884844453492014071e-02,1.556253500740317486e-01,-1.496563553921139156e-01,-9.550279335647308618e-03,1.062793031742183536e-01,6.785896235779445909e-03,2.261631524763219742e-02,1.460316570443759010e-01,-6.765621733496665624e-02,-2.254738208325559809e-02,4.778129675945998883e-02,5.665537174730004427e-02,3.892488581871191011e-02,6.444332280665839019e-02,-1.844433123966383176e-02,-9.494573934242730995e-02,2.954879696488014740e-01,-8.526198879150095888e-02,-1.304548258998784044e-02,3.539297438515540822e-02,6.276440875727049007e-02,4.782383904433822747e-02,2.428566565276657485e-01,-8.880699438765797538e-02,-2.284028732464482916e-02,1.538678607428529965e-01,-2.422695515820257051e-02,1.018554736752486783e-01,-2.618270851443954897e-02,6.272112648582918969e-03,1.242819769189855844e-01,-7.752002257309022204e-02,-1.899787672442162026e-02,1.388689228311520418e-01,-4.409254934677316745e-02,2.399580010817015385e-01,-4.427570771573895864e-02,2.568701428490855962e-02,-1.848315542948352971e-02,-8.396311360158448256e-02,6.558639924680315092e-01,-3.034596381198573778e-01,3.309005494872788861e-02,-8.829157753638985223e-03,-4.057358852995732179e-02,8.325097340098723542e-02,-5.479294927406990617e-02,3.675508606297268888e-02,6.469242499596020157e-02,2.197436127552201135e-01,-6.821854432439763971e-02,4.828636186726967088e-03,8.851257713851785891e-02,9.644813713657864052e-02,-8.073881212144551345e-02,2.060335375983066153e-01,-7.127578580165339073e-02,5.401749750756042884e-02,8.361073037240465688e-02,1.832058457511246199e-02,1.213234947592808921e-02,1.516432080110752256e-01,-5.190765574334661736e-02,-3.227695951082117098e-02,6.040731247926379999e-02,-1.791836589407768202e-02,-1.628906938055342882e-02,1.335987979262607227e-02,-6.245581085196250798e-02,3.413541511528159211e-02,-8.172257781863402626e-02,-1.997191709942728877e-01,1.432909057761688754e-01,5.026566944405352205e-02,1.947400813533461256e-02,1.085737403812872676e-01,1.296881107672393230e-01,3.566429747166045133e-02,6.451152808528276550e-02,6.372642162011910028e-02,-9.825486136181720009e-02,1.427664074099196656e-01,-6.818724819027918715e-02,-6.041367780332983738e-03,-2.296623843773076129e-02,-5.932725184411129227e-02,-3.213745981560943432e-02,-8.755683457308264389e-03,-4.984778138164088629e-02,-3.809173348269060538e-02,-1.195817018986211622e-01,3.114458870911394547e-02,-1.243195584469994341e-02,-6.363878261721779561e-02,1.070783036935427368e-01,-5.032759995016354571e-02,-1.330243279373104215e-02,-4.348464721300630137e-02,1.006043400056028242e-01,-2.986525546754701527e-02
-5.575369228366056258e-03,-2.803721164749854375e-02,9.999999999999998890e-01,-3.084276389905535876e-01,-4.994368986292455764e-02,-7.136403456517689814e-02,9.616285886643381742e-02,-8.042660727083882771e-03,-7.472570631685335196e-02,-6.192755449831959663e-02,-6.633111525483084692e-02,-5.558179847811524354e-02,8.117564531722357146e-02,-3.786797844378213956e-02,2.890432036032092745e-03,-5.641875397523719859e-02,-1.530851139307467731e-02,2.998619887510755450e-02,1.131305864507119452e-01,-8.531062456393047333e-02,3.011067498291915279e-02,-5.456569488918066452e-02,-3.004858555629403780e-02,7.155503003260295369e-02,3.118385376751555554e-02,-7.786683168931210486e-02,-6.018005913746153623e-02,4.876078443935377704e-02,-1.305664135966340574e-02,3.016703004328015816e-02,-5.679645384740156233e-02,9.905683375084511910e-02,-8.221465662945139086e-02,1.153193196485658226e-02,-4.134850312476469857e-03,5.804502568196147350e-02,-3.944910616057383662e-02,4.352143137179863008e-01,-1.051806262492072375e-01,-5.937623193134507205e-02,2.360993816670713466e-02,5.003783933460283218e-02,-8.835443508147659830e-02,6.028067575376093792e-03,-6.279530048926050545e-02,-6.712217780073745366e-02,2.957004231312920436e-02,-9.873670326918759788e-02,4.831358115264497433e-02,-7.394176101021615599e-02,1.334815787094895956e-01,2.539519935952672114e-01,1.044782518421983192e-01,-3.739460652533111995e-01,-5.912248494426986661e-02,-7.253208338929587051e-02,-1.891767463431509241e-02,-6.416168418705263388e-02,9.602486201615322015e-03,-6.888413846324627221e-02,6.067309783155670419e-03,-7.161667328791587739e-02,6.102459169280716189e-02,-9.964157887064865535e-03,-7.410296568456874178e-02,-8.132011722405041443e-02,-9.974562682049765983e-02,-8.364081090836660015e-02,1.222172001763173303e-02,-6.109347889425801453e-02,-3.294577122977487144e-02,5.574224936155641047e-02,1.447445897832118633e-01,-9.693388184730088175e-02,4.516373122506816412e-02,-3.656035583930017374e-02,2.557394569731777367e-02,-3.586945371102686075e-01,4.015286680433596267e-01,2.167945665491690654e-01,6.613802439099378816e-01,1.907815216374983969e-01,-1.705868714037007405e-01,-4.922107229609863355e-01,8.567122531882648967e-03,-4.051680152808254110e-02,3.879752499412950084e-02,1.547645429507356861e-02,-1.482055873191477592e-03,-6.442750165323436924e-03,-7.020377170087241381e-02,-1.845450458515733930e-02,8.363905920587684506e-02,-5.748442081759745637e-02,7.113348462668249439e-02,-6.188056713647992896e-02,1.170007216526278288e-01,2.067506578763723957e-01,1.340742624712512876e-01,3.428286584853704189e-02,1.321428072976641444e-01,6.235622973188743867e-02,2.110131960768475354e-02,-6.484427981818095821e-02,-9.441285486308746699e-02,-5.113378220264385571e-02,-9.106052381513615734e-02,1.038054587127109664e-02,-2.285646364384480780e-02,6.642831139013263830e-02,1.566645247741513952e-02,-1.037930334123555592e-01
-3.639571716287132858e-02,-2.030628426483982452e-01,-3.084276389905535876e-01,1.000000000000000000e+00,8.386662610808472834e-03,-1.085427214120565365e-01,7.755755420466048378e-02,-8.646810847045173498e-02,-1.312241071381993474e-01,-9.455772099751658111e-02,-3.212500942363570068e-03,-9.702828357125953262e-02,1.006955976804032732e-01,-6.309325696396118899e-02,-1.716253654473441081e-01,-1.090183733575319086e-01,-4.195398922693069355e-02,-9.563133096247672382e-02,-7.067026000366424809e-02,-2.536138262436131788e-02,-5.087295068124210451e-02,-1.113578316206601804e-01,1.436221898413298729e-04,-1.496860085098957946e-02,-9.631740003300913108e-03,-1.441561666505915447e-02,-1.331797525396944681e-01,1.445732476619404905e-01,-1.602213818357018371e-01,-1.835036333654253282e-01,-9.451405577245218514e-02,5.142760513220367979e-02,1.689653623216805147e-03,-4.882238072191025235e-02,-6.406582766271724794e-02,-1.572654179139848785e-01,-1.023176842447093976e-01,-2.880140944174180428e-01,3.190039474183914980e-01,-3.157753985510521055e-02,-8.732286521974355620e-02,-3.204306701860210049e-02,-4.317530793964378943e-02,-5.750070063240470680e-02,-1.073387950539576030e-01,-8.956619321840117443e-02,4.479719817038133392e-03,-7.146042696857854426e-02,-1.237138377310014886e-01,-9.649029381309816300e-02,7.780899956402152762e-02,-5.427898281725368479e-02,-3.597342499154273510e-01,2.704269768848903688e-01,2.276859146249605309e-03,-1.285135675185154203e-01,2.120207585181563270e-01,-9.519411601074168061e-02,-1.559733252054282260e-01,1.631641081222762538e-02,-1.186851941193113047e-01,-3.527825813171624192e-02,-1.529494489819413494e-01,-9.497796981961929841e-02,1.027091611920018504e-03,-1.308327381311126802e-01,2.335840244551078970e-01,-7.089037977851407601e-02,-1.348844397928092020e-01,-1.207272409082947029e-01,-5.038533890181755986e-02,-1.275066735055951361e-01,-7.501271609866831669e-02,1.496939690865829210e-02,-4.887957102001310589e-02,-8.511986758325626456e-02,9.089038017460639510e-03,3.892008422646807686e-01,-4.490491220909310077e-01,-2.470093134691306314e-01,-4.401515206331637065e-01,-2.286123208333424028e-01,1.079678315041645090e-02,5.268788474249470610e-01,-1.322583072996124931e-01,-1.564306703072956273e-01,1.124294237075822295e-01,-9.389589885536206437e-02,-4.487940433037715220e-03,1.878045306110392304e-02,-6.117517401269130170e-03,-1.428056839539296186e-01,4.431188403113194701e-02,-5.168826028358439878e-02,-1.798744704549199713e-01,-1.054419129063827731e-01,-1.855000926643699255e-01,-2.494404622374874481e-01,-1.278004492315295282e-01,-2.146475295129633420e-01,-3.814260904310555755e-01,-2.886056016260033497e-01,-2.112744203310483182e-01,2.763834801505655678e-02,-1.078184898365553424e-01,2.304582056877834684e-01,-9.325585853613763132e-02,-1.502726227184356667e-01,4.553682919049893696e-02,-2.494994867879274034e-02,-1.036353034565472286e-01,5.974152806794854470e-02
-6.536638965716158600e-02,5.466549725195025966e-02,-4.994368986292455764e-02,8.386662610808472834e-03,9.999999999999998890e-01,9.718246771169182507e-02,-1.248804518439514261e-01,7.376310451665427093e-02,5.683186623768189671e-03,-2.566723571376381546e-02,9.898341191450660270e-01,1.715214102549274255e-02,-1.152217557460867986e-01,2.602299859641561339e-02,-4.761796719692751312e-02,-3.194406199228016358e-02,7.432032172490488087e-01,1.692950387142204971e-01,-9.227794539494628412e-02,6.032641786744451229e-02,-3.632832666517391007e-02,-4.262722990410030416e-02,-1.136071081640917385e-01,-1.107177180104918085e-01,-9.730885607175787655e-02,9.743385826548688344e-01,-8.116913958264339313e-03,-1.005898658337904400e-01,-2.198361492074257101e-02,-5.854826876534196395e-02,-3.242226334712924180e-02,1.155291231021529363e-01,9.795438868019780143e-01,-4.375556994391801430e-02,-2.948241395815277138e-02,-4.481165707246617669e-02,-3.489936193547909377e-02,5.859666035774285797e-03,-4.393957111624598004e-03,7.519067302462085767e-01,1.294027090615991749e-01,-9.135820769039808276e-02,7.583680147866295185e-02,-2.002292372276134186e-02,-5.332695087298600090e-02,-1.114610277550177192e-02,-9.727189670839375690e-02,-1.658377828438286836e-02,-2.016311986749793825e-02,-3.094153628277730370e-02,1.673601352612246740e-01,-7.929485249774025080e-02,8.193230715199746605e-02,1.453006379043440995e-02,8.264226959910808690e-01,8.858179019170489554e-02,-9.937130182129740030e-02,-5.200174680036744046e-02,-9.638416515808054252e-02,9.701685572769401800e-01,8.031577859843362990e-03,-4.377011029520554153e-02,-4.729465637470422340e-02,-2.247093132295766710e-02,8.688477516762327379e-01,1.802164083082131163e-01,-1.485122568494324780e-01,-5.851538059990225166e-02,-4.610232537777797512e-02,-4.479381735465135655e-02,6.891056157326678200e-01,1.907070186975685089e-01,-9.809451287438408773e-02,2.329652198640929858e-02,-3.009421877563801459e-02,-5.019559361356862315e-02,-1.251250428008200688e-01,7.049371733047168909e-02,-8.292752656713409110e-02,-5.966861234571590317e-02,-8.015020809377371158e-02,-5.298246811691467023e-02,-2.356031954165773226e-02,-1.168542206098687267e-02,-1.112568839549602645e-01,-1.304413883186672785e-01,2.403198934352980265e-01,-7.943223140246764846e-03,-1.114987408688379728e-01,3.225451079727385123e-02,9.757073496801280665e-01,1.682784159933193580e-01,-1.184744451057760523e-01,2.512245350999414012e-02,-3.676294810241917399e-02,-4.464258310261758761e-02,1.016247958455476774e-01,-1.252431732465531800e-01,3.916002604560962080e-02,1.480886748675502573e-01,-1.428810393169045456e-01,-5.457523984608612239e-03,-2.238183720263321186e-01,8.443622373091024258e-01,1.017864134497084988e-01,-1.184771430651371943e-01,-3.762202351262555061e-02,-1.080313610561459553e-01,-2.265972369617854365e-01,-2.472700404511245925e-02,-5.253144018677315119e-02,-1.201766254167045272e-01
5.394425247582352624e-03,-1.586796259526836519e-02,-7.136403456517689814e-02,-1.085427214120565226e-01,9.718246771169182507e-02,9.999999999999998890e-01,-1.750512460233119849e-01,1.893792868601716917e-01,-1.071501526458228937e-01,6.893363705153018328e-01,9.232870462770999265e-02,9.185736433950941748e-01,-2.026365661815667796e-01,1.904475600287565962e-01,-1.426707668901950332e-01,6.446073642233703938e-01,4.140066164393592027e-03,5.724796146681633280e-01,-1.203227453003975489e-01,1.504981473107710743e-01,-1.131015637177187477e-01,5.344985144386260600e-01,2.366517770266903312e-02,-1.425726193468833045e-02,-5.354554552675175674e-03,9.910285550576962421e-02,8.735637798924335007e-01,-1.826035294203187109e-01,1.559236278684616173e-01,-1.318633215042191165e-01,5.585527405838667248e-01,4.160285764139155101e-02,1.066039451425103285e-01,8.470925772252320129e-01,2.217176134348713412e-01,-2.036240865654681542e-01,6.265188218191741765e-01,-4.021354780582558908e-02,7.071320047015303839e-03,6.941302636057801803e-03,5.927967838269899703e-01,-1.241948426046154685e-01,1.676746419313421277e-01,-1.007131852070754507e-01,5.098423221027160723e-01,2.806400132170666084e-01,-9.907401500539568528e-02,4.762071782330778297e-02,1.446462145375190106e-02,4.435555815974022709e-01,-3.580329901054930819e-02,-7.114313517089675132e-02,8.527311287141389751e-03,1.010027616044410215e-01,1.435002642605399253e-02,4.812852717049742046e-01,-1.959390847452265882e-01,7.441556311663799494e-02,-1.101718883323895698e-01,1.113128761823935359e-01,7.543976366428015723e-01,1.497030350122863507e-01,-1.799674142964884926e-01,6.892804821060272147e-01,1.357462768633090240e-02,5.784566574760515723e-01,-1.758108121411818270e-01,8.925449138712665542e-02,-1.253841117649712178e-01,4.496782437391986798e-01,8.843454872354956225e-03,5.638809397494037867e-01,-1.146567690317574217e-01,1.847581647094460877e-01,-1.195530313146212914e-01,5.333693615319480275e-01,3.787680098150990327e-02,6.267585702303082873e-02,-1.155962068954685812e-01,-6.515237461884633430e-02,-1.292440775333179859e-01,-5.099391192002149936e-02,-2.642397073821533410e-02,1.216093490291267204e-01,-5.582296423954101472e-02,2.115344705395471540e-03,7.071160421725956879e-02,-6.116447590653213001e-02,5.426127650843843436e-02,-2.996145551370999263e-02,6.572057453463692189e-02,8.270987856899231216e-01,-2.087901959498031368e-01,1.784265589000050278e-01,-1.897961830842651021e-01,5.371498744957827753e-01,1.767717086375032443e-01,-1.812319891773879130e-02,1.702397330588718560e-01,2.169597151396716328e-01,-7.965357355550249999e-03,2.091941442272023388e-01,4.952931923235522060e-02,1.429252751623989043e-02,5.344216470682412456e-01,-2.130677369188478942e-01,6.394971998607826280e-02,-1.534088570715634037e-01,-2.659304822399500418e-02,-1.069032624017732386e-01,-7.412572670482914239e-02,3.135153469352283673e-02
-6.935217804552268328e-02,-5.868476057286269032e-02,9.616285886643381742e-02,7.755755420466048378e-02,-1.248804518439514122e-01,-1.750512460233120127e-01,1.000000000000000000e+00,-1.846698577221626281e-01,-3.998725111978820301e-01,-9.078874125532933326e-02,-1.223746771455234972e-01,-1.254248380886087977e-01,9.668664182012766117e-01,-1.744097819413026329e-01,-3.606759676908187218e-01,-1.017026405168765940e-01,-9.646928096261210561e-02,-4.742540197344748132e-03,3.731448899487840865e-01,-1.282050411280495072e-01,-3.858410859124741243e-01,-1.525933233383544307e-01,-1.001006463188605783e-01,-1.075016219799162231e-01,-6.750041156506582374e-02,-1.347285658580855139e-01,-1.269331431253161724e-01,9.223800671190178768e-01,-1.344280154151243356e-01,-4.204180194429193995e-01,-1.022249383464980399e-01,2.473328327593958542e-02,-1.329903371397351264e-01,-1.241370223012858015e-01,-1.399190075937918609e-01,-3.204405986786375005e-01,-1.211460803947286696e-01,-1.564425244807351179e-01,9.061689230888868296e-02,-1.046278452422256533e-01,-4.953765195032203833e-02,3.602583538388263729e-01,-1.256964672274400452e-01,-3.719643836202677911e-01,-1.596252068100630916e-01,-1.437151635201694144e-01,2.894538989598751666e-01,-1.602828483252674019e-01,-3.362286675211090814e-01,-1.776342403051804908e-01,-7.889087841492327391e-02,-2.099891158508878503e-02,-9.495971809681723330e-02,-1.781838783204946902e-02,-1.011403533707383590e-01,-1.619235433337676000e-01,4.817251476951329159e-01,-1.004211744282754309e-01,-2.655474113348834098e-01,-1.192474593697747803e-01,-7.701811159454266531e-02,-1.366849614267670598e-01,-2.935664565865575559e-01,-9.459304411790550593e-02,-1.180745114296484072e-01,-1.744284432444792865e-01,5.350173793124136656e-01,-1.251983998830356326e-01,-3.629368895737830059e-01,-1.673447793683931206e-01,-1.147364785819010718e-01,1.036209423765614181e-02,3.458688538756800046e-01,-1.472237258710822061e-01,-3.670787091291778381e-01,-1.420444290760020101e-01,-8.405218264309757825e-02,-1.776405204125010573e-01,3.595224339067192021e-02,-8.190869618639710914e-02,1.727681101968193411e-01,-6.467876448748638429e-02,5.094846823749496489e-02,-5.891964308337913070e-02,-1.767948090345117518e-01,-6.060063090732436403e-02,3.216842852941140807e-01,-7.022796403307923763e-02,-1.784311126282324411e-02,3.513579623812784214e-01,-1.155245299345787208e-01,-1.449135744752393651e-01,8.663330895488536854e-01,-1.354616606401200796e-01,-4.023047779712772831e-01,-1.496132152974422591e-01,5.401190645205738300e-02,-1.373813551433950182e-02,2.865930667746688018e-02,3.308311767124880176e-02,1.258950626133341910e-01,9.004576020064057607e-02,-9.933325857499818168e-02,-1.201439671834445555e-01,-1.128840333110380789e-01,4.886132245944670438e-01,-3.741475995260450105e-02,-2.576073566931338932e-01,-5.796801015047487599e-02,-5.445157341351981872e-02,-1.978386460190952600e-01,-1.395307921557465206e-02
-5.121521859902688351e-02,1.115785358421753637e-01,-8.042660727083882771e-03,-8.646810847045172110e-02,7.376310451665427093e-02,1.893792868601716917e-01,-1.846698577221626281e-01,1.000000000000000000e+00,1.267723741479399036e-01,2.995277634993452898e-01,9.801692212935632365e-02,2.481852632791367308e-01,-1.821340477139714864e-01,9.132031266853696261e-01,1.249041008836216798e-01,1.951316445871420224e-01,1.472468173547195891e-01,1.002553203739873500e-01,-7.740417954839449999e-02,5.572009039915384321e-01,6.808894962112545246e-02,8.911277910928058765e-02,1.046300557605266551e-01,-1.638016802157470087e-02,-5.341440536666120648e-03,1.073818573211407362e-01,1.874724444450940886e-01,-1.895983854968938120e-01,6.533650416379057635e-01,1.165491401288870216e-01,8.745256526951926401e-02,-9.125536400225520151e-02,1.060964495681955971e-01,1.439665635288077949e-01,6.796055496397274132e-01,5.061758227065435434e-02,8.906733648422265892e-02,4.697724275688710052e-03,-2.446454765931221562e-02,1.459056727209813442e-01,1.078749744316952752e-01,-7.611019418998303532e-02,5.415067067484941044e-01,9.805189365878318186e-02,8.749746898005873741e-02,4.013272285732014111e-02,-8.479138036104581777e-02,2.395375686934765047e-01,1.949165087575766009e-01,5.598063585582380153e-02,-9.189043871492401719e-03,2.745512022188057247e-02,3.954374378462966605e-02,1.087225091877146582e-01,1.179143541564694059e-01,3.289518327864642683e-02,-1.377025066112579632e-01,1.954403675337819668e-01,1.048941734276566951e-01,1.005490491333653758e-01,1.179400948042827885e-01,7.325424840618938171e-01,6.321211306592539048e-02,1.572269588097358894e-01,1.259280795175274359e-01,8.965144553431959873e-02,-1.405756343486822268e-01,3.371841153952228054e-01,1.006147034601516527e-01,3.487019612036253852e-02,1.612625120832803793e-01,1.093709551308174877e-01,-7.295722140892980934e-02,5.549716314538108985e-01,4.108149037889508720e-02,9.044592669617376735e-02,8.796473136760671330e-02,7.116466832535695008e-02,-8.644747341262315476e-02,-5.829627541691764087e-02,-1.093432170142522863e-01,-5.839406599833788652e-02,-3.188833173993893544e-02,1.074575335558599076e-01,-2.919695143061941389e-02,4.194482151558066862e-02,1.229113824932886317e-01,-6.004864785929033000e-02,1.272106865044925726e-02,1.613463997549655360e-01,1.029222410060463416e-01,1.833636438203509189e-01,-1.943491293550785037e-01,6.844000374580531121e-01,9.982361321410253285e-02,5.794288482711019289e-02,-1.870567231557072191e-03,-3.252362015184490085e-02,-3.747300375407150441e-02,-6.425233425273702004e-02,-5.264185483264786219e-02,-1.166173426689971065e-02,-5.657946726127968673e-02,1.195291628176246013e-01,1.461313369520175244e-02,-1.530120795165191283e-01,1.712153391309892414e-01,8.882637409067178913e-02,6.197994380541096970e-02,-2.339738763356749018e-01,-4.502716728750594949e-02,6.462054575049899774e-02
-1.360208689998350096e-01,-1.204336499734785793e-01,-7.472570631685335196e-02,-1.312241071381993474e-01,5.683186623768189671e-03,-1.071501526458228937e-01,-3.998725111978820856e-01,1.267723741479399036e-01,1.000000000000000000e+00,-8.784752413797022527e-03,7.015151759907438042e-03,-7.232835279587086774e-02,-3.666116047453693017e-01,1.646040576042842041e-01,9.659267636387149913e-01,-9.830844949539636196e-04,4.256277864056331843e-03,-1.135441273459223029e-02,-1.446067862490256206e-01,1.563598765976781102e-01,5.663814405381019101e-01,4.330036157142351516e-02,-2.078744349541726544e-01,-9.332360593882325916e-02,-1.072164345429065246e-01,5.689377094617924409e-03,-7.682838063711423804e-02,-3.725474374888401163e-01,8.617216376930354749e-02,8.361702758052563800e-01,1.368742583727214183e-03,-8.274632832495106005e-02,7.222732171296781384e-03,-7.057194082065322560e-02,2.319974347512741841e-02,8.641750226139607305e-01,-1.826291027980356252e-02,3.863558372939646796e-02,-2.146388955647102748e-01,-8.076236250647898796e-03,2.778704912890154685e-02,-1.449996637960593027e-01,1.560853591934927564e-01,5.352884364861854039e-01,5.392950360706452034e-02,9.130637503120565823e-02,-1.688939369931992396e-01,1.005776543672193407e-01,5.024219681504017432e-01,6.588643763779840345e-02,5.276782730465976595e-02,-1.549781565741382636e-02,-8.063629601672479830e-02,2.417253319666929148e-02,-4.749094939593007797e-02,5.790560692230053985e-02,-2.653692006479949073e-01,1.448268768404680218e-01,5.117709809943074006e-01,-1.922922645178210856e-03,-1.362843653625027129e-01,5.726025044172431550e-02,8.639610592260108524e-01,-7.437744837463310110e-02,-3.407636313020039748e-02,-1.794225719403198110e-02,-2.728939443109475449e-01,1.137014136217325971e-01,6.334075195148165527e-01,1.184129786753337216e-01,2.450528084405446255e-02,-6.655593179219813915e-02,-1.150970756020141816e-01,1.459408749140124195e-01,5.382885891720833316e-01,2.695154620708825263e-02,-2.216280658693710326e-01,4.992674359875651918e-02,6.901855346678649472e-02,9.932155146429021489e-03,4.802817574917411791e-02,-1.666236271135387165e-02,-8.710741366931308571e-02,-8.914311474276744029e-02,7.275869279223728947e-02,-4.191771488313447008e-02,-4.527757374247138450e-02,-1.923867482204043300e-02,-1.390368278189360873e-01,-5.425055481642168664e-02,-1.241846588686235098e-02,-1.708990988813168660e-02,-3.299890322015631705e-01,1.501238968061119339e-01,8.571965677654640459e-01,3.330883833756942414e-02,-1.677585477116773638e-01,-2.431177095686825329e-01,-1.640519781173979119e-01,-5.439832268444487473e-02,-8.010684359076390704e-02,-1.075137439921543259e-01,-1.928548782115786508e-01,-4.132234153206928301e-02,1.156184224783920501e-02,-2.414359495098024055e-01,8.807876543934781838e-03,4.902045940065584140e-01,-3.352078889355757929e-01,-7.443110400336810928e-02,1.264744990967009430e-01,-7.018024155288733745e-02
-5.592828051847432980e-02,-3.864778665226731302e-02,-6.192755449831959663e-02,-9.455772099751658111e-02,-2.566723571376381199e-02,6.893363705153019438e-01,-9.078874125532933326e-02,2.995277634993452898e-01,-8.784752413797022527e-03,1.000000000000000000e+00,-2.663074699478808205e-02,7.097015507747266305e-01,-9.777036820339315981e-02,2.811455825336887648e-01,-4.015723577165325464e-02,8.860876312534937682e-01,-6.963124534164195738e-03,2.379331503206394416e-01,-9.370333196132177300e-02,1.287145357005282376e-01,-3.405496617401369830e-02,6.578441862603094936e-01,-6.129488207137719774e-02,-8.906708413620036124e-02,-9.402007380897500766e-02,-2.117418899712058752e-02,7.334172269765392160e-01,-9.856963834620223464e-02,1.499258110973325786e-01,-5.792866798011136326e-02,7.518046136490305065e-01,-6.877054860059515773e-02,-2.636609973926153441e-02,6.383154074522768839e-01,2.044381635741109871e-01,-7.901822486966819659e-02,7.735010573794899313e-01,-5.519372997418844212e-02,-1.007767607368948437e-01,-4.499629603793708389e-03,3.099356413636817908e-01,-1.246482885121121126e-01,1.480716812212312383e-01,-3.573426278832303460e-02,6.347501203880837606e-01,2.229357477352641170e-01,-1.359615659171848345e-01,1.127324937431463392e-01,1.280372454390074355e-01,5.358440514371901608e-01,-2.937092103930911274e-02,-1.035399486854034490e-01,-5.721691096968332252e-02,1.716659472729703262e-01,1.062415266111130241e-02,3.036294362246476086e-01,-1.710256752187368501e-01,1.784015262200469576e-01,-2.885606098599344249e-02,-2.609617507510930343e-02,7.478980670159003363e-01,1.889379986675121803e-01,-2.908491450223645719e-02,8.388238204775821938e-01,7.525665415625707420e-03,3.236118085304984793e-01,-1.427748631000092805e-01,1.494576518547441335e-01,-7.699608370182212114e-02,6.068459897193256847e-01,-4.835889129688905564e-04,2.331122131815367426e-01,-9.719797209412744943e-02,1.383774567071405781e-01,-2.474918326917424985e-02,6.665520642223140557e-01,-5.415165220081844671e-02,3.716732929109906047e-02,-1.016805376791828919e-01,-5.410570571770001447e-02,-9.617223776831140825e-02,-3.940981813651182886e-02,1.436918091003741745e-02,1.375297495289299343e-01,-7.778937433051225092e-02,-8.195423811628789468e-02,6.698119843940142371e-02,-1.183408957361127972e-01,-6.909791318101590751e-02,7.528862573387390400e-02,-2.006129696260494297e-02,4.282642328447572866e-01,-1.388739562784454540e-01,1.312159319286035908e-01,-8.673949710673915792e-02,6.753062956453661503e-01,7.883805106301018661e-02,-9.468841831940638665e-02,7.241850300926674922e-02,2.687092352913366192e-02,-7.808185731967924245e-03,2.810224685573439740e-01,-1.875473186397600203e-02,9.539209860816686912e-03,3.168753113385861520e-01,-1.720828324085254546e-01,1.393106571892398227e-01,-1.171256971247705142e-01,-7.223347164819414468e-02,-4.818569926569100936e-02,-1.011827461512556231e-01,-8.570144601770587900e-02
-6.669222941549156347e-02,8.182876089062998681e-02,-6.633111525483084692e-02,-3.212500942363570502e-03,9.898341191450660270e-01,9.232870462770999265e-02,-1.223746771455235111e-01,9.801692212935633752e-02,7.015151759907438042e-03,-2.663074699478808552e-02,9.999999999999997780e-01,2.053647461806949390e-02,-1.134441223058398895e-01,4.697443951984164173e-02,-4.707847541980816203e-02,-3.175559182952757825e-02,7.368945333492883387e-01,1.628689608901504604e-01,-9.825564572989342604e-02,8.079404541682382035e-02,-4.256316466812364030e-02,-3.965891691794701246e-02,-1.044719573803654378e-01,-1.135925258888894479e-01,-1.013966594717902459e-01,9.826728731682848883e-01,-1.679783028384692831e-02,-1.002349883530698621e-01,-6.362643452278589871e-03,-6.121180129417552046e-02,-3.544763989168537438e-02,9.667720505284337074e-02,9.846436023117665082e-01,-4.960764364473836674e-02,-7.695893837219354265e-03,-5.019535406522838972e-02,-3.310478032676177074e-02,-1.456632591070975563e-02,4.564764877533870890e-03,7.456632907763095508e-01,1.232137113369403542e-01,-9.687923593628178232e-02,9.636905631658521099e-02,-2.924159403224697168e-02,-4.887856502102980172e-02,3.432025232194163317e-04,-1.090628513518028947e-01,-4.861253935647625625e-03,-2.998202667691232670e-02,-2.294827022325607660e-02,1.618195286569927838e-01,-7.970123856970404153e-02,9.096765470822185118e-02,1.032034610060859198e-02,8.403365783897653873e-01,8.360798738683575260e-02,-9.813839572865286354e-02,-6.598897621823127113e-02,-1.022052735461778522e-01,9.652635439193268940e-01,2.715471583873301821e-03,-3.569052010635236083e-02,-4.823467263013671291e-02,-1.855315478320076344e-02,8.787822493746344499e-01,1.902266068496430429e-01,-1.463867710843301806e-01,-4.853781347904130572e-02,-5.346217434237374860e-02,-4.364411849331489845e-02,6.880828167853375588e-01,1.907555119714280378e-01,-1.055937527285395888e-01,3.349172159072598409e-02,-3.484929177535520117e-02,-4.769323022363450293e-02,-1.204636945815127230e-01,6.310881802981668787e-02,-8.057520927948781664e-02,-5.629341012189244264e-02,-8.743753228004476352e-02,-5.247879204266512471e-02,-1.134233722902365168e-02,-1.423773120532126346e-02,-1.124654660060155631e-01,-1.258280970348496508e-01,2.503520285914310750e-01,-1.116997597865792072e-02,-1.048207173395269559e-01,4.783923490850332944e-02,9.794391020704867890e-01,1.690300994076155139e-01,-1.196135293684944673e-01,4.244085424778430704e-02,-3.874724292286820665e-02,-4.157212831429447919e-02,1.053018209859093723e-01,-1.362208612343421277e-01,3.586303260457892467e-02,1.528145998561546148e-01,-1.465241831452470112e-01,-4.806037373085994373e-03,-2.306433379059917299e-01,8.540515780207997842e-01,1.004933155752612689e-01,-1.142467227651108308e-01,-4.087031025061441808e-02,-1.149917686127405192e-01,-2.219595959229792581e-01,-3.473492962128219008e-02,-5.046333259721836467e-02,-1.150456079732695147e-01
-5.385400915410050969e-03,-9.574903484745990803e-03,-5.558179847811524354e-02,-9.702828357125953262e-02,1.715214102549274255e-02,9.185736433950941748e-01,-1.254248380886087977e-01,2.481852632791367308e-01,-7.232835279587086774e-02,7.097015507747266305e-01,2.053647461806949390e-02,1.000000000000000000e+00,-1.635639648501988619e-01,2.858314866687617362e-01,-9.660489579065509314e-02,6.713658440149005147e-01,7.451802062276882861e-03,5.702838716008541420e-01,-1.299555837002522862e-01,2.351765525716786598e-01,-1.065775034783018188e-01,5.877297794469014125e-01,3.332034564344667216e-02,-2.129270433370060098e-02,3.518937998245165542e-04,2.999802242642011368e-02,8.793912630734873614e-01,-1.612425595352197372e-01,2.499271537656323483e-01,-7.680267075850079339e-02,5.897758491549844884e-01,-1.246433009237045593e-02,2.483480737602541955e-02,8.927672537538582365e-01,2.999423030644484123e-01,-1.693348350120291446e-01,6.670136239988999627e-01,-6.929875386179286390e-02,1.174256061012891698e-02,1.108366692587062045e-02,5.924773951593834687e-01,-1.306939960608492768e-01,2.540472621728072089e-01,-8.494142575659965888e-02,5.588256573123736581e-01,2.916668005015243259e-01,-1.003277533054932336e-01,1.205468440875446801e-01,5.279678840660118055e-02,4.658314602747782307e-01,-1.951765963478052299e-02,-6.730378889881417914e-02,-8.825965137494767160e-03,1.407402805413429103e-01,2.191129608127993789e-02,3.447151023167230877e-01,-1.687405775026933619e-01,8.134784396763523884e-02,-6.075857033400549473e-02,2.532789606096696663e-02,7.217188470383633092e-01,1.879467458091058363e-01,-1.411576455791640206e-01,7.240296531988456019e-01,2.068764271391235893e-02,4.480163947578341688e-01,-1.724857626793998566e-01,1.514831764791227942e-01,-1.018380132370153152e-01,4.670233385699505968e-01,1.525619052373257921e-02,5.542652549676292395e-01,-1.204092215103940988e-01,2.791206049256120258e-01,-1.134267783091618825e-01,5.869223019549543174e-01,5.160909799297587475e-02,1.011224552952372374e-01,-1.016832641104681439e-01,-5.731422844729341937e-02,-1.224282299766424470e-01,-4.561112351950206284e-02,-1.266649800757019273e-02,1.378672420248265584e-01,-6.215294502979969854e-02,2.899209012424428661e-02,1.068768010820216469e-01,-8.576759976408299124e-02,5.530098078186786170e-02,-3.342789807501194907e-03,1.587842990820140937e-02,7.544582514401403373e-01,-1.937707694964339311e-01,2.682844443008379764e-01,-1.490361849006402728e-01,5.865625965187983848e-01,1.626824230474074318e-01,-2.562413486109878930e-02,1.261346871050631480e-01,1.012048884753058708e-01,4.030624949963419572e-03,2.146665553843880858e-01,4.179842410632027272e-02,2.354236962153045606e-02,4.037635391704116894e-01,-2.047398487041961479e-01,8.119230883809455679e-02,-1.217187499170807735e-01,-3.295698889900266354e-02,-1.122325784460504183e-01,-8.346578489009472135e-02,4.698003211781214689e-02
-6.544432871533127638e-02,-4.884844453492014071e-02,8.117564531722357146e-02,1.006955976804032732e-01,-1.152217557460867986e-01,-2.026365661815668073e-01,9.668664182012766117e-01,-1.821340477139714864e-01,-3.666116047453693017e-01,-9.777036820339314593e-02,-1.134441223058398895e-01,-1.635639648501988341e-01,1.000000000000000000e+00,-1.807066459102766309e-01,-3.320327187326009843e-01,-1.149356713152950293e-01,-8.357289944054425990e-02,-6.299244375503802729e-02,4.406285506667314555e-01,-1.474894608917413641e-01,-3.786166507180702689e-01,-1.597062118298260558e-01,-1.036654241121990894e-01,-9.390267928398907116e-02,-5.515995913792531152e-02,-1.282697584037495731e-01,-1.564986609722595623e-01,9.525987444254274683e-01,-1.372986417864068831e-01,-4.206173306812029389e-01,-1.154880502607473075e-01,2.437546795306064218e-02,-1.181158478289594943e-01,-1.519561869942452625e-01,-1.536100506419489364e-01,-2.926060705586916444e-01,-1.362938625056810682e-01,-1.749526903688674306e-01,1.177548165740093800e-01,-8.895591846450644213e-02,-9.648186384927164017e-02,4.213234397228635131e-01,-1.437253272269531923e-01,-3.613491318088060122e-01,-1.662713532255506721e-01,-1.500704715868458050e-01,3.456756443326498007e-01,-1.607258159654874063e-01,-3.358357155590220300e-01,-1.809919922512556179e-01,-9.099695700791828046e-02,-4.235769062825043424e-02,-9.733419666846739038e-02,-7.200133269506999237e-03,-9.798553297461165545e-02,-1.642345986751303499e-01,5.336586039542914328e-01,-9.698697539619577368e-02,-2.768486688049208166e-01,-9.642198226868081701e-02,-8.467913452965313004e-02,-1.301833268772162877e-01,-2.760953896530725094e-01,-1.059149502519268760e-01,-1.085346664375800990e-01,-1.835095385721669248e-01,6.023837037450211485e-01,-1.441096201190822379e-01,-3.601994438759049677e-01,-1.716302451764334935e-01,-1.076493435636037832e-01,-4.369251137125795131e-02,4.085135660902340926e-01,-1.632159164294568476e-01,-3.670652780446669317e-01,-1.461006147845210212e-01,-8.845000655829175773e-02,-1.569159523992332272e-01,4.338181396015611778e-03,-8.848906777834479598e-02,1.451886613198002385e-01,-6.859724754086655996e-02,3.085747797698548331e-02,-4.543358366432266593e-02,-1.570112352398101707e-01,-5.482311801118952554e-02,2.998290055562774503e-01,-5.349802675334885960e-02,-2.830910917802942697e-02,3.567094922117579059e-01,-1.061374904599734353e-01,-1.820941804475025572e-01,9.006112625542969097e-01,-1.485664352700852286e-01,-3.871349751198241429e-01,-1.575789205559525452e-01,1.760789658443264252e-02,-4.887204305758017370e-02,-1.459416574520965796e-03,5.128055922436973446e-02,1.036797131359307178e-01,1.009218131338375513e-01,-1.188380558692633537e-01,-1.115705841093782291e-01,-1.093790215418869727e-01,5.432995313617953181e-01,-3.123739312775124927e-02,-2.689168454915282780e-01,-4.986388790988793840e-02,-7.080832616647871058e-02,-1.763375252346065791e-01,-6.256328300653443350e-03
-5.578094612235827421e-02,1.556253500740317486e-01,-3.786797844378213956e-02,-6.309325696396118899e-02,2.602299859641560992e-02,1.904475600287565684e-01,-1.744097819413026329e-01,9.132031266853696261e-01,1.646040576042842041e-01,2.811455825336887648e-01,4.697443951984164173e-02,2.858314866687617362e-01,-1.807066459102766309e-01,1.000000000000000000e+00,1.481997196817126106e-01,2.343774350952558816e-01,1.043805795931389974e-01,1.684061642441282425e-01,-1.033907129544079651e-01,6.637184129980021607e-01,4.078621479927248272e-02,1.461241274134038315e-01,8.218214774570875569e-02,-3.068940883769493214e-02,-3.141860185689004936e-02,5.236705986131331286e-02,2.233696110934044188e-01,-2.033886331230478073e-01,7.882458628019700653e-01,1.050933479011952054e-01,1.569542809510709735e-01,-7.298842077909717396e-02,5.807561015345347188e-02,1.971765733265692655e-01,7.442584844296885604e-01,4.804316241554452971e-02,1.451531625142050419e-01,-4.015222529363997317e-02,-9.438967182475303461e-03,1.085160341397581329e-01,1.606885082721540570e-01,-1.058132365564916216e-01,6.359360226472624555e-01,8.294946784165634079e-02,1.336718449837655809e-01,4.390573588797054561e-02,-9.301723215432171343e-02,2.868266656461687658e-01,2.041192750074581064e-01,1.028890375888225212e-01,-7.659305752089338656e-03,-3.184251178426785855e-03,4.625379661789479763e-02,1.019970487127970504e-01,7.868898279486963299e-02,1.394683104983930437e-02,-1.685940503312130523e-01,2.530730046061820948e-01,8.971991704074129548e-02,4.723077959756972338e-02,8.939417114081496529e-02,7.319673051390191976e-01,9.071031944331597874e-02,1.372353589413262132e-01,8.703051763137284458e-02,7.033787693777822370e-02,-1.624365641262821847e-01,4.975544025022738959e-01,7.217391853766810805e-02,8.632090593545047041e-02,1.213186016091676589e-01,1.577558879261068969e-01,-1.019192150499382415e-01,6.805365696158460764e-01,3.895392634328971419e-03,1.479704227359334712e-01,6.427263077812321590e-02,9.135284010945905753e-02,-1.267623940485640421e-01,-8.101213364359927116e-02,-1.471456184712138515e-01,-8.319138435624016947e-02,-1.466106325543564681e-02,1.500718458748623030e-01,-2.334742354941867284e-02,3.175642831371804781e-02,1.834667568142306082e-01,-7.220002211871087705e-02,-7.623676534133378389e-03,2.005455470093891746e-01,5.221544109700965164e-02,2.075425090392206406e-01,-2.262610033270283372e-01,7.747939568520854081e-01,8.463835574677290585e-02,1.152451468455456957e-01,-3.303826786176995017e-02,-3.914542375904903754e-02,-4.612529390435004401e-02,-7.938022930209252814e-02,-5.839731144917837541e-02,-2.908586326665341809e-02,-7.240065501617427846e-02,8.032021266471123244e-02,1.167700501701451551e-02,-1.862619484234920020e-01,2.964385503608875094e-01,5.664145711155239155e-02,5.029532610815606181e-02,-2.593095533387297924e-01,-5.729865359838023225e-02,7.039464271843957899e-02
-1.824505518597269449e-01,-1.496563553921139156e-01,2.890432036032092745e-03,-1.716253654473441081e-01,-4.761796719692751312e-02,-1.426707668901950332e-01,-3.606759676908187218e-01,1.249041008836216798e-01,9.659267636387151024e-01,-4.015723577165325464e-02,-4.707847541980816203e-02,-9.660489579065509314e-02,-3.320327187326009288e-01,1.481997196817126106e-01,9.999999999999998890e-01,-4.650384263795515755e-02,-4.951390200069868269e-02,-2.565021839963407217e-03,-1.428480980616234908e-01,1.528071367411159565e-01,5.931764252411321214e-01,1.206117266003443877e-02,-2.209760135507947421e-01,-7.918805287834472517e-02,-9.445250260287722799e-02,-5.144319858672521256e-02,-1.060327546163648271e-01,-3.448602537948665669e-01,6.257798040734477429e-02,8.853830640276099118e-01,-4.320360719622667878e-02,-1.125931335377090142e-01,-5.444726199353267654e-02,-9.227731544066290759e-02,9.349884259650062882e-03,8.918662915276642789e-01,-5.652020899721377917e-02,8.901985303577421293e-02,-2.045920215232884809e-01,-6.302904791840888143e-02,3.113354695010809442e-02,-1.493360230641529174e-01,1.574196914951888626e-01,5.671278149798612001e-01,2.145807164668902742e-02,8.482339093759794224e-02,-1.732948039046247057e-01,8.533048713315245781e-02,5.276385230182459862e-01,3.635023032959466133e-02,7.199378352566605799e-02,4.066595432136976829e-02,-1.143477686869643073e-01,-5.926491123994673781e-03,-9.630933909760154565e-02,4.147771009696943345e-02,-2.680920543008373791e-01,1.345366206150979127e-01,5.551682130089493628e-01,-5.471678178743521331e-02,-1.766518842826211300e-01,4.081107897296440412e-02,8.620901180311609791e-01,-1.120308684085616624e-01,-8.915215401436964171e-02,-3.665770151010684652e-02,-2.783623757915915098e-01,9.714605504042368722e-02,6.799999573921980955e-01,8.313244040953809977e-02,-3.047277212864476711e-02,-4.852093329224759638e-02,-1.129410505363297734e-01,1.356912550195777667e-01,5.630014417615591960e-01,-6.581068341065540207e-03,-2.373195653404226169e-01,2.772778051800695379e-02,1.146552830208857621e-01,-1.107748875656886650e-02,1.301856302836088275e-01,-3.633872638180415948e-02,-1.011529934860993102e-01,-1.441401579196704974e-01,6.911912717398835393e-02,-3.089131948794235707e-02,-2.859156621746134289e-02,-3.016133138577448830e-02,-1.514832910866515392e-01,-6.459461215646775112e-02,-6.782184427591278486e-02,-2.467403186766483139e-02,-3.004495322026786153e-01,1.438598310013400328e-01,8.899610447044645767e-01,-7.452370554803552753e-04,-1.524034476315862807e-01,-2.023695522728099216e-01,-1.263719333374301035e-01,-2.640299527422570319e-02,-2.932288283483240957e-02,-7.642571471171763497e-02,-1.654569934529395714e-01,-9.296562782612509401e-02,-1.016987657454142963e-02,-2.497761772773344491e-01,7.352044584753729449e-04,5.401617603041773963e-01,-3.245495930744933255e-01,-4.152045742554917596e-02,1.189278873130963365e-01,-8.210333575332560974e-02
-5.391457868008307092e-02,-9.550279335647308618e-03,-5.641875397523719859e-02,-1.090183733575319086e-01,-3.194406199228016358e-02,6.446073642233703938e-01,-1.017026405168766079e-01,1.951316445871420224e-01,-9.830844949539636196e-04,8.860876312534937682e-01,-3.175559182952757825e-02,6.713658440149005147e-01,-1.149356713152950155e-01,2.343774350952559093e-01,-4.650384263795516449e-02,1.000000000000000000e+00,-2.309909343750955746e-02,2.881358236694651076e-01,-1.072711643121384423e-01,1.654941347209518132e-01,-9.038771822412328127e-02,7.964861483772536221e-01,-9.131878337834342663e-02,-7.976396251593820264e-02,-7.485399513675979055e-02,-2.707732651369989738e-02,7.287814807380611493e-01,-1.227228851903472417e-01,1.915394223670479346e-01,-1.027170919488883116e-01,9.526314903035519865e-01,-8.731686637718802380e-02,-3.473067712570319238e-02,6.240234881340532835e-01,2.704504935556625855e-01,-1.181447776598491956e-01,9.503985205576531703e-01,-5.616595697575607615e-02,-7.965160671531393288e-02,-1.813302511687477081e-02,3.669456290261068343e-01,-1.403000344192361082e-01,1.698745482612829261e-01,-9.891553357542486047e-02,7.672509544615913057e-01,2.523525060198666958e-01,-1.484271168652993300e-01,1.573316737509242724e-01,3.969515296373608143e-02,7.055329509875442051e-01,-2.317957391469118930e-02,-1.041766627280852203e-01,-3.076196588187289985e-02,1.607180718821731302e-01,3.342623830247081450e-03,3.184037144231228189e-01,-1.734771515472763592e-01,1.893190443832558634e-01,-1.091342781778060489e-01,-3.376940581633967181e-02,6.970034768367989741e-01,1.964336027062320578e-01,-1.814645608742788269e-02,8.200759260885233104e-01,-7.239710443234177771e-04,3.371512176664643312e-01,-1.644006495957696379e-01,2.078373505802825483e-01,-1.377701047587950312e-01,7.649121813466189801e-01,-1.617123772289916217e-02,2.835865494595232184e-01,-1.080900225261477027e-01,1.955443350800495361e-01,-8.334081884154993791e-02,8.194711854021345943e-01,-8.040211441848572893e-02,1.802289041772102375e-03,-9.456551324122994262e-02,-5.470261849626711914e-02,-9.003334576775537390e-02,-4.089490145653918579e-02,2.201394312023265479e-02,1.141831788327145464e-01,-6.642197395485018030e-02,-7.755522884964226316e-02,8.456917218665895020e-02,-1.046244336671953573e-01,-6.144698143226590137e-02,5.672915223846226179e-02,-2.747815429376889926e-02,4.328296159644042795e-01,-1.513968362491133202e-01,1.575168189987020961e-01,-1.043790642210643133e-01,8.308584809588209774e-01,8.159328393929367318e-02,-9.692554804290640091e-02,8.241292679590708770e-02,5.502711763840710535e-02,1.283081324959694939e-03,2.715212462630084422e-01,1.858830003089378480e-03,4.244465385891831727e-03,3.072954576277471261e-01,-1.749181529802240620e-01,1.603122056359804759e-01,-1.758508330576309120e-01,-1.090177373089411539e-01,-8.993492307106930664e-03,-9.390321934570007578e-02,-8.422177139155723191e-02
-2.248357958339368759e-02,1.062793031742183536e-01,-1.530851139307467558e-02,-4.195398922693069355e-02,7.432032172490488087e-01,4.140066164393592027e-03,-9.646928096261210561e-02,1.472468173547195891e-01,4.256277864056331843e-03,-6.963124534164196605e-03,7.368945333492883387e-01,7.451802062276883729e-03,-8.357289944054425990e-02,1.043805795931389974e-01,-4.951390200069868269e-02,-2.309909343750955746e-02,9.999999999999998890e-01,-5.429312257580150292e-03,-4.890013721136212549e-02,-2.585723581504755300e-02,6.232119254175169567e-04,-4.682027775784314283e-02,-1.291696537259355015e-01,-6.718805370318063630e-02,-2.795212690805321323e-02,7.763549523913328976e-01,6.194171667820835142e-03,-9.559762332412624630e-02,2.567116013615772241e-02,-6.150406349006415363e-02,-3.435471457263907652e-02,1.104824665298952402e-01,7.376161239963758831e-01,-6.011746467221907447e-02,-2.084732060339809095e-02,-3.045849610028099341e-02,-4.313153179672465920e-02,9.485216298857419154e-03,-6.071314608529863183e-02,9.850685009861532837e-01,-1.277841267548468496e-02,-5.478421563001559941e-02,-3.813228857643552461e-02,-6.872581386219004697e-03,-4.901706819154653949e-02,-4.679478613847458390e-02,-4.603543835358066272e-02,-7.878839351327006357e-02,-2.389837783655517772e-03,-4.581545101916481566e-02,2.832251695728487673e-01,-1.587260667023281807e-02,7.608444126103743044e-02,9.306374346232899192e-03,7.105749938757682793e-01,-5.654062466680506716e-02,-9.372341815648074781e-02,-5.134294883292842698e-02,-6.717509636526569627e-02,7.262374821314033779e-01,-2.778726183280756309e-02,-2.908492538491138507e-02,-8.098617813199156246e-03,-1.867287324557744335e-02,7.726340841913970081e-01,-1.382439650054829473e-02,-1.145837045027694595e-01,-3.131397653472925424e-02,-6.281654977302850162e-02,-3.843944223845683489e-02,9.820312601024986376e-01,-1.943559182322426773e-03,-4.693682812565488222e-02,-3.156838851575751587e-02,1.132677550242266670e-02,-4.614428160948653296e-02,-1.261764982460285844e-01,1.202891451459484756e-01,-5.729271482654046260e-02,-3.465526388743431913e-02,-1.367229686808609825e-02,-4.007628331142439049e-02,-4.595429694934928533e-02,-1.994737121467636889e-02,-6.827199940273587231e-02,-5.666361421882732535e-02,1.552572231757855248e-01,6.399113201682591311e-03,-4.955909257871894680e-02,3.222119970932023347e-02,7.866665006586018860e-01,-1.298130064301549445e-02,-1.004776407182952636e-01,2.717294215137521299e-02,-3.766415191404266782e-02,-5.088449495429582525e-02,4.965418233275607079e-02,-1.151294144801049552e-01,-5.939319846803679109e-02,-3.383381740765158130e-02,-1.058231655774993507e-01,-4.972258322940208836e-02,-1.528899580846678485e-01,7.084011206327388566e-01,-3.519139695943380303e-02,-1.082358739349905397e-01,-1.925687174238296592e-02,-7.661581517045804035e-02,-1.600529082731596831e-01,-3.782176387411199936e-02,-2.642505284428681156e-02,-3.963711876672033202e-02
-6.956408592998362950e-02,6.785896235779445042e-03,2.998619887510755450e-02,-9.563133096247670994e-02,1.692950387142204971e-01,5.724796146681633280e-01,-4.742540197344748132e-03,1.002553203739873500e-01,-1.135441273459222855e-02,2.379331503206394693e-01,1.628689608901504604e-01,5.702838716008541420e-01,-6.299244375503802729e-02,1.684061642441282147e-01,-2.565021839963407217e-03,2.881358236694651076e-01,-5.429312257580150292e-03,9.999999999999997780e-01,-1.525535566689192324e-01,3.040138603935170214e-01,-1.000323587270541686e-01,3.454845670248433698e-01,-5.949210801489753647e-02,-7.947349993844472771e-02,-4.696601431902681228e-02,1.712948985301485372e-01,4.275866506076433371e-01,-3.756335968900106209e-02,1.240659687174232029e-01,8.928593728775533270e-03,2.621722650757548623e-01,8.485814044483416807e-02,1.633756453729647284e-01,4.631252069069426436e-01,1.372556383278636105e-01,-3.070165812318245702e-02,2.797694959614127064e-01,5.245494772052363731e-03,-1.667105868709141620e-03,1.143374565890501425e-02,9.145294784774089525e-01,-1.486794824446159013e-01,2.875728438678041843e-01,-8.112580808856249825e-02,3.169945028333772119e-01,3.143366540997020175e-01,-1.762947712992439520e-01,1.555584005736257158e-01,-2.023885758654800880e-03,2.769579763090453950e-01,-5.279499091045993658e-02,-7.599617763041714713e-02,1.221676050693779741e-01,-5.037522176637209553e-02,3.535751388324955002e-02,3.355146745313958290e-01,-1.295158111250490907e-01,3.833071085654719823e-02,-1.857311555462810848e-02,1.625270462040180053e-01,2.439995896646395268e-01,4.598660226447714300e-02,-2.528625436099588356e-02,2.091310840520114733e-01,8.108101792843366851e-03,4.299888258412284947e-01,-1.726332655588144749e-01,7.486462823388410903e-02,-3.606231123883967687e-02,2.239877038563330147e-01,-7.841129228893118502e-03,9.077130767373843279e-01,-1.469867876753511438e-01,3.230383647130108948e-01,-1.078627749232423522e-01,3.158359759101950215e-01,-4.007203494269866856e-02,-1.100246544888220171e-02,-9.253332685766525734e-02,-5.161764952150998953e-02,-6.235537787636891149e-02,-3.914294203416775197e-02,-1.364471032521142289e-02,-1.394727376722301802e-04,-5.229372694362881963e-02,-4.055894210792075627e-02,1.443380781534795154e-01,3.698726317001402308e-02,-7.940374882739480514e-03,-2.269063601943867650e-02,1.223188391184333174e-01,7.833464189972002556e-01,-8.292723178712085863e-02,2.582580262877555710e-01,-3.728262705148244205e-02,3.190071369817849556e-01,1.244445195371012003e-01,-4.314562571026845511e-02,1.681480298270763563e-01,2.490399767880060178e-01,-7.310750838191766576e-02,8.847507272005668277e-02,-6.773053850962504341e-02,3.100665397628235218e-02,4.016600851679142936e-01,-1.505911655228245605e-01,2.479482600472732168e-02,-4.934620974089126699e-02,-1.412693491502008403e-01,-6.449376877444069900e-02,-3.956365123433434883e-02,-5.335037619721018365e-02
-8.311313742969676788e-02,2.261631524763220089e-02,1.131305864507119591e-01,-7.067026000366426197e-02,-9.227794539494628412e-02,-1.203227453003975489e-01,3.731448899487840865e-01,-7.740417954839449999e-02,-1.446067862490256206e-01,-9.370333196132175912e-02,-9.825564572989342604e-02,-1.299555837002522585e-01,4.406285506667314555e-01,-1.033907129544079651e-01,-1.428480980616234908e-01,-1.072711643121384423e-01,-4.890013721136212549e-02,-1.525535566689192601e-01,1.000000000000000000e+00,-2.231409667874699188e-01,-1.933671759330016782e-01,-1.513521367564325260e-01,1.608504840076239173e-01,5.687879592847342597e-02,1.586961473711234749e-01,-1.211647359122371564e-01,-9.904403512965280487e-02,4.987065469114024263e-01,-6.620244425787491505e-02,-1.810389499067031338e-01,-1.048837997001322575e-01,3.025546345678230276e-02,-1.015477747025681637e-01,-8.261951302102935046e-02,-8.774528905447236127e-02,-1.374081058255821330e-01,-1.405094076023831462e-01,-1.894264693114125833e-02,5.182914735985356958e-02,-5.617066755466862404e-02,-1.465544902236782243e-01,9.515489127135146052e-01,-2.309579481466110806e-01,-1.765668576444527904e-01,-1.614781749981048786e-01,-1.154095971673589072e-01,8.025075474809719722e-01,-1.704393291097631991e-01,-1.583218467614040947e-01,-1.430314174985680420e-01,-3.116869431156756368e-02,1.220220891858301848e-01,-7.508695268908163745e-02,8.464049709691011392e-02,-1.119239734185028118e-01,-1.905246674617650654e-02,4.332619111314922056e-01,3.133063938485512734e-02,-1.123039013864085833e-01,-7.066024794628497641e-02,2.889874224276104894e-02,-2.373296812423063284e-02,-1.617572633285097317e-01,-1.232896153910071901e-01,-1.021113707301131851e-01,-8.116915857953660440e-02,6.484173958146846051e-01,-1.049043975890676522e-01,-2.246558122911194444e-01,-9.175511803183848680e-02,-7.024085292622955778e-02,-1.357585501869122968e-01,9.660769176994289387e-01,-2.335930887941796985e-01,-1.711888238653380689e-01,-1.481092767707878344e-01,1.630253735410630844e-01,-5.711797236784827564e-02,-2.663860042723725438e-02,-9.052054829188235785e-02,2.239522838003731725e-02,-9.688044989569362386e-02,-1.120458580054471825e-01,1.743749786756988067e-03,6.600328501493386846e-02,2.433765937815361713e-01,-9.043501578874262037e-02,1.005384070460230497e-02,1.850420877682950882e-01,9.664065088153793448e-02,-9.965188312356937361e-02,-1.270263155089408347e-01,6.562650386815813697e-01,-1.553036075992846599e-01,-2.117187892545636663e-01,-1.498121744675144085e-01,-6.441149038318695619e-02,2.374638764982965361e-04,-8.646701520644047012e-02,3.914332543687825544e-02,3.955289407674911911e-02,1.178734409398720685e-02,4.902475078268959258e-02,-1.110303727295370024e-01,8.331705238698224394e-03,4.064663656288896587e-01,1.141459771296048503e-01,-1.260888994928969775e-01,1.929962464550746548e-01,-1.751504342433227723e-01,3.976559801969321156e-02,2.520085634732562863e-01
-9.293728807183319549e-03,1.460316570443759010e-01,-8.531062456393047333e-02,-2.536138262436131788e-02,6.032641786744451229e-02,1.504981473107710466e-01,-1.282050411280495072e-01,5.572009039915384321e-01,1.563598765976780824e-01,1.287145357005282098e-01,8.079404541682382035e-02,2.351765525716786598e-01,-1.474894608917413918e-01,6.637184129980022718e-01,1.528071367411159565e-01,1.654941347209518410e-01,-2.585723581504755300e-02,3.040138603935170214e-01,-2.231409667874699188e-01,1.000000000000000000e+00,-5.850956277450727189e-02,2.177700961338403518e-01,9.314811918645410360e-02,-5.097656668267706165e-02,-9.663053827275000507e-02,8.040850857995723855e-02,1.421497653839513819e-01,-1.642055951654166623e-01,6.723656710607273101e-01,1.224469468079105172e-01,1.487489870305192807e-01,8.090651378917649780e-03,5.605072849502379384e-02,1.666205998128195143e-01,6.809375129149232153e-01,6.092836370028961723e-02,1.756313936224138950e-01,-5.615694848659841948e-02,4.898712493367420040e-02,-8.410763782805372527e-03,3.015376961195354033e-01,-2.245320126434546537e-01,9.392954000747147925e-01,-1.342926669028321647e-02,1.998418718284644124e-01,1.154275303137295705e-01,-2.032295086396371797e-01,4.895965813871847594e-01,1.120640184429412961e-01,1.821436104733621664e-01,8.129090076717053123e-03,-7.697441248502032152e-02,8.886539350381975066e-02,5.256394474586733451e-02,1.103177376466021598e-01,2.241431611484281591e-02,-1.474382564534047479e-01,3.013924194775725041e-01,5.237026179407325982e-02,4.433140431970217926e-02,6.936761436469106312e-02,6.642799698154600030e-01,9.729547602290618269e-02,1.903807642193134642e-01,1.242056877970353912e-01,6.609225949841454617e-02,-1.895251713058615506e-01,5.164677732478316630e-01,4.882752679514790195e-02,1.342101956133154861e-01,-2.860191030073944152e-02,2.799213015699086315e-01,-2.040411842237386253e-01,9.435725489237912766e-01,-1.046713989637754888e-01,2.141888688619334735e-01,7.243169874179335166e-02,5.480747630136609261e-02,-1.255651152101711909e-01,-9.679026475386018347e-02,-1.676313626435721460e-01,-7.684366885447316275e-02,7.167772848131855057e-02,9.956324889953732660e-02,8.082187455750391644e-03,-3.400445530697974311e-02,1.803737807147368921e-01,5.721971927245249334e-02,-4.994463897506383476e-02,1.946333237858060561e-01,7.903289994762104087e-02,2.296222426529720417e-01,-2.307541603279043008e-01,9.031274606621023660e-01,8.557739275451829719e-02,1.859996642970951353e-01,-6.725422267117026065e-02,-1.317391695615206249e-01,-5.950919833103436585e-02,-6.012466109454175922e-02,-7.233103373849034123e-02,-3.525556559993957284e-02,-1.152570256562679418e-01,1.117261174116979117e-01,-1.253586731327183991e-02,-1.474733278627510802e-01,2.669243309923752250e-01,3.337610146467683697e-02,-9.121098495928671446e-02,-1.684704401953112107e-01,1.422813577413563346e-02,1.368388087287379044e-03
-5.502639258920843934e-02,-6.765621733496665624e-02,3.011067498291915279e-02,-5.087295068124211145e-02,-3.632832666517391701e-02,-1.131015637177187338e-01,-3.858410859124741243e-01,6.808894962112545246e-02,5.663814405381019101e-01,-3.405496617401369830e-02,-4.256316466812364030e-02,-1.065775034783018188e-01,-3.786166507180702689e-01,4.078621479927248966e-02,5.931764252411321214e-01,-9.038771822412328127e-02,6.232119254175169567e-04,-1.000323587270541825e-01,-1.933671759330016782e-01,-5.850956277450727189e-02,1.000000000000000000e+00,-1.173919828394119902e-01,-2.101255081649475998e-01,1.794184270812759774e-01,1.234322078180892929e-01,-5.335334469640740790e-02,-9.279370156334369735e-02,-3.819629664145023917e-01,-6.104011055967955429e-02,7.063170704357829566e-01,-1.011593642140427851e-01,-1.569715255882411439e-02,-4.657061273449028538e-02,-7.201242766494631020e-02,-5.556137192090762622e-02,6.608787851485957709e-01,-1.101869395340866614e-01,4.269123002289831881e-02,-1.944400429546003228e-01,1.229258482706738296e-03,-1.344525603668842717e-01,-1.882928628776270596e-01,-3.382774262497454526e-02,9.282466980029479009e-01,-1.130021855898035998e-01,-1.289708331346858250e-01,-1.881287451037880754e-01,-4.088270909544802073e-02,6.677976682271039577e-01,-1.169107470941261606e-01,1.157028782704583869e-01,8.814703814044311247e-02,-4.916562313453317311e-03,-1.681182856593706476e-01,-6.637801735029648376e-02,-1.068370539871440067e-01,-1.991493839314663616e-01,3.261919662788895918e-02,5.430796016201526744e-01,-3.025770898814925114e-02,-1.060459369039827709e-01,-2.903517330010370670e-02,6.051229327476785880e-01,-8.476044513692579385e-02,-6.984751320547652464e-02,-1.248630681518648755e-01,-2.762694638412128145e-01,1.274812171623615313e-02,6.553523525146215389e-01,-1.140651164156757380e-01,2.106232959255392723e-02,-9.421484414164908727e-02,-1.665693087805982797e-01,-4.639170482896502745e-02,9.640357034294850802e-01,-1.208609346792776096e-01,-2.024048659796473804e-01,9.241985502530301530e-03,1.369263239327944137e-01,1.056970384224523996e-01,1.798020760336220825e-01,7.622706663715564379e-02,-9.491619504834529486e-02,-1.922854959081071735e-01,1.109057328741979015e-01,-8.366377331576412002e-02,-2.932075195408245794e-01,4.579361204493974380e-02,-1.616968072024701775e-01,-4.038332385951723391e-01,-6.135216424034345417e-02,-1.163978925211018312e-01,-3.673504881736428529e-01,-5.585288815185432409e-02,7.303059684610770930e-01,-1.391159223022910563e-01,-1.698256757760435720e-01,-2.044791875056204411e-01,-7.270895422940033825e-02,-5.576178776063540204e-02,-1.670016197490817589e-01,-1.404149511162350594e-01,-2.099690433546534118e-01,-6.726283670862022446e-02,-1.275380661578293384e-01,-2.113231840246801163e-01,-3.696585770156151501e-02,4.986122108725328794e-01,-1.526670601155602491e-01,2.630190879781665880e-01,1.035699185462417016e-01,-1.854174384190104552e-01
-7.021110783990133775e-02,-2.254738208325559462e-02,-5.456569488918067146e-02,-1.113578316206601665e-01,-4.262722990410029722e-02,5.344985144386260600e-01,-1.525933233383544307e-01,8.911277910928060153e-02,4.330036157142351516e-02,6.578441862603096046e-01,-3.965891691794700552e-02,5.877297794469015235e-01,-1.597062118298260558e-01,1.461241274134038315e-01,1.206117266003444051e-02,7.964861483772536221e-01,-4.682027775784314977e-02,3.454845670248434253e-01,-1.513521367564324982e-01,2.177700961338403518e-01,-1.173919828394119902e-01,1.000000000000000000e+00,-1.466520608680110527e-01,-9.603484943136519902e-02,-7.895557257764843073e-02,-3.444626375409499258e-02,6.422938284425573352e-01,-1.736842910934872086e-01,1.306727321945658493e-01,-2.953916259668416659e-04,8.042416006599615308e-01,-1.252026053119335292e-01,-4.930143560265411867e-02,5.375012741686892026e-01,2.634950624475980718e-01,-4.343552443052840079e-02,8.386813745883352489e-01,-3.171802226936538960e-02,-1.618754338170430975e-04,-3.667095718875669486e-02,4.363712065524363859e-01,-1.771879670117051386e-01,2.036543103627439233e-01,-1.212882829448814204e-01,9.885539685053095216e-01,3.292039406843269567e-01,-1.552040762246919559e-01,1.803599427695207202e-01,1.892020202193488154e-02,8.552552147515677383e-01,-3.577599618380008107e-03,-8.454226172905043857e-02,-1.867449981180405172e-02,1.649221531535844387e-01,1.046233499025137244e-02,2.966404037125326409e-01,-2.058420083793748301e-01,9.858506058529777072e-02,-7.290776386670652642e-02,-4.622959380900368287e-02,5.260996404502653601e-01,1.460842087097110609e-01,-7.730768077069144310e-03,6.711701115891792746e-01,9.774990434479536444e-03,3.020508155362640612e-01,-1.856003300934410405e-01,1.470676256642999835e-01,-5.245038254569186348e-02,7.108454526455355582e-01,-4.585744849640951276e-02,3.407195330776576214e-01,-1.380803974731267258e-01,2.502553585043515438e-01,-1.203153539793975907e-01,9.871548261593245943e-01,-1.445530683715340603e-01,2.086486355479487756e-02,-5.826102838945703549e-02,-3.955906860024981792e-02,-9.840280460876200952e-02,-2.965268903798854577e-02,-1.404361220563859688e-02,1.249302265203623835e-01,-6.751666823191963818e-02,-6.208720856248860220e-02,1.002659029315083883e-01,-1.085227053052995466e-01,-6.763029281074038612e-02,2.913395209691019977e-02,-2.392195546555008281e-02,4.046681142297884892e-01,-1.865545114035827567e-01,1.776678912984080982e-01,-2.920866355040801360e-02,9.561732023014588577e-01,5.716720517434938087e-02,-9.963060846961047101e-02,8.369381233117884067e-02,7.042102099376931768e-02,-2.882030523027754795e-02,2.210018389941708350e-01,2.791159440551851251e-02,1.279943868566950360e-02,2.737400330959851580e-01,-2.189724506605432996e-01,1.019857423824876153e-01,-1.177483060406532278e-01,-1.778092582788388110e-01,1.497515212005057390e-02,-8.741295450241434728e-02,-9.095896696714908525e-02
2.198621197899244262e-01,4.778129675945998883e-02,-3.004858555629403780e-02,1.436221898413299000e-04,-1.136071081640917385e-01,2.366517770266903659e-02,-1.001006463188605783e-01,1.046300557605266551e-01,-2.078744349541726544e-01,-6.129488207137721162e-02,-1.044719573803654239e-01,3.332034564344666522e-02,-1.036654241121990894e-01,8.218214774570875569e-02,-2.209760135507947421e-01,-9.131878337834342663e-02,-1.291696537259355015e-01,-5.949210801489754341e-02,1.608504840076238895e-01,9.314811918645410360e-02,-2.101255081649475998e-01,-1.466520608680110527e-01,1.000000000000000000e+00,3.382534316021472143e-01,2.631130247821969470e-01,-1.220605855984964183e-01,2.085085484796662253e-02,-3.837685944110142550e-02,1.909222910352518787e-01,-2.006717499536774807e-01,-1.043775940730232860e-01,6.809789366287991030e-02,-1.160288106824375193e-01,1.776904189845635897e-03,7.392584217250050549e-02,-2.367104190368751748e-01,-1.253344272182234931e-01,-1.369802064834314305e-02,1.479087846533618245e-01,-1.217997486350276132e-01,-4.940369342372291639e-02,1.490407635505145711e-01,1.093373265155853508e-01,-2.190895869199907808e-01,-1.500065871949262664e-01,1.416698298083151064e-01,2.171513379473709038e-01,2.643737429409958595e-01,-2.166131945263277958e-01,-6.767145135574514914e-02,-6.726060468810464432e-02,1.645408071163267372e-01,-6.392885787668528552e-02,2.158229481653193838e-01,-1.158954433213416069e-01,9.403248180941733980e-02,9.577436277089934613e-02,2.075955226782523477e-01,-2.359885361578932528e-01,-1.040852060992102091e-01,6.058448356397645729e-02,1.244132953861586399e-01,-2.544267536037297384e-01,-6.628545645019148780e-02,-9.408804951243487924e-02,4.902742261636806875e-02,1.495430394453842460e-01,2.106024618918144742e-01,-2.896802370696991424e-01,-8.207258626306840332e-02,-1.232250710222560219e-01,-9.120006568449032236e-02,1.722442162066621096e-01,6.590319003208423843e-02,-2.098885104915415856e-01,-1.425426179044498309e-01,9.789522503872191139e-01,2.234153732416845062e-01,-1.785313137473629741e-01,-7.132489185739546156e-02,-2.611454663489221062e-01,-6.672704522012597173e-02,-3.393950814244929906e-03,2.480113531262195803e-01,3.181655476425071516e-01,4.872154815189950194e-01,-2.345171831619339842e-01,2.961334406358229199e-01,5.017456102007636920e-01,-2.784934840998439052e-03,-1.133194553487361644e-01,4.281909050184347365e-02,-3.026975619778984883e-02,9.228167866318418011e-02,-3.505921042159101941e-01,-1.258346634538442532e-01,-1.081778503717810147e-01,1.562761267171484392e-01,-9.165283086543708768e-02,-1.757159613439452372e-01,-8.256638172650869467e-02,-1.910355999216612477e-01,4.142464948480688025e-01,-1.046541719124936959e-01,6.346713033288993444e-02,1.010239784074272590e-01,1.358708066134158288e-01,-2.299315337408826265e-01,6.619235384782752307e-01,-3.427648105501497899e-01,2.700211948050452726e-01,4.542084949602978039e-01
9.944602536999436193e-02,5.665537174730005121e-02,7.155503003260295369e-02,-1.496860085098957946e-02,-1.107177180104918085e-01,-1.425726193468833218e-02,-1.075016219799162231e-01,-1.638016802157470433e-02,-9.332360593882324529e-02,-8.906708413620036124e-02,-1.135925258888894340e-01,-2.129270433370060445e-02,-9.390267928398905728e-02,-3.068940883769493561e-02,-7.918805287834473905e-02,-7.976396251593820264e-02,-6.718805370318063630e-02,-7.947349993844474159e-02,5.687879592847343291e-02,-5.097656668267706859e-02,1.794184270812760051e-01,-9.603484943136518515e-02,3.382534316021471588e-01,1.000000000000000000e+00,4.839794190123398732e-01,-1.147807709256779135e-01,-5.445845087480937798e-03,-9.786788985605643365e-02,3.418126321038364446e-02,-3.524535683473035193e-03,-7.743432588009993567e-02,5.034523527095534357e-02,-1.167934161786678832e-01,5.459368620030511992e-04,1.475234561649709474e-02,-3.812835773030017611e-02,-7.066865051902096462e-02,2.452522495880084946e-02,-5.099185013011815586e-03,-7.245137708967006041e-02,-1.007500856534234851e-01,4.836105731739973046e-02,-3.369294342371009776e-02,1.433337482221423709e-01,-9.948305920718887585e-02,-7.216250617141704848e-02,1.033481790677103218e-01,-3.597843499682794322e-02,4.278494580166521469e-03,-8.834874966147050757e-02,8.751460557838268428e-02,1.965926206282363198e-01,6.201194264998614349e-03,-3.972874968077047542e-02,-1.001211991924833011e-01,-5.015034538743844833e-02,2.983042854828382370e-02,-4.662857032699782578e-02,-3.388834857475869766e-02,-1.113032699922252983e-01,7.437046629071126895e-03,8.353863164340150430e-03,-7.512334828582813151e-02,-5.829098071939906034e-02,-9.377762273708936669e-02,-2.654281012113592075e-02,1.635213407041663167e-02,-1.258384443218849708e-02,-2.240929374931509982e-02,-6.893706408981305211e-02,-6.795607898571942584e-02,-5.732654665718207171e-02,8.114426143649493273e-02,-6.810990248784053180e-02,1.684743124173768980e-01,-9.699083268347728770e-02,3.612803554125932348e-01,6.157873098141952023e-02,-6.517855220045808140e-02,-2.476947880325639645e-02,-1.507370044583379240e-02,-3.618240137128612977e-02,-1.175674829270468708e-01,-4.619695230993922652e-02,6.633361528453621814e-01,2.189080318654305357e-01,-2.856863815932509376e-01,5.924247201503497484e-01,1.681037439515625509e-01,-1.918736228934515842e-01,-1.200069999233235873e-01,-6.364597382914811974e-02,-9.129493743909640469e-02,-6.872434484177508685e-02,-8.007645627346661465e-02,-9.692942189078772308e-02,-1.191836753465636348e-02,5.891229724731347761e-02,-5.090015192351661499e-02,-1.531820827151058467e-02,-4.776856733799667021e-02,-4.884837979027439880e-02,8.314752089626936682e-02,-1.033148550629488238e-01,-4.745881401534676053e-02,3.346506395886802293e-02,-6.143673410463678514e-02,-2.684946268017677010e-02,2.410975512716941049e-01,-2.191611974322114076e-01,5.534244282924882796e-01,1.411287005351736790e-01
-1.003741099225903682e-01,3.892488581871191011e-02,3.118385376751555207e-02,-9.631740003300914843e-03,-9.730885607175789043e-02,-5.354554552675174807e-03,-6.750041156506583762e-02,-5.341440536666120648e-03,-1.072164345429065108e-01,-9.402007380897500766e-02,-1.013966594717902597e-01,3.518937998245165542e-04,-5.515995913792531152e-02,-3.141860185689004936e-02,-9.445250260287721411e-02,-7.485399513675980443e-02,-2.795212690805321323e-02,-4.696601431902681228e-02,1.586961473711235027e-01,-9.663053827275000507e-02,1.234322078180892929e-01,-7.895557257764843073e-02,2.631130247821970025e-01,4.839794190123398177e-01,9.999999999999997780e-01,-9.663572084540204832e-02,-5.390255116562114174e-03,-4.574131077674698648e-02,3.011971341014177059e-02,2.608073943191252780e-03,-6.678807160927403841e-02,-1.305245211708047637e-01,-9.950299916947989709e-02,2.818076335398099139e-02,1.126245898361676566e-02,-1.097213419543996843e-01,-6.906382206488585751e-02,-3.238740186943830923e-02,8.926928278300703956e-02,-3.717590722783031126e-02,-4.972109534910425926e-02,1.490623781525230174e-01,-7.355098443518770512e-02,1.306410036372392669e-01,-8.624056679472202891e-02,-3.923146517092311603e-02,1.344534139720634514e-01,-2.187028477740163290e-02,-6.575871774493845245e-02,-8.172589960678258714e-02,2.504250971048579966e-02,1.090589644519551343e-01,-2.808474921124145054e-02,2.180484424947388422e-01,-9.111354587141562433e-02,-4.104000415199280521e-02,1.149935678089831631e-01,-4.541600586349651275e-02,4.941472843077330743e-03,-9.387096247416312766e-02,1.178084218648241602e-02,-1.578567273813143287e-03,-2.033997423478253186e-01,-7.811753928460808682e-02,-8.138638320583192753e-02,-2.392121473961832459e-02,1.073795142538739034e-01,6.111931803890495452e-02,-4.136980605925161952e-02,-9.737968299349461510e-02,-2.970678098511409307e-02,-1.839687378519994435e-02,1.916924433137341122e-01,-7.507435393311848171e-02,1.052745028792297088e-01,-7.813328198156616056e-02,2.637973008683941467e-01,2.416242943623582162e-01,-1.333403613392122600e-01,-4.898410857790998912e-02,-1.128360555411611899e-01,-6.085229744809943220e-02,-1.031448985122746936e-01,1.181532899633605527e-01,2.267181029248336588e-01,5.480340716000561274e-01,-1.869795511864214554e-01,1.284177970992422813e-01,3.870178837905018376e-01,-9.258286483532800204e-02,-9.733974278983648087e-02,-4.585142869717938330e-02,-3.585820768599173869e-02,-7.361263097492057317e-02,-7.335919680770228157e-02,-8.001183378855072914e-02,3.318898441332494842e-02,2.188073164641453627e-01,-4.349862699434296071e-02,4.091769005188580083e-02,-3.544275963546063279e-02,-8.850926530551121718e-02,2.775300134149333298e-01,-9.110424731312133373e-02,-3.499957699439747855e-02,1.024170353423004137e-01,-2.230311878358854846e-02,-1.625901274064331728e-02,3.459728003251935080e-01,-2.579416154016048734e-01,1.587997077035186166e-01,4.653116829369971508e-01
-6.489543451701648702e-02,6.444332280665839019e-02,-7.786683168931210486e-02,-1.441561666505915620e-02,9.743385826548688344e-01,9.910285550576962421e-02,-1.347285658580855139e-01,1.073818573211407501e-01,5.689377094617925276e-03,-2.117418899712058752e-02,9.826728731682848883e-01,2.999802242642011368e-02,-1.282697584037495731e-01,5.236705986131331286e-02,-5.144319858672521256e-02,-2.707732651369989738e-02,7.763549523913328976e-01,1.712948985301485094e-01,-1.211647359122371703e-01,8.040850857995723855e-02,-5.335334469640740790e-02,-3.444626375409499258e-02,-1.220605855984964183e-01,-1.147807709256779135e-01,-9.663572084540204832e-02,1.000000000000000000e+00,-1.082142972809182688e-02,-1.232038191784489839e-01,-1.476443107404597568e-02,-6.359676920616948170e-02,-3.523610211457893493e-02,9.046148331355356731e-02,9.745788288516539222e-01,-5.299512972160132229e-02,-2.631458525955498312e-02,-5.260201532348356829e-02,-2.945339785242355804e-02,-4.760121948760752224e-03,4.907092313565649191e-03,7.822126524036306927e-01,1.315004307268937689e-01,-1.173333115626021828e-01,9.230557919256007771e-02,-4.047066346856954128e-02,-4.503365317791834660e-02,2.897765069634593727e-03,-1.276945000974546440e-01,7.370238817807686464e-03,-3.966124123808503071e-02,-1.969366701191283681e-02,1.667448684043313090e-01,-9.508798916266100743e-02,8.376077070037812877e-02,1.196181266994514845e-02,8.566990988880156532e-01,8.533554402575539710e-02,-1.160581394010640199e-01,-4.834655820859416059e-02,-1.042987840476368305e-01,9.364164858440723327e-01,-3.581054872314874595e-03,-4.393315687877424186e-02,-4.900617772217890494e-02,-1.588958996380379282e-02,8.939921650265835185e-01,1.787907899126189026e-01,-1.628756012828853350e-01,-5.469800016002563520e-02,-6.045459860225717297e-02,-4.350523698209949469e-02,7.406301812844550136e-01,1.973125800824212239e-01,-1.271557319074741177e-01,3.988220833971800605e-02,-4.755576772575943051e-02,-4.498582417484165569e-02,-1.361987546525266490e-01,6.385336570152362612e-02,-8.015049967599896519e-02,-5.536507560502056807e-02,-9.233032224309528635e-02,-5.410605209721678494e-02,-2.289633046182319807e-03,-8.823024956405247157e-03,-1.105441605798045956e-01,-1.258598413447142572e-01,2.291612009129264937e-01,-4.918420690985947884e-03,-1.123666898240020112e-01,3.886608535321533359e-02,9.806565104987444714e-01,1.692061530710291251e-01,-1.378581372337407684e-01,5.344014932338943952e-02,-4.281999458988134527e-02,-3.936238030662200793e-02,1.241004269947674765e-01,-1.378788346978961354e-01,3.396094365423450723e-02,1.479239680873174201e-01,-1.438919622471332149e-01,-1.527423712952995661e-03,-2.179081759815164332e-01,8.699361155718917660e-01,9.765850992520835883e-02,-1.283268099217888258e-01,-5.414592210227066327e-02,-1.114719216989222689e-01,-2.240257659681689495e-01,-3.066779402347583755e-02,-4.867628366148077368e-02,-1.123100260551391921e-01
-7.568648958856147128e-03,-1.844433123966382829e-02,-6.018005913746153623e-02,-1.331797525396944681e-01,-8.116913958264339313e-03,8.735637798924333897e-01,-1.269331431253161724e-01,1.874724444450941163e-01,-7.682838063711423804e-02,7.334172269765392160e-01,-1.679783028384692831e-02,8.793912630734872504e-01,-1.564986609722595623e-01,2.233696110934044188e-01,-1.060327546163648271e-01,7.287814807380611493e-01,6.194171667820835142e-03,4.275866506076433926e-01,-9.904403512965281875e-02,1.421497653839513819e-01,-9.279370156334369735e-02,6.422938284425573352e-01,2.085085484796662253e-02,-5.445845087480936930e-03,-5.390255116562114174e-03,-1.082142972809182688e-02,9.999999999999998890e-01,-1.570646213262156532e-01,1.893895701370842122e-01,-1.038154145157650365e-01,6.937236791859131557e-01,-4.257445591607179891e-02,-5.247377391921478895e-03,8.466959089137290340e-01,2.366061156203303761e-01,-1.625914209888521256e-01,7.164175848348487419e-01,-5.836353815385603161e-02,-4.502005151453947890e-02,4.634494897328768868e-03,4.750933019340505825e-01,-1.111612299985171581e-01,1.602700337113740492e-01,-9.022035134446160232e-02,6.203286198449038391e-01,3.255510963877525921e-01,-6.722990791973319780e-02,5.253816047521125271e-02,1.449979508876193812e-02,5.423464665668390472e-01,-4.351439424768794445e-02,-5.434949045291678771e-02,-2.050446835222860184e-02,1.308892135190233841e-01,-2.677617725019586226e-02,4.029183151151237707e-01,-1.604084398688336299e-01,1.074712498195996430e-01,-9.684602296569937152e-02,-5.186995717508985186e-03,7.566747400861406625e-01,1.496521131625538903e-01,-1.436403283891983518e-01,7.305180434629350295e-01,-3.147509533900307022e-02,4.652458937583754395e-01,-1.628425233871643174e-01,1.711015439853564302e-01,-1.076728304527683894e-01,5.750006968531119478e-01,2.158884043349231993e-02,4.127250909354122088e-01,-9.751696729612668868e-02,1.679824389085937952e-01,-1.025663263854062063e-01,6.385379606687309195e-01,3.636772966975094362e-02,6.975614425896574378e-02,-9.914636540745662419e-02,-4.627332174616525379e-02,-9.494326747797109112e-02,-4.256911265383901688e-02,3.870334717528451512e-02,1.098807511077756760e-01,-6.855471341420951714e-02,1.145084696272483625e-02,4.578640496919530317e-02,-8.793278126059154987e-02,3.788625952666425933e-02,-1.583128687205352658e-02,-2.213390975102600550e-02,6.752039850048886516e-01,-1.819269974614853014e-01,1.774035759501566556e-01,-1.529616466047108436e-01,6.464913953681218350e-01,1.046597086624204143e-01,-3.295798382579349234e-02,8.878832963373343989e-02,6.489806687790140860e-02,-2.021321767391275927e-03,2.224703853218967520e-01,6.314828743161918223e-02,-3.181693228830152764e-02,4.439905707235951571e-01,-1.935707456174024510e-01,1.415008250291979741e-01,-1.368505583203219189e-01,-4.297443924123489634e-02,-6.795522076062916750e-02,-9.023110569176073792e-02,2.068856235706522176e-02
-7.695870588607471585e-02,-9.494573934242730995e-02,4.876078443935378398e-02,1.445732476619404905e-01,-1.005898658337904539e-01,-1.826035294203187109e-01,9.223800671190177658e-01,-1.895983854968938398e-01,-3.725474374888401163e-01,-9.856963834620223464e-02,-1.002349883530698621e-01,-1.612425595352197372e-01,9.525987444254274683e-01,-2.033886331230477795e-01,-3.448602537948665669e-01,-1.227228851903472417e-01,-9.559762332412624630e-02,-3.756335968900106903e-02,4.987065469114023708e-01,-1.642055951654166623e-01,-3.819629664145023917e-01,-1.736842910934872086e-01,-3.837685944110143244e-02,-9.786788985605641977e-02,-4.574131077674698648e-02,-1.232038191784489978e-01,-1.570646213262156810e-01,1.000000000000000000e+00,-1.686177988680705175e-01,-4.418545532514733809e-01,-1.264886088876940595e-01,4.566537329488642993e-02,-1.093893249816875607e-01,-1.360012683241147990e-01,-1.795310359804437039e-01,-3.114730632219783191e-01,-1.492796701152302175e-01,-1.630949939268321880e-01,1.274144004866752666e-01,-9.949807297212630297e-02,-7.203147766772842464e-02,4.902487761544314093e-01,-1.596257750375850992e-01,-3.615372265631447424e-01,-1.789180382698571381e-01,-1.503761215472952106e-01,4.074926574704353377e-01,-1.716837817082823570e-01,-3.390514643777971515e-01,-1.860657160956314116e-01,-9.117799839588335009e-02,1.225537912622618429e-02,-1.302626330885719441e-01,3.222928535316543081e-02,-9.089299387684093845e-02,-1.511532192492335835e-01,6.170333356933286328e-01,-8.914953592980691399e-02,-2.865968041981133974e-01,-7.765240897167022260e-02,-5.996958053062884098e-02,-1.328719629408573744e-01,-3.008826476223638302e-01,-1.050363813384164319e-01,-1.042217623013875771e-01,-1.885957756094462090e-01,6.995888726565815396e-01,-1.777488360354272934e-01,-3.774030533324356784e-01,-1.847340399216631512e-01,-1.244105306031143693e-01,-4.704840440536433438e-02,4.537963067437286169e-01,-1.836485260112140361e-01,-3.679733334115712351e-01,-1.585669669515245295e-01,-2.600246884393720911e-02,-1.017291035984544678e-01,-3.566567912978843569e-02,-1.042994151248901463e-01,7.262055891442803501e-02,-8.304328710940071800e-02,3.889440196922989285e-02,2.755928782339247055e-02,-1.466761063044193236e-01,-2.404354232530865609e-02,2.753901259989870454e-01,-5.023394330578680178e-02,-1.491735983009499431e-02,3.428579951964366712e-01,-9.243320882616996859e-02,-1.728833266801836910e-01,9.227630863957152485e-01,-1.743093402739182840e-01,-4.057997042336057292e-01,-1.751643005286926125e-01,-1.209057255724849123e-02,-3.206827473257536920e-02,-2.537040152532238357e-02,-6.074171604343108280e-03,5.134723668226845450e-02,2.847053816397935797e-02,-8.344669182133661323e-02,-1.038403094837695578e-01,-9.887747544316836945e-02,6.350693605635771011e-01,-4.012221162451422296e-02,-2.844771708134818944e-01,8.733788510685359593e-03,-9.377717018452789988e-02,-1.620789669263402177e-01,3.192428624628888822e-02
-3.060763854759431662e-02,2.954879696488014740e-01,-1.305664135966340574e-02,-1.602213818357018371e-01,-2.198361492074257101e-02,1.559236278684616173e-01,-1.344280154151243356e-01,6.533650416379057635e-01,8.617216376930356136e-02,1.499258110973325508e-01,-6.362643452278589871e-03,2.499271537656323483e-01,-1.372986417864068831e-01,7.882458628019700653e-01,6.257798040734477429e-02,1.915394223670479623e-01,2.567116013615772588e-02,1.240659687174232029e-01,-6.620244425787492892e-02,6.723656710607273101e-01,-6.104011055967956123e-02,1.306727321945658771e-01,1.909222910352518787e-01,3.418126321038364446e-02,3.011971341014177059e-02,-1.476443107404597742e-02,1.893895701370842122e-01,-1.686177988680705175e-01,9.999999999999997780e-01,3.477173904722252913e-03,1.545226034893600886e-01,-8.393076825980351485e-02,-2.941938782226831330e-03,1.865191548229556129e-01,8.076424658331690098e-01,-5.190518033811546139e-02,1.610509112876348237e-01,3.869453815391030171e-02,2.055011057033215207e-03,3.654149417776225706e-02,1.102670440840346627e-01,-7.789440808580783138e-02,6.614885976399986767e-01,-3.690243629210402526e-02,1.175874939890175913e-01,5.395890517515983947e-02,-6.668111546148623725e-02,3.850667168302052690e-01,1.067128832474932426e-01,1.070972104658573787e-01,-2.951347051128336285e-02,-1.954993037829758085e-02,1.589815332019926530e-01,6.251196636492033221e-02,1.780117310941729467e-02,3.478835928378037901e-02,-1.213935487139592567e-01,3.905223349252885945e-01,4.099433129804394864e-04,-6.267408792235789478e-03,1.606569669766716724e-01,7.365113085163751405e-01,1.664342385254402460e-03,1.734136737254653171e-01,3.168284517568384362e-02,9.600657144824674416e-02,-1.193753299334424506e-01,6.357004730919436630e-01,-4.102050608399631509e-02,9.989646449603216405e-02,3.572911682604988648e-02,1.245561294884802717e-01,-5.922947769697523707e-02,7.296411441499494055e-01,-1.008566924866177855e-01,1.352165693082852949e-01,1.802977599924340812e-01,4.305005245020679383e-02,-1.057131597407657136e-01,-4.888920861149327612e-02,-1.419050130820103950e-01,-4.909116937718537022e-02,2.518937345411415029e-04,8.230763941440374931e-02,3.599507510764211882e-02,1.135822087761623744e-01,1.650096112398679871e-01,-3.354150698516436546e-02,6.538670881042751848e-02,1.873692609066764381e-01,-1.296727589189244564e-02,1.707764793756456068e-01,-1.910442864802992524e-01,7.816978637909428596e-01,-2.928222084427585872e-02,1.188961397999849512e-01,-5.517608439490098715e-02,4.677098162697534978e-02,-5.542589015497163124e-02,-6.274484693419993264e-02,2.030571048082626534e-02,-3.615477906093726712e-03,9.909627119136368151e-03,1.850275464702962405e-02,6.249793545843584756e-03,-1.397552373874024756e-01,4.215423592428772515e-01,-2.931667858672204821e-02,1.479008729445688286e-01,-2.526874054536322189e-01,1.999584755622984752e-03,1.307353251460281751e-01
-1.441706953567735150e-01,-8.526198879150095888e-02,3.016703004328016163e-02,-1.835036333654253282e-01,-5.854826876534196395e-02,-1.318633215042191442e-01,-4.204180194429193440e-01,1.165491401288870216e-01,8.361702758052564910e-01,-5.792866798011136326e-02,-6.121180129417552740e-02,-7.680267075850077951e-02,-4.206173306812029389e-01,1.050933479011952193e-01,8.853830640276100228e-01,-1.027170919488882977e-01,-6.150406349006416057e-02,8.928593728775533270e-03,-1.810389499067031338e-01,1.224469468079105172e-01,7.063170704357830676e-01,-2.953916259668416659e-04,-2.006717499536774807e-01,-3.524535683473035193e-03,2.608073943191252780e-03,-6.359676920616948170e-02,-1.038154145157650504e-01,-4.418545532514733809e-01,3.477173904722252913e-03,1.000000000000000000e+00,-9.441569472182838318e-02,-9.357924903469769240e-02,-6.712825706273396753e-02,-7.927837099929138653e-02,9.998844255705820888e-03,8.326164914070715017e-01,-9.835644253105498003e-02,1.234303106279658474e-01,-1.829367884158173418e-01,-6.699916878019582245e-02,2.844653529019737850e-02,-1.747024284401545724e-01,1.270271414018879774e-01,6.937044509628673694e-01,1.336501362134757953e-02,6.622740297645476892e-02,-1.923794948010657535e-01,8.387723184573876722e-02,6.023550380752665800e-01,-1.709279803367635183e-03,1.081241498879487034e-01,5.444166090936471136e-02,-3.322303317754182056e-02,-7.785874510583788710e-02,-1.053961360976387734e-01,-6.455474528347946231e-04,-2.984475574662981412e-01,7.195478065858992855e-02,6.535341098687634798e-01,-6.903850580022347083e-02,-1.667486832276247055e-01,2.632108916848186972e-02,7.487183190176680547e-01,-1.047307930727124359e-01,-9.797535434931001208e-02,-2.054065562289284635e-02,-3.412133668382343887e-01,6.047761491767471992e-02,7.714922997380725400e-01,6.049102221914087057e-02,-4.562809994362648780e-02,-2.004947189234332697e-02,-1.492417834686798894e-01,1.098680661492556498e-01,6.705190146273027896e-01,-2.971148168405863058e-02,-2.074048195134720607e-01,1.074495309674716216e-02,1.510254319759669339e-01,3.885440429584020167e-02,1.845243803317624109e-01,1.339412771823976327e-02,-1.617890709672770155e-01,-2.250450429705116995e-01,1.554534138772434293e-01,6.908135065627429849e-02,-1.413129969522019802e-01,3.382458347617532668e-02,-5.946226422629102143e-02,-2.473042362305056252e-01,-7.813440471255717057e-02,-2.753742254198720055e-02,-3.729638113725335935e-01,1.041914369752357100e-01,9.195743268648114421e-01,-2.039625747471742606e-02,-1.511808853297836319e-01,-1.942797610647377937e-01,-9.311753247692756974e-02,-1.159127593337219708e-02,-6.203442138009336582e-02,-5.700000973219183226e-02,-1.344872859030558088e-01,-9.891384606944661484e-02,-2.447961167832917936e-02,-3.210424580336095346e-01,-2.278820261641012479e-02,6.268225329987738847e-01,-2.598606352448648016e-01,5.561812602157838181e-02,1.919786995911602623e-01,-4.143227669866105661e-02
-4.401192414445807832e-02,-1.304548258998784044e-02,-5.679645384740156233e-02,-9.451405577245219902e-02,-3.242226334712924180e-02,5.585527405838666137e-01,-1.022249383464980538e-01,8.745256526951925014e-02,1.368742583727214183e-03,7.518046136490305065e-01,-3.544763989168537438e-02,5.897758491549844884e-01,-1.154880502607472936e-01,1.569542809510709735e-01,-4.320360719622667184e-02,9.526314903035520976e-01,-3.435471457263907652e-02,2.621722650757548623e-01,-1.048837997001322575e-01,1.487489870305192807e-01,-1.011593642140427851e-01,8.042416006599615308e-01,-1.043775940730232860e-01,-7.743432588009993567e-02,-6.678807160927402453e-02,-3.523610211457892799e-02,6.937236791859131557e-01,-1.264886088876940595e-01,1.545226034893600886e-01,-9.441569472182839706e-02,1.000000000000000000e+00,-1.011054927540187276e-01,-3.471736149451659648e-02,5.786035599411517572e-01,2.379414978830191874e-01,-1.229746883293664217e-01,9.650556952278205314e-01,-7.687002157326128238e-02,-5.602388871296419548e-02,-2.929967781070322991e-02,3.282715783940005072e-01,-1.354806594012705201e-01,1.513134843524910345e-01,-1.117877227756621378e-01,7.730818098430319862e-01,2.418150302247998318e-01,-1.127889687746266717e-01,1.371574047378788797e-01,-2.211150150914127643e-02,7.269163423889771769e-01,-2.810885936428925494e-02,-9.142519819485345201e-02,-2.566207922112477557e-02,1.516786020935369794e-01,-1.529274298947834107e-02,2.777476905046924460e-01,-1.459836552457747239e-01,1.255839273124672861e-01,-1.301542757383897519e-01,-3.899979178904994931e-02,6.234471688586002980e-01,1.397757717543095524e-01,-2.420092658647222950e-02,7.631359437753250097e-01,-1.719930381872606176e-02,3.046961853182442170e-01,-1.435461414937050928e-01,1.910883976170309473e-01,-1.490043659287220990e-01,8.062121415071715758e-01,-2.876020459381106384e-02,2.596299361566082320e-01,-1.032950358579751426e-01,1.715130156270712747e-01,-9.693575880184136795e-02,8.306876929108782948e-01,-9.893042748772797046e-02,1.571219701632116730e-02,-8.847015293264107183e-02,-4.324580834278296537e-02,-9.092303705041046569e-02,-3.136562934667674191e-02,7.474999953207706743e-03,1.091547118105632291e-01,-6.176455582776264885e-02,-4.605229476643104419e-02,7.285570547533153085e-02,-8.570452047698151610e-02,-4.782824786909645187e-02,3.254994674153144970e-03,-3.537581372903000204e-02,3.715550208030993229e-01,-1.427432228191177210e-01,1.159618111231422305e-01,-9.264548546625814285e-02,8.449207371208508066e-01,5.118848902410315371e-02,-8.440000791361625121e-02,7.266934507303156321e-02,5.320164437854930234e-02,8.474509808499662697e-04,2.528440972814107734e-01,3.598629923288967913e-02,-1.556532243344067867e-02,2.757862724311989644e-01,-1.579952488623403428e-01,1.400417163095022122e-01,-1.768879267623685581e-01,-1.369287325704746372e-01,3.268732195118868866e-02,-8.647858878297595697e-02,-6.487976443046838959e-02
3.433888743104651642e-01,3.539297438515540128e-02,9.905683375084511910e-02,5.142760513220367286e-02,1.155291231021529363e-01,4.160285764139155101e-02,2.473328327593958542e-02,-9.125536400225520151e-02,-8.274632832495106005e-02,-6.877054860059515773e-02,9.667720505284335686e-02,-1.246433009237045593e-02,2.437546795306064218e-02,-7.298842077909717396e-02,-1.125931335377090142e-01,-8.731686637718803767e-02,1.104824665298952263e-01,8.485814044483416807e-02,3.025546345678230623e-02,8.090651378917649780e-03,-1.569715255882411439e-02,-1.252026053119335014e-01,6.809789366287991030e-02,5.034523527095534357e-02,-1.305245211708047359e-01,9.046148331355356731e-02,-4.257445591607179891e-02,4.566537329488642993e-02,-8.393076825980351485e-02,-9.357924903469769240e-02,-1.011054927540187276e-01,9.999999999999997780e-01,1.253236860313173551e-01,-1.923541553875501853e-02,-3.260331901413872357e-02,-6.406061768914589338e-02,-9.594493736684954477e-02,1.134361049076003103e-01,-5.256163946612898985e-02,1.080927118279706028e-01,2.327708792019515804e-02,1.020163778808424494e-02,-2.459809751744147441e-02,2.415141996679445388e-02,-1.336484634497151491e-01,-1.278186488626637807e-01,2.387910880481203604e-02,-1.541502735982969996e-01,6.492300370448042535e-02,-1.576750713491556488e-01,1.273198082604628245e-01,-4.004651095556340662e-02,5.656570197571941100e-02,-1.720711655636178727e-01,1.423178253964273721e-01,-7.866255206676434075e-02,9.638790505815945930e-02,-1.293175372059858774e-01,-6.109926413861340583e-02,1.413147682440453745e-01,-1.009023549233573763e-02,-6.055898571994629276e-02,1.531388563345639255e-02,-5.681092616290666503e-02,1.127324037298643306e-01,-5.854403315153631354e-02,1.298120011373401616e-03,-1.331430642761293748e-01,-3.829944847150950488e-02,-1.453016894778630663e-01,7.357304537672469669e-02,1.059303053374877485e-01,4.105853907481971793e-02,-3.039953465810462871e-03,-3.744959523539224261e-02,-1.311181623751958569e-01,9.635599746140820210e-02,3.745084684692481791e-02,2.796457058195655695e-02,1.490691623566572921e-02,1.470919110952457511e-02,2.441295300826473724e-02,-2.174168526733846196e-01,1.524476433679118441e-02,1.257874420346637157e-01,-1.808971646629758401e-01,-1.578837059772372417e-02,3.734178670376825382e-01,1.432769430863320426e-01,-1.039349638059004211e-01,1.121849369835994092e-01,4.058700213760852576e-02,4.001510675143509638e-02,-6.169850965327612624e-02,-1.134657870286727016e-01,-1.592122179839667584e-01,-1.116613101126552460e-01,-1.544550069410578486e-01,-5.614917599483419675e-02,-1.075128636699214796e-01,-1.079534486809248101e-01,-1.616607769185118837e-01,-8.060331550539440171e-02,1.327888153992631826e-01,-3.364435499599268548e-02,3.661475770182473499e-02,-6.773236722662927256e-02,-5.583003742921985313e-02,-4.480094609697602565e-02,8.136799105344182104e-02,1.753219234186292885e-01,-1.181580327472672581e-01
-6.258314359027199181e-02,6.276440875727050395e-02,-8.221465662945139086e-02,1.689653623216804930e-03,9.795438868019780143e-01,1.066039451425103285e-01,-1.329903371397350986e-01,1.060964495681955971e-01,7.222732171296781384e-03,-2.636609973926153441e-02,9.846436023117666192e-01,2.483480737602541955e-02,-1.181158478289594943e-01,5.807561015345347188e-02,-5.444726199353268348e-02,-3.473067712570319931e-02,7.376161239963758831e-01,1.633756453729647284e-01,-1.015477747025681637e-01,5.605072849502379384e-02,-4.657061273449028538e-02,-4.930143560265411867e-02,-1.160288106824375193e-01,-1.167934161786678832e-01,-9.950299916947988321e-02,9.745788288516539222e-01,-5.247377391921479763e-03,-1.093893249816875746e-01,-2.941938782226830897e-03,-6.712825706273396753e-02,-3.471736149451659648e-02,1.253236860313173551e-01,9.999999999999998890e-01,-5.472109939885870522e-02,-2.102874020380132367e-02,-6.310116190458495145e-02,-3.985122121661692496e-02,-8.342285301615872534e-03,3.118105968613343101e-03,7.451744447742768562e-01,1.129619530638475006e-01,-9.745708393526587854e-02,6.838634072341148729e-02,-2.864269937957067066e-02,-6.084915130087449608e-02,-2.298050010092800993e-02,-9.785807169293272989e-02,-4.563208360736523833e-02,-1.795131510556221763e-02,-4.387353531242747795e-02,1.329352030190033285e-01,-1.039746404832752047e-01,8.714610900679141403e-02,1.132886872621999795e-02,8.261571016589609462e-01,8.203164880707501661e-02,-9.221629060615323115e-02,-7.918316642644718240e-02,-9.988914592576184082e-02,9.719264597505693493e-01,-6.985792635134769430e-04,-4.417297480164861928e-02,-5.689142910644906515e-02,-2.604867101704855942e-02,8.566164462780145872e-01,1.939692445580819269e-01,-1.418634654992436961e-01,-5.523329633214038581e-02,-5.105036672405575265e-02,-4.782907688911608446e-02,6.923973672714932581e-01,2.003137472075655623e-01,-1.061615944237484926e-01,1.208139336486585037e-02,-4.068801372693020557e-02,-5.820969103694508678e-02,-1.283431017662168272e-01,6.146013277339953257e-02,-8.530371728705790635e-02,-5.414275589239010006e-02,-9.863021337941529909e-02,-4.777188342427445000e-02,-2.690943094201796865e-02,4.050661390259556113e-03,-1.072013442726582610e-01,-1.239743850923140378e-01,2.395012299673077161e-01,-8.664104830208503236e-03,-1.023271139767832766e-01,4.781834576413866722e-02,9.670484611052591051e-01,1.748457645125719440e-01,-1.198391620905451815e-01,2.938681104319457865e-02,-4.412663037357949375e-02,-5.442856334779112154e-02,1.019521776255906120e-01,-1.333689403236689164e-01,4.556610434461810105e-02,1.670947638783356892e-01,-1.434273828877533907e-01,5.880658298820690176e-04,-2.163237789470347505e-01,8.389061814444315202e-01,1.102503594543543380e-01,-1.104872582287175359e-01,-3.849787122055133015e-02,-1.137710587522739597e-01,-2.111199553714124544e-01,-4.274556421709992809e-02,-4.458670431156713104e-02,-1.027995226982557353e-01
-6.640538358261407169e-03,4.782383904433822747e-02,1.153193196485658052e-02,-4.882238072191025235e-02,-4.375556994391801430e-02,8.470925772252320129e-01,-1.241370223012857876e-01,1.439665635288077949e-01,-7.057194082065322560e-02,6.383154074522767729e-01,-4.960764364473837368e-02,8.927672537538581254e-01,-1.519561869942452625e-01,1.971765733265692655e-01,-9.227731544066290759e-02,6.240234881340531725e-01,-6.011746467221907447e-02,4.631252069069426436e-01,-8.261951302102935046e-02,1.666205998128194865e-01,-7.201242766494631020e-02,5.375012741686890916e-01,1.776904189845635897e-03,5.459368620030511992e-04,2.818076335398099139e-02,-5.299512972160131535e-02,8.466959089137289229e-01,-1.360012683241147990e-01,1.865191548229556406e-01,-7.927837099929137266e-02,5.786035599411517572e-01,-1.923541553875502200e-02,-5.472109939885869828e-02,1.000000000000000000e+00,2.510804951237609606e-01,-1.555185701255192843e-01,6.465111074182782191e-01,-8.988154786763732224e-03,3.889057478061278082e-03,-6.147625307817040918e-02,4.791904103755094679e-01,-1.055462620049340966e-01,1.983228933164657981e-01,-4.254409332376323655e-02,5.068568153895501860e-01,2.320343633010820694e-01,-8.601064253466672582e-02,6.544172143105173034e-02,6.352389341487499341e-02,4.240420827505899659e-01,-3.836184424841929119e-02,-3.921295032932917667e-03,1.270969865143944597e-03,8.203659559104133081e-02,-5.072763050529145029e-02,2.823651747022754566e-01,-1.349142468998909272e-01,6.821171822963788267e-02,-5.593378471763112147e-02,-4.923691342864968540e-02,7.343086373938803035e-01,1.447269450796047630e-01,-1.243744672643808252e-01,7.005452312434329309e-01,-5.620733087321359150e-02,3.617491671622208305e-01,-1.514094644896731290e-01,1.091868221193887933e-01,-6.239804188906231119e-02,4.654558495993147416e-01,-5.166976300686354495e-02,4.063513501286982188e-01,-7.485015516202538077e-02,2.062556272443937522e-01,-7.946968259967202020e-02,5.574145862668353768e-01,1.604420754292992107e-02,1.024503330423200270e-01,-8.127684749540778353e-02,-3.829948723811336941e-02,-8.258091619445000198e-02,-2.991031631847738612e-02,-3.040570861491554561e-02,8.867998904586847642e-02,-4.500063716502624572e-02,1.084638050774643266e-02,4.577835177759176366e-02,-9.319628599040742645e-02,2.767008674964796869e-02,-2.890426806610346677e-02,-5.988285310201447303e-02,6.626982929845480763e-01,-1.765182151684582812e-01,1.896315105710288940e-01,-1.304221975321223637e-01,5.339892096350518091e-01,8.461576587314847964e-02,-2.152663508475200285e-02,6.333692147968754405e-02,2.741446390008778211e-02,-2.947416246086685329e-02,1.527021225984131203e-01,6.234877931132763729e-02,-4.901175847596347945e-02,3.315494094583691376e-01,-1.690511359815132786e-01,5.407382058616017062e-02,-8.806361298060864928e-02,-1.495515980958857585e-02,-6.231244665186195381e-02,-7.851005790921890271e-02,3.855084881061886237e-02
-2.438921692418748871e-02,2.428566565276657763e-01,-4.134850312476469857e-03,-6.406582766271726181e-02,-2.948241395815277138e-02,2.217176134348713690e-01,-1.399190075937918609e-01,6.796055496397273021e-01,2.319974347512741841e-02,2.044381635741109871e-01,-7.695893837219356000e-03,2.999423030644483568e-01,-1.536100506419489364e-01,7.442584844296885604e-01,9.349884259650062882e-03,2.704504935556625300e-01,-2.084732060339809095e-02,1.372556383278636105e-01,-8.774528905447234739e-02,6.809375129149232153e-01,-5.556137192090762622e-02,2.634950624475980718e-01,7.392584217250050549e-02,1.475234561649709647e-02,1.126245898361676392e-02,-2.631458525955498312e-02,2.366061156203304039e-01,-1.795310359804437039e-01,8.076424658331690098e-01,9.998844255705819153e-03,2.379414978830191874e-01,-3.260331901413871664e-02,-2.102874020380132714e-02,2.510804951237609606e-01,9.999999999999997780e-01,-8.323831330886279078e-02,2.838540700156044760e-01,6.595501078468635203e-02,9.061802560925996675e-02,-4.144255193912239031e-03,1.501480115746886557e-01,-1.082154824355464617e-01,6.629211141342817859e-01,-3.065585881999414314e-02,2.488380054298457433e-01,8.377602451157190044e-02,-1.023516629269855399e-01,3.454973546086604896e-01,1.210726741294334968e-01,2.098551448762640548e-01,7.323972655085382588e-02,7.112896712677199695e-02,1.412494217598745938e-01,3.838301998801810916e-02,3.103250453030415718e-02,4.587279909696852925e-02,-1.266333906928274466e-01,2.185428796910540705e-01,4.645527123168280426e-02,-8.454680169088124586e-03,2.289487618053482054e-01,8.206112489641036456e-01,-5.564488515482617775e-02,3.067124292134342789e-01,4.870519432151446809e-02,1.269021169018863249e-01,-1.736474610232835447e-01,4.566291223758145446e-01,9.153285257714487491e-03,1.590173760747345955e-01,-3.217358309746751188e-02,1.559303038996546487e-01,-7.439864548413331613e-02,7.467283255132785014e-01,-8.217967353404150022e-02,2.709784851999476052e-01,7.592610961177510831e-02,2.524241404308895029e-02,-5.151118783178357946e-02,-4.139329545539355976e-02,-7.035553889968772234e-02,-5.364220562180708335e-02,-4.441598087185622684e-02,3.868115200597061626e-02,6.900754784400471055e-03,1.165573869193946462e-02,2.138494063773881126e-01,-2.676540767859349190e-02,8.198618325165463183e-02,1.519541981024125354e-01,-1.052988082300669072e-02,2.217404351303097487e-01,-2.033644212473442181e-01,7.811068695821234975e-01,-6.809303025981342135e-03,2.384616204749747947e-01,-2.160423546267258021e-02,-5.850921356721250355e-02,-3.840121313024051630e-02,-3.260939224389049207e-02,-5.904258305482836672e-02,5.245901604795392276e-02,-4.415345790179821955e-02,4.007915118005481864e-02,2.809048341154578993e-02,-1.569303562622861026e-01,2.548059297945781676e-01,1.711578017767348761e-02,4.530537712682498885e-02,-1.807879155158378381e-01,-1.785674206514831566e-02,6.044540154731641024e-02
-1.516588699925476291e-01,-8.880699438765796150e-02,5.804502568196147350e-02,-1.572654179139848785e-01,-4.481165707246616975e-02,-2.036240865654681542e-01,-3.204405986786375005e-01,5.061758227065435434e-02,8.641750226139606195e-01,-7.901822486966821046e-02,-5.019535406522838972e-02,-1.693348350120291446e-01,-2.926060705586916999e-01,4.804316241554453665e-02,8.918662915276643899e-01,-1.181447776598491956e-01,-3.045849610028099341e-02,-3.070165812318246049e-02,-1.374081058255821330e-01,6.092836370028961029e-02,6.608787851485957709e-01,-4.343552443052840079e-02,-2.367104190368751748e-01,-3.812835773030017611e-02,-1.097213419543996843e-01,-5.260201532348356135e-02,-1.625914209888521256e-01,-3.114730632219783746e-01,-5.190518033811546139e-02,8.326164914070715017e-01,-1.229746883293664217e-01,-6.406061768914589338e-02,-6.310116190458495145e-02,-1.555185701255192843e-01,-8.323831330886279078e-02,1.000000000000000000e+00,-1.342229461303900140e-01,1.359766558515530244e-01,-2.482446608936279275e-01,-3.745841627954727554e-02,-2.718346129307782147e-02,-1.390898942392592152e-01,5.747154028197169751e-02,6.159729689259558771e-01,-3.112961307072118627e-02,3.238338692064942487e-02,-1.561787060490862356e-01,8.778075485964068059e-02,5.134684743055116796e-01,-2.857713097067988636e-02,3.884239956338618460e-02,2.554993053246809240e-02,-6.007424858783769195e-02,-1.145339235108772530e-01,-8.954493290202614197e-02,-3.201756394812763085e-02,-1.918984845000682726e-01,9.293317327611920475e-02,5.264924256366285693e-01,-5.568035537337857194e-02,-2.140624566899472225e-01,-4.621431406285739230e-02,9.037610722005062769e-01,-1.439632267614885941e-01,-8.617184922780661560e-02,-1.115535453038492830e-01,-2.589719907369376628e-01,3.901045879997470933e-02,6.844552679445654597e-01,-1.454512340982078676e-02,-8.144854542923579341e-03,-9.131789542234725054e-02,-1.043538315111301878e-01,4.661106454003700189e-02,6.473807757528987628e-01,-6.073961228400692053e-02,-2.333981506242829851e-01,-1.293469750035546734e-02,1.636905362258909147e-01,-4.987243867044374376e-03,2.135240011407640026e-01,-3.198805986138884838e-02,-7.875528531147783784e-02,-2.591542822179430661e-01,1.000705142287192512e-01,-1.326238577228962268e-01,-1.213311542834980272e-01,4.668206000251586690e-02,-2.017294395076030256e-01,-1.654277359796627045e-01,-6.481159023427157662e-02,-9.455299432020573824e-02,-2.534543437533263166e-01,3.774076302375633379e-02,8.775698760479854199e-01,-6.987245317089045560e-02,-1.954869884944319125e-01,-2.972419316139277012e-01,-1.560150240199109084e-01,-3.422842085995349282e-02,-8.711191615335825422e-02,-8.105901751466423888e-02,-2.582788999053681200e-01,-8.382161167049256845e-02,-8.820093309979523677e-02,-1.819265751952471866e-01,-3.252467412517152934e-02,5.243026059714007703e-01,-3.959794275653670814e-01,1.277969495506869613e-01,1.589828557322984504e-01,-2.274017994178742508e-01
-3.698417936379527760e-02,-2.284028732464482916e-02,-3.944910616057384356e-02,-1.023176842447093976e-01,-3.489936193547909377e-02,6.265188218191741765e-01,-1.211460803947286696e-01,8.906733648422264504e-02,-1.826291027980356252e-02,7.735010573794899313e-01,-3.310478032676177074e-02,6.670136239989000737e-01,-1.362938625056810682e-01,1.451531625142050419e-01,-5.652020899721377917e-02,9.503985205576530593e-01,-4.313153179672465920e-02,2.797694959614127619e-01,-1.405094076023831740e-01,1.756313936224138672e-01,-1.101869395340866753e-01,8.386813745883352489e-01,-1.253344272182234931e-01,-7.066865051902096462e-02,-6.906382206488585751e-02,-2.945339785242356151e-02,7.164175848348488529e-01,-1.492796701152302175e-01,1.610509112876348237e-01,-9.835644253105499391e-02,9.650556952278205314e-01,-9.594493736684954477e-02,-3.985122121661692496e-02,6.465111074182782191e-01,2.838540700156044205e-01,-1.342229461303899862e-01,1.000000000000000000e+00,-3.925818165223760731e-02,-2.889260036597783923e-02,-3.680942827678584939e-02,3.476481688709552320e-01,-1.621297626367015354e-01,1.768114150210041424e-01,-1.170405245917439663e-01,8.059973189999347642e-01,2.453362601012119559e-01,-1.347073006465131506e-01,1.557685129159417370e-01,-1.169899535213272772e-02,7.571865157935695478e-01,8.221136230420084470e-03,-7.894809720217725590e-02,-2.401082117623357451e-02,1.382178342892012857e-01,1.466605705984066164e-02,2.708292522626556953e-01,-1.586415352235622245e-01,1.104191476273688882e-01,-1.265091853734047478e-01,-3.974894270613957975e-02,6.698416403170442956e-01,1.601777922178877767e-01,-5.228283057660948474e-02,8.407134570736268797e-01,1.046853146896556050e-02,3.147446511707243100e-01,-1.667441575301808476e-01,1.679795739776821784e-01,-1.355251546485112812e-01,7.656980727978419665e-01,-4.033980032313193298e-02,2.917361830126071753e-01,-1.354764416676236816e-01,2.118546731834721475e-01,-1.052658405003977088e-01,8.688080228283747708e-01,-1.188272531829026313e-01,1.101873532555710904e-02,-5.300739852335745184e-02,-3.443890125780567357e-02,-6.959733392797363971e-02,-2.358674394001004579e-02,3.083535775342541568e-03,9.049696445271493417e-02,-7.169939628759521011e-02,-6.790636255301843449e-02,9.509634886592525926e-02,-9.485364454674465040e-02,-4.592553576688151312e-02,4.069065885049353432e-03,-2.499491014056271637e-02,4.154524871367309413e-01,-1.672876984973238890e-01,1.511190059480682912e-01,-1.034012710211099778e-01,8.687092916811309795e-01,8.876563734599922373e-02,-6.897386038932462604e-02,9.109615902623822981e-02,7.632599751633988017e-02,2.149407829350854712e-02,2.728216213733127837e-01,4.712281802262993646e-02,1.655914679005036916e-02,2.704832460754369450e-01,-1.749874269040365971e-01,1.199500723625749193e-01,-1.729301253143501194e-01,-1.389443839788796764e-01,3.816214408855936324e-02,-9.518895867452804860e-02,-7.553862281597177597e-02
-3.744229973627904301e-02,1.538678607428529965e-01,4.352143137179862453e-01,-2.880140944174179873e-01,5.859666035774285797e-03,-4.021354780582558908e-02,-1.564425244807350901e-01,4.697724275688710052e-03,3.863558372939647489e-02,-5.519372997418844212e-02,-1.456632591070975737e-02,-6.929875386179286390e-02,-1.749526903688674029e-01,-4.015222529363997317e-02,8.901985303577419906e-02,-5.616595697575607615e-02,9.485216298857417419e-03,5.245494772052363731e-03,-1.894264693114125833e-02,-5.615694848659842642e-02,4.269123002289831881e-02,-3.171802226936538960e-02,-1.369802064834314305e-02,2.452522495880084599e-02,-3.238740186943830229e-02,-4.760121948760752224e-03,-5.836353815385603161e-02,-1.630949939268321880e-01,3.869453815391030171e-02,1.234303106279658474e-01,-7.687002157326128238e-02,1.134361049076003242e-01,-8.342285301615872534e-03,-8.988154786763732224e-03,6.595501078468635203e-02,1.359766558515530521e-01,-3.925818165223760731e-02,1.000000000000000000e+00,-1.514450275321024553e-01,-3.313038075172870800e-02,7.772774861829297686e-03,-5.754558340632488778e-02,-4.261076612274259517e-02,1.163101888383940435e-01,-2.872773543974092500e-02,6.956302106988687672e-02,-1.240864877379076470e-01,8.113388439074357972e-02,2.295491921903781152e-01,4.457566133902091284e-03,1.364845288745010765e-01,1.633332215758489803e-01,2.083220255904147111e-01,-2.136855083024509216e-01,1.366581785368769231e-01,8.793270518890197729e-02,-1.836880968325705077e-01,1.159943076642874771e-01,8.499865767390782367e-02,-2.727266851475142022e-03,9.122546007873854820e-03,-1.651729955948065716e-03,1.194531658313381373e-01,3.852183357366975006e-04,7.055055573534302349e-02,6.458814610601282431e-03,-1.919394854471358214e-01,2.460628033198393114e-02,1.460236250793959800e-01,-7.631072829635097778e-06,-1.511748254737370692e-02,-2.330295396800961902e-03,-1.037881028985641017e-02,-6.543544343482671222e-02,2.633696391117819682e-02,-2.409859777217648533e-02,-4.392104496245847339e-03,-1.399592214380051824e-01,2.522418248158656007e-01,8.323690015875669090e-02,2.988655849463646152e-01,7.428739123874590622e-02,-1.285454288744251050e-01,-3.353570187204230058e-01,8.070790041454166397e-02,8.852867610919475105e-03,2.327954274375317392e-02,5.115272784997636213e-02,5.161745191407399874e-02,1.184222240425176521e-02,3.247986499774104668e-02,3.435220112210237570e-02,-1.490919746370698296e-01,1.758891726122649478e-03,1.551452378507695296e-01,-2.860242632698719797e-02,6.749616480886618669e-03,8.627286267019104726e-02,2.319305087807887675e-02,-2.217331593430785577e-02,2.661979737878086491e-02,1.026837405940951575e-02,-9.131203885444126936e-04,1.227871152363279178e-01,2.468932535387072247e-02,-1.596493461164086858e-01,3.196324098918093548e-02,9.588428471353475924e-02,-5.450422376475263370e-02,2.792189316939629184e-02,1.009613617465385665e-01,-9.427387718562278696e-02
-1.202785540083679688e-01,-2.422695515820257051e-02,-1.051806262492072513e-01,3.190039474183914425e-01,-4.393957111624598004e-03,7.071320047015303839e-03,9.061689230888868296e-02,-2.446454765931221562e-02,-2.146388955647102748e-01,-1.007767607368948576e-01,4.564764877533870890e-03,1.174256061012891698e-02,1.177548165740093800e-01,-9.438967182475303461e-03,-2.045920215232884531e-01,-7.965160671531393288e-02,-6.071314608529863877e-02,-1.667105868709141837e-03,5.182914735985356958e-02,4.898712493367419346e-02,-1.944400429546003228e-01,-1.618754338170430975e-04,1.479087846533618245e-01,-5.099185013011815586e-03,8.926928278300703956e-02,4.907092313565649191e-03,-4.502005151453947890e-02,1.274144004866752666e-01,2.055011057033215207e-03,-1.829367884158173418e-01,-5.602388871296419548e-02,-5.256163946612898985e-02,3.118105968613342667e-03,3.889057478061277648e-03,9.061802560925996675e-02,-2.482446608936279275e-01,-2.889260036597784270e-02,-1.514450275321024553e-01,1.000000000000000000e+00,-3.215532451562208571e-02,3.010832534890491713e-02,9.003588405444022669e-02,4.375112127309416926e-02,-1.655837991807548315e-01,8.549510860911877994e-03,5.797719704523867507e-02,1.722160321538654948e-01,7.277327613671251416e-02,-1.691623166142315060e-01,3.922382411768186687e-03,5.132780869459363515e-02,1.898123838102193373e-02,-1.576576069689004100e-01,3.476449605393484577e-01,1.828374202867622672e-02,1.573359890692449178e-02,4.118640493341517717e-01,-4.363817487669417045e-02,-2.088959332692494342e-01,-7.393680632226081947e-03,-5.574568049324301472e-02,2.241917160346807228e-02,-3.163647544820886170e-01,-3.450971120600823672e-02,4.905946505351162223e-02,4.710463532736286485e-02,3.666872026159045395e-01,-4.531977221273336860e-03,-2.336019616928973752e-01,-7.641324992541821681e-02,-7.406593417331004681e-02,-3.176946888430228627e-03,3.281033657935983339e-02,8.082525122268757745e-02,-2.105838050372738079e-01,-1.695635374215910237e-03,1.421110039232961475e-01,2.081709139880137949e-01,-2.248635940262619370e-01,-1.710037673605225572e-01,-3.287999484579841591e-01,-1.403565692733411696e-01,-4.393236973188419103e-02,3.202562834605092168e-01,-1.129528781207166099e-01,1.604165991944775105e-01,2.145992819895038983e-01,-1.016092868789218867e-01,1.632354186353000003e-01,1.072620688039864073e-01,1.868220074000872394e-02,4.298409717944739333e-02,1.291888819324185089e-01,3.043400860551650350e-02,-2.242466868097795774e-01,-1.637914301154879196e-02,-9.730890051116528050e-02,-1.388090919104386645e-01,-1.203997116924577226e-01,-1.603509262722040141e-02,-1.525106374203626936e-01,-1.405727545357032260e-01,1.245990462952462630e-01,3.319264791412308846e-02,9.217188883589560316e-03,4.067476559720387130e-01,-3.937162217167860384e-02,-2.156829791943827290e-01,1.862128209061852946e-01,-2.102101506765323147e-01,-1.132391195938695500e-01,3.165650003364329779e-01
-2.706953012635033087e-02,1.018554736752486783e-01,-5.937623193134506511e-02,-3.157753985510521055e-02,7.519067302462085767e-01,6.941302636057801803e-03,-1.046278452422256672e-01,1.459056727209813442e-01,-8.076236250647897061e-03,-4.499629603793708389e-03,7.456632907763095508e-01,1.108366692587061872e-02,-8.895591846450644213e-02,1.085160341397581329e-01,-6.302904791840888143e-02,-1.813302511687477081e-02,9.850685009861530617e-01,1.143374565890501425e-02,-5.617066755466861017e-02,-8.410763782805374261e-03,1.229258482706738079e-03,-3.667095718875668792e-02,-1.217997486350276271e-01,-7.245137708967007428e-02,-3.717590722783031126e-02,7.822126524036306927e-01,4.634494897328768868e-03,-9.949807297212630297e-02,3.654149417776225706e-02,-6.699916878019582245e-02,-2.929967781070322991e-02,1.080927118279706028e-01,7.451744447742769673e-01,-6.147625307817040918e-02,-4.144255193912239031e-03,-3.745841627954727554e-02,-3.680942827678584939e-02,-3.313038075172870800e-02,-3.215532451562208571e-02,1.000000000000000000e+00,-3.024701670604106399e-03,-5.676581263893745039e-02,-2.884335195609202471e-02,-8.067869140217691706e-03,-4.143938258410366504e-02,-4.117093378471892856e-02,-4.305446214523069720e-02,-6.178968805522214169e-02,-1.263162834800547057e-02,-3.228489013016293957e-02,2.533215623234332803e-01,-3.768569995271685985e-02,7.467019741919181386e-02,2.700545002579308324e-02,7.260164203064362054e-01,-6.329244404724157502e-02,-7.757134225508127701e-02,-5.276957033923530827e-02,-8.349374710031456925e-02,7.360527512029891861e-01,-2.989816607743803548e-02,-1.358514336367224948e-02,-1.897566933752157722e-02,-1.791104777744855978e-02,7.925639664869006396e-01,-1.700513036259976643e-02,-1.135562464825212725e-01,-3.095599146588580430e-02,-7.542604705098449047e-02,-3.989481741443593604e-02,9.606393751256628866e-01,8.620428540680919599e-03,-6.202091529215079946e-02,-5.692669904324591801e-03,7.899464675534059385e-03,-3.722377665511419215e-02,-1.209694819748611122e-01,1.242224182162534885e-01,-5.921389983428981818e-02,-3.849089860370884242e-02,-5.115886019835548526e-02,-4.319368529628050957e-02,-3.537379038581672103e-02,-3.218633251376638513e-03,-7.463771878965413942e-02,-6.745420268088571369e-02,1.560834244020062878e-01,1.484825705309353837e-02,-6.870645996487595442e-02,2.406411457385570704e-02,7.994000930910173386e-01,-1.475176244490672070e-02,-1.041425801490083319e-01,3.326880201304553697e-02,-4.798102864883896368e-02,-4.409354691026867723e-02,3.092767625032733295e-02,-1.244121174738090363e-01,-7.949599806661966639e-02,-5.109339187226710072e-02,-1.178956655562809763e-01,-6.564249036189069575e-02,-1.443854529494995598e-01,7.293657317626250913e-01,-4.837505859122208374e-02,-9.563700044276589318e-02,-1.824826923686501470e-02,-8.834568211904574031e-02,-1.624526665280250359e-01,-1.826052781857927590e-02,-3.223283423984327212e-02,-4.526503833074699973e-02
-8.816123135802274302e-02,-2.618270851443954897e-02,2.360993816670713119e-02,-8.732286521974355620e-02,1.294027090615991749e-01,5.927967838269899703e-01,-4.953765195032204527e-02,1.078749744316952613e-01,2.778704912890154338e-02,3.099356413636817908e-01,1.232137113369403542e-01,5.924773951593834687e-01,-9.648186384927164017e-02,1.606885082721540570e-01,3.113354695010809442e-02,3.669456290261068343e-01,-1.277841267548468669e-02,9.145294784774089525e-01,-1.465544902236782243e-01,3.015376961195354033e-01,-1.344525603668842439e-01,4.363712065524363859e-01,-4.940369342372292333e-02,-1.007500856534234712e-01,-4.972109534910425233e-02,1.315004307268937411e-01,4.750933019340505270e-01,-7.203147766772842464e-02,1.102670440840346489e-01,2.844653529019737503e-02,3.282715783940005627e-01,2.327708792019515804e-02,1.129619530638475006e-01,4.791904103755094124e-01,1.501480115746886834e-01,-2.718346129307782494e-02,3.476481688709552320e-01,7.772774861829298554e-03,3.010832534890491713e-02,-3.024701670604106832e-03,1.000000000000000000e+00,-1.555348244727870477e-01,2.948903485370085731e-01,-1.217318204662647396e-01,4.363854489065102094e-01,5.160745647309539219e-01,-1.706568377914374490e-01,2.145624573566324855e-01,-3.064471644874662212e-02,4.382496132771667718e-01,-7.250031997553642304e-02,-9.332742656950368532e-02,6.432151428159559037e-02,2.220619820812889250e-02,3.284335394812994136e-02,4.949159614686394204e-01,-1.556807510949584361e-01,8.135070423984384902e-02,-6.550531167067662197e-02,1.198563609218163406e-01,2.629676657991096289e-01,4.320234723568426582e-02,1.154408993255148091e-02,2.516687955778429964e-01,2.160335680393881894e-02,5.682906523880648653e-01,-1.855099228132990885e-01,1.008091791388270736e-01,-7.484426104678720826e-02,3.560990640057533629e-01,-1.734005512964278961e-02,7.727808992498428342e-01,-1.324723384759938505e-01,3.194746091109761377e-01,-1.469910232674032646e-01,4.078484593084325538e-01,-2.505842094904605494e-02,-1.842559119274688600e-02,-9.387687135886359224e-02,-7.762049566881698559e-02,-8.185833297325940949e-02,-6.322323759754640282e-02,-1.590423424544390105e-02,4.370536691461707896e-02,-7.921527514236025025e-02,-1.968329255758852897e-02,1.632828951345673685e-01,-3.123027656737567895e-02,-6.305851435660323259e-03,1.498424558366557961e-02,9.607471895319932842e-02,8.117662590941598921e-01,-1.146666082837805578e-01,2.693923139961271196e-01,-1.972767847206957637e-02,4.420394275457153466e-01,1.171071059725334873e-01,-6.527033231768704369e-02,1.215043363659133041e-01,1.890693273251369544e-01,-1.058704652961314219e-01,5.131326048457782174e-02,-7.062985303633066703e-02,3.814816927340842351e-02,5.433582218578647538e-01,-1.686282725475585498e-01,4.582180248638949988e-02,-1.001851704251520148e-01,-1.555452097774726872e-01,-1.150835879626803393e-01,-7.306610884271286244e-02,-3.487445994048626874e-02
-9.817547646606246403e-02,6.272112648582919836e-03,5.003783933460282524e-02,-3.204306701860210743e-02,-9.135820769039808276e-02,-1.241948426046154824e-01,3.602583538388263729e-01,-7.611019418998303532e-02,-1.449996637960593027e-01,-1.246482885121121126e-01,-9.687923593628178232e-02,-1.306939960608492768e-01,4.213234397228635131e-01,-1.058132365564916355e-01,-1.493360230641529174e-01,-1.403000344192361082e-01,-5.478421563001560635e-02,-1.486794824446159013e-01,9.515489127135147163e-01,-2.245320126434546537e-01,-1.882928628776270596e-01,-1.771879670117051109e-01,1.490407635505145711e-01,4.836105731739973046e-02,1.490623781525230174e-01,-1.173333115626021828e-01,-1.111612299985171581e-01,4.902487761544314093e-01,-7.789440808580781750e-02,-1.747024284401545446e-01,-1.354806594012704923e-01,1.020163778808424494e-02,-9.745708393526586466e-02,-1.055462620049340966e-01,-1.082154824355464479e-01,-1.390898942392592152e-01,-1.621297626367015354e-01,-5.754558340632488778e-02,9.003588405444022669e-02,-5.676581263893745039e-02,-1.555348244727870477e-01,1.000000000000000000e+00,-2.319872539770882480e-01,-1.608525914014828362e-01,-1.844681538650162766e-01,-1.343135932810826660e-01,8.608866453888956993e-01,-1.764498156829145126e-01,-1.486680134787631002e-01,-1.697488423378024081e-01,-3.206796918564124022e-02,1.263478112471794201e-01,-8.596119200867033405e-02,1.022129322307550742e-01,-1.050687275712822166e-01,-3.832291130993849271e-02,4.847934796674484570e-01,9.388827294011525826e-03,-1.266647582973483011e-01,-6.524946121151516121e-02,2.304095563674972078e-03,-2.250517352140402397e-02,-1.755058000964777876e-01,-1.306387942775299738e-01,-1.012550979300973347e-01,-9.138161236955043287e-02,6.872787675745738456e-01,-1.333815466667588878e-01,-2.263011121240726953e-01,-1.205768619081456355e-01,-7.975795132012923616e-02,-1.197842970381885891e-01,9.104834019151440971e-01,-2.283987176088598248e-01,-1.708539689751542578e-01,-1.756942004541436064e-01,1.460390009853789473e-01,-5.101436906515979114e-02,-3.695346961408105951e-02,-9.499585778938401948e-02,-1.476968079875992136e-02,-1.043864335903873924e-01,-9.692556935195593970e-02,6.919733620091516289e-03,3.352332061823922599e-02,2.359773616192237800e-01,-9.447883578074735278e-02,1.452032533755943065e-02,1.687987419977561021e-01,7.924786981950678044e-02,-9.074969969383700485e-02,-1.369489774483395317e-01,6.633137677161984325e-01,-1.591623433379790453e-01,-1.983004639321268303e-01,-1.759330557522789662e-01,-7.803764611169766718e-02,-1.707362086973182244e-02,-1.054747032336239981e-01,2.796937664837132603e-02,3.428911490883079088e-02,5.466629174785905126e-03,5.645391236951470548e-02,-1.084788918750873438e-01,-1.119001064511264756e-02,4.535735768844756377e-01,9.247815151222828212e-02,-1.317615131089404368e-01,2.061809784459706640e-01,-1.462009527659111630e-01,2.021399263928497225e-02,2.515618540025487126e-01
-1.206632028800800824e-02,1.242819769189855844e-01,-8.835443508147659830e-02,-4.317530793964378943e-02,7.583680147866296573e-02,1.676746419313421277e-01,-1.256964672274400452e-01,5.415067067484942154e-01,1.560853591934927564e-01,1.480716812212312383e-01,9.636905631658521099e-02,2.540472621728072089e-01,-1.437253272269531923e-01,6.359360226472624555e-01,1.574196914951888349e-01,1.698745482612829261e-01,-3.813228857643551767e-02,2.875728438678041843e-01,-2.309579481466111084e-01,9.392954000747147925e-01,-3.382774262497454526e-02,2.036543103627439233e-01,1.093373265155853508e-01,-3.369294342371009776e-02,-7.355098443518770512e-02,9.230557919256007771e-02,1.602700337113740769e-01,-1.596257750375850992e-01,6.614885976399986767e-01,1.270271414018880052e-01,1.513134843524910067e-01,-2.459809751744147788e-02,6.838634072341147341e-02,1.983228933164657981e-01,6.629211141342817859e-01,5.747154028197169751e-02,1.768114150210041424e-01,-4.261076612274260211e-02,4.375112127309416926e-02,-2.884335195609202471e-02,2.948903485370085731e-01,-2.319872539770881925e-01,9.999999999999998890e-01,-1.724383364476635844e-02,1.884969006554324811e-01,1.061329330149090033e-01,-2.161519163590849557e-01,5.436124598722313905e-01,1.228468984187433000e-01,1.523550180570585888e-01,-3.728523297450860724e-02,-6.041153504574153787e-02,7.602010759718055843e-02,7.653719906295500253e-02,1.121673897240658552e-01,1.685140527987838074e-02,-1.677600168750470466e-01,3.502061217487541511e-01,5.969137230523841736e-02,6.688418018315758773e-02,8.851049543052924573e-02,6.186044238157972774e-01,7.279005709712747796e-02,1.991221510611800305e-01,1.320501428962069790e-01,5.580025777802540693e-02,-2.140218589280535044e-01,5.473397587730891578e-01,6.196904656467033812e-02,1.046063163818192615e-01,-4.418980569449541818e-02,2.473701029852762023e-01,-2.139352167208577182e-01,8.880514520298447012e-01,-7.237868121749704842e-02,2.030198076012261210e-01,8.331851513418754573e-02,8.150030944221074714e-02,-1.076899603293267754e-01,-9.732184073065995589e-02,-1.620887480679517600e-01,-8.115386647592606750e-02,4.118690520073418904e-02,1.098774991853395805e-01,6.370951156589452040e-03,-7.171412167231845831e-03,1.872839846792336282e-01,3.324710359694377920e-02,-4.379420768836793376e-02,1.630638544943024959e-01,9.220240208506418067e-02,2.309923314660674576e-01,-2.402071307443712223e-01,8.901121244328550342e-01,7.970815681056882263e-02,1.663331624781942408e-01,-8.925975077922533585e-02,-1.312805766073384117e-01,-7.031217931566881296e-02,-5.742859638156281449e-02,-8.153405134007417343e-02,-2.962080952754043289e-02,-9.836735439143458326e-02,1.137540691316020480e-01,-1.127285959118379081e-02,-1.647821483826575339e-01,3.077069253952273709e-01,3.724447697133334567e-02,-6.474628780260742456e-02,-1.507802457035612720e-01,7.860306831369538380e-03,1.748472125153193585e-02
-7.851785574967752590e-02,-7.752002257309022204e-02,6.028067575376093792e-03,-5.750070063240470680e-02,-2.002292372276134186e-02,-1.007131852070754507e-01,-3.719643836202677911e-01,9.805189365878318186e-02,5.352884364861854039e-01,-3.573426278832303460e-02,-2.924159403224697515e-02,-8.494142575659965888e-02,-3.613491318088060678e-01,8.294946784165634079e-02,5.671278149798612001e-01,-9.891553357542484659e-02,-6.872581386219004697e-03,-8.112580808856248438e-02,-1.765668576444528182e-01,-1.342926669028321647e-02,9.282466980029479009e-01,-1.212882829448814204e-01,-2.190895869199908086e-01,1.433337482221423431e-01,1.306410036372392391e-01,-4.047066346856954822e-02,-9.022035134446161619e-02,-3.615372265631447424e-01,-3.690243629210401832e-02,6.937044509628672584e-01,-1.117877227756621378e-01,2.415141996679445388e-02,-2.864269937957067413e-02,-4.254409332376322961e-02,-3.065585881999414314e-02,6.159729689259558771e-01,-1.170405245917439524e-01,1.163101888383940435e-01,-1.655837991807548315e-01,-8.067869140217691706e-03,-1.217318204662647396e-01,-1.608525914014828362e-01,-1.724383364476635844e-02,1.000000000000000000e+00,-1.175443235711626927e-01,-1.434709502356227573e-01,-1.773171031012339416e-01,-1.045234829370421115e-01,7.778883863175802826e-01,-1.467441046415524364e-01,9.494263641756833794e-02,6.605459569836824585e-02,-3.916175869667888609e-02,-1.223475043239677928e-01,-1.780235310305522053e-02,-1.268309325622299366e-01,-1.788250135318501521e-01,-1.396587744220032998e-02,5.760846183631380679e-01,-1.049244327851264064e-02,-1.142370974803416234e-01,-7.174844995468885808e-03,5.522565525789462360e-01,-8.433967474624103067e-02,-4.316998253571087407e-02,-1.323077192137792069e-01,-2.417523582359023260e-01,-5.247285462985375182e-02,6.971292687540826538e-01,-1.276080784924977507e-01,7.134041318859553164e-03,-7.828131132503866885e-02,-1.619294771031479230e-01,-3.936085769965735892e-03,8.550746379416652720e-01,-1.266580470547470638e-01,-2.187305213823895200e-01,4.554535740199103927e-02,7.996968253504646573e-02,7.163598816214054865e-02,1.272332091193281167e-01,4.894837693089357927e-02,-1.614074315501092538e-01,-1.426413624495367904e-01,9.749343506387277147e-02,-5.143936948956906452e-02,-2.519029523184932451e-01,1.996202630448375842e-02,-1.497161811622143568e-01,-3.153542793711901493e-01,-3.597954126079454945e-02,-9.542405154903055298e-02,-3.475193306941484206e-01,-2.092174679956882236e-02,7.074577013146655657e-01,-1.468860515319539428e-01,-1.668352911831681717e-01,-1.743194341181434071e-01,-7.189083490531210374e-02,-6.277491188191171301e-02,-1.572835820403074292e-01,-1.194081821393283699e-01,-1.985040511849713307e-01,-1.726606961065936877e-02,-1.473946641257308787e-01,-1.841638800020298783e-01,-8.937403029400345367e-02,5.369932739665739252e-01,-1.640865710514377851e-01,2.147193353524193271e-01,8.201342080611034868e-02,-1.500804086210114907e-01
-6.870191678959758352e-02,-1.899787672442161679e-02,-6.279530048926051933e-02,-1.073387950539576030e-01,-5.332695087298600090e-02,5.098423221027160723e-01,-1.596252068100630639e-01,8.749746898005872353e-02,5.392950360706451340e-02,6.347501203880836496e-01,-4.887856502102980172e-02,5.588256573123736581e-01,-1.662713532255506721e-01,1.336718449837655809e-01,2.145807164668902742e-02,7.672509544615913057e-01,-4.901706819154653949e-02,3.169945028333772119e-01,-1.614781749981049064e-01,1.998418718284644124e-01,-1.130021855898035998e-01,9.885539685053095216e-01,-1.500065871949262386e-01,-9.948305920718887585e-02,-8.624056679472202891e-02,-4.503365317791834660e-02,6.203286198449037281e-01,-1.789180382698571381e-01,1.175874939890176052e-01,1.336501362134757780e-02,7.730818098430319862e-01,-1.336484634497151769e-01,-6.084915130087449608e-02,5.068568153895501860e-01,2.488380054298457711e-01,-3.112961307072118280e-02,8.059973189999346532e-01,-2.872773543974092500e-02,8.549510860911877994e-03,-4.143938258410366504e-02,4.363854489065102649e-01,-1.844681538650163044e-01,1.884969006554324811e-01,-1.175443235711626927e-01,9.999999999999998890e-01,3.768532829677080920e-01,-1.677025205777238070e-01,1.662637236026837384e-01,2.644966930773811134e-02,8.598092611326610957e-01,-7.812051261513569024e-03,-8.716817506236218538e-02,-1.409100505407807034e-02,1.688732861426061327e-01,7.171656531828306431e-03,3.249232275338966303e-01,-2.057517115084931958e-01,8.535273241272538225e-02,-7.113025603067278657e-02,-5.596453708515843062e-02,5.021496256294952776e-01,1.437450944538832542e-01,2.713167754250093641e-03,6.405449510800883539e-01,6.887095949865028842e-03,3.252051217628504909e-01,-1.853793580119038609e-01,1.287548374610097968e-01,-3.634294289833328584e-02,6.916053668951362976e-01,-4.771185047003617674e-02,2.950659337992833642e-01,-1.475411118866560289e-01,2.313775411904567814e-01,-1.212225093853689095e-01,9.681260555532329448e-01,-1.478249697654168415e-01,1.874175934381453607e-02,-5.588956260660995351e-02,-2.853720355777801879e-02,-1.030610715602036237e-01,-2.101788982952907184e-02,-6.763089151609909429e-03,1.296231747253409616e-01,-6.959464774227902550e-02,-6.781640541140211698e-02,1.038508276522686208e-01,-1.148018952800496789e-01,-7.784755953397129447e-02,4.618168620957936038e-02,-3.080550945019868217e-02,3.866487457494806601e-01,-1.924004144749549283e-01,1.652975062693349262e-01,-1.297105177164828253e-02,9.428716690427190183e-01,4.580020094420773902e-02,-1.050036545562393064e-01,6.175008719423542847e-02,5.593327290146048875e-02,-3.985119928480831963e-02,1.964456834806691254e-01,3.509464691117566287e-02,9.196953235216217062e-03,2.971697314198060713e-01,-2.206763363655140919e-01,9.004252815610974681e-02,-1.105539588534611289e-01,-1.754819567868985131e-01,5.684407291466969311e-03,-8.801333219188897661e-02,-1.008350009673899955e-01
-8.098872324194777983e-02,1.388689228311520696e-01,-6.712217780073745366e-02,-8.956619321840116055e-02,-1.114610277550177365e-02,2.806400132170666084e-01,-1.437151635201694144e-01,4.013272285732014111e-02,9.130637503120565823e-02,2.229357477352641170e-01,3.432025232194163859e-04,2.916668005015243814e-01,-1.500704715868458050e-01,4.390573588797054561e-02,8.482339093759795612e-02,2.523525060198666958e-01,-4.679478613847459084e-02,3.143366540997020175e-01,-1.154095971673589210e-01,1.154275303137295705e-01,-1.289708331346858250e-01,3.292039406843269567e-01,1.416698298083150787e-01,-7.216250617141704848e-02,-3.923146517092311603e-02,2.897765069634593727e-03,3.255510963877525921e-01,-1.503761215472952106e-01,5.395890517515983947e-02,6.622740297645475505e-02,2.418150302247998040e-01,-1.278186488626637807e-01,-2.298050010092800993e-02,2.320343633010820417e-01,8.377602451157190044e-02,3.238338692064942487e-02,2.453362601012119559e-01,6.956302106988687672e-02,5.797719704523866813e-02,-4.117093378471892856e-02,5.160745647309538109e-01,-1.343135932810826660e-01,1.061329330149090172e-01,-1.434709502356227573e-01,3.768532829677080920e-01,9.999999999999997780e-01,-1.638056831807906399e-01,3.698883188412194767e-01,-7.942516395340511182e-02,6.165629981365150503e-01,-5.405895657888838690e-02,-2.896030217246440761e-02,3.974129152333287507e-02,4.933071599295946186e-02,-3.583910932555264134e-02,7.664146890070147045e-01,-1.907133859214198424e-01,1.853063467540998210e-01,-1.350106515223728765e-01,-2.133554064582665610e-02,2.067266293270314248e-01,3.869228719034783354e-02,8.860837857308616339e-02,1.711364747766244143e-01,-1.874335070404136230e-02,6.625552523591314857e-01,-1.771235455867918307e-01,1.254220368709578204e-01,-6.036719450382110885e-02,4.312356890654379660e-01,-3.954719374558526152e-02,2.205558564882548755e-01,-1.006165988238887643e-01,1.287033862506385684e-01,-1.265051651158220214e-01,2.967600037479528607e-01,1.404463713356056409e-01,-6.691035393030815917e-03,-6.439380216982865113e-02,-5.646851520182696177e-02,-8.359643615313075427e-02,-5.307149397261520796e-02,2.972557307770360910e-02,6.204226928027865785e-05,-6.906503650179829368e-02,2.964380978271424338e-03,1.012944403920625486e-01,-3.318729244140124907e-02,-2.943051711729425743e-02,1.093002875124516743e-01,-1.430692326535598982e-02,5.089608117920785268e-01,-1.701874557001524513e-01,1.042054762816226887e-01,3.826604327765750768e-02,4.528154460334424258e-01,7.861771503364069213e-03,-7.743482916706161123e-02,1.561040343809990717e-02,4.008952384389453255e-02,-1.065548792931113459e-01,-1.880897865997093257e-02,3.948571829665904059e-02,-1.514608701318058068e-02,6.927286448519900386e-01,-1.899634079473764836e-01,6.914931775125471303e-02,-7.316649361612227731e-02,-8.490057409582718595e-02,-1.051829582139971048e-01,-6.337487748137714261e-02,-8.423726371875711605e-02
-5.776167542269792371e-02,-4.409254934677316745e-02,2.957004231312920436e-02,4.479719817038133392e-03,-9.727189670839375690e-02,-9.907401500539568528e-02,2.894538989598751666e-01,-8.479138036104581777e-02,-1.688939369931992673e-01,-1.359615659171848345e-01,-1.090628513518028947e-01,-1.003277533054932336e-01,3.456756443326498007e-01,-9.301723215432171343e-02,-1.732948039046247057e-01,-1.484271168652993300e-01,-4.603543835358065578e-02,-1.762947712992439520e-01,8.025075474809720832e-01,-2.032295086396371797e-01,-1.881287451037881031e-01,-1.552040762246919559e-01,2.171513379473709038e-01,1.033481790677103218e-01,1.344534139720634514e-01,-1.276945000974546163e-01,-6.722990791973319780e-02,4.074926574704353377e-01,-6.668111546148623725e-02,-1.923794948010657535e-01,-1.127889687746266856e-01,2.387910880481203604e-02,-9.785807169293271601e-02,-8.601064253466672582e-02,-1.023516629269855260e-01,-1.561787060490862633e-01,-1.347073006465131229e-01,-1.240864877379076470e-01,1.722160321538654948e-01,-4.305446214523070414e-02,-1.706568377914374490e-01,8.608866453888955883e-01,-2.161519163590849835e-01,-1.773171031012339416e-01,-1.677025205777237793e-01,-1.638056831807906399e-01,1.000000000000000000e+00,-1.869874337624438387e-01,-2.079279826847040269e-01,-1.546457008447439108e-01,-1.031892741814200570e-02,1.115333931392705757e-01,-1.240345891647064991e-01,1.242880928755854264e-01,-1.095269712243020499e-01,-6.069191515343894811e-02,5.427641731646010159e-01,-4.971301736286790757e-02,-1.765417920921169836e-01,-7.198196078540532172e-02,-2.907395587103528065e-02,-6.927028086198333545e-02,-2.311433884022690288e-01,-1.182746293808645544e-01,-8.821657566071272605e-02,-8.755927209419028800e-02,6.960317523788370764e-01,-1.288230661746345429e-01,-2.664838458311484803e-01,-1.162094077707508527e-01,-7.381035091472157306e-02,-1.499779751531711003e-01,7.604627324793579168e-01,-2.085576184307568748e-01,-1.605910558428262358e-01,-1.523944932300445865e-01,2.103425479351095639e-01,2.165180841056278324e-02,-4.241428582770271488e-02,-9.165689187809425431e-02,-4.368498484247537034e-02,-9.759260697076480029e-02,-1.060827360622663834e-01,7.134606606755450331e-02,3.966026842574870565e-02,2.915266827562534857e-01,-9.867482120722270711e-02,1.933705397160358566e-02,2.159683668195916117e-01,-1.761290829140822398e-02,-9.594459044465339370e-02,-1.357672131917257163e-01,5.834714050546715436e-01,-1.505311990344566364e-01,-2.407313005512283499e-01,-1.564539862155173988e-01,-7.217128120264132418e-02,-7.851489511959200418e-03,-8.381925922255191452e-02,-1.037899185523682467e-02,4.652102310022293574e-02,-1.313264772490730682e-02,1.563597640085711560e-01,-1.066805653733300385e-01,-1.851115996776141540e-02,4.842834149361325835e-01,9.127104782314901521e-02,-1.806605681021754006e-01,2.313691613322104712e-01,-1.682584044936820122e-01,1.534020371883425965e-02,3.333220452989208438e-01
-6.245918119831436049e-02,2.399580010817015108e-01,-9.873670326918758400e-02,-7.146042696857854426e-02,-1.658377828438286836e-02,4.762071782330778297e-02,-1.602828483252674019e-01,2.395375686934765047e-01,1.005776543672193546e-01,1.127324937431463392e-01,-4.861253935647625625e-03,1.205468440875446801e-01,-1.607258159654874063e-01,2.868266656461687103e-01,8.533048713315245781e-02,1.573316737509242724e-01,-7.878839351327006357e-02,1.555584005736257158e-01,-1.704393291097631991e-01,4.895965813871848149e-01,-4.088270909544802073e-02,1.803599427695207202e-01,2.643737429409959150e-01,-3.597843499682794322e-02,-2.187028477740163290e-02,7.370238817807686464e-03,5.253816047521125271e-02,-1.716837817082823570e-01,3.850667168302052690e-01,8.387723184573876722e-02,1.371574047378788797e-01,-1.541502735982969996e-01,-4.563208360736524527e-02,6.544172143105173034e-02,3.454973546086604896e-01,8.778075485964068059e-02,1.557685129159417370e-01,8.113388439074357972e-02,7.277327613671251416e-02,-6.178968805522214169e-02,2.145624573566324855e-01,-1.764498156829144848e-01,5.436124598722312795e-01,-1.045234829370421253e-01,1.662637236026837384e-01,3.698883188412194767e-01,-1.869874337624438110e-01,1.000000000000000000e+00,-7.284442946080975367e-02,2.834289435287665748e-01,-3.158458691144600677e-02,-6.850989983706340380e-02,1.368368033810284101e-01,1.222546240863500028e-01,6.988223667669106638e-04,1.801895144106032409e-01,-1.600062591553416125e-01,6.784933987717127746e-01,-1.195027175955835630e-01,-3.349701013999794447e-02,7.498190999220985531e-02,3.598918223603255195e-01,9.794266885245159204e-02,1.343349059304561333e-01,4.903449843263785191e-02,1.570015784629847366e-01,-1.552659106578440362e-01,6.381369991316860890e-01,-6.500289669221814837e-02,2.001203539572433132e-01,-7.394505458534542108e-02,9.131121860300857318e-02,-1.545778074850124029e-01,5.049561620002341877e-01,-3.399445276693081192e-02,1.885805283433281132e-01,2.553927048457498294e-01,5.724909373820786379e-02,-3.143020637616915358e-02,8.197257960959467710e-03,-1.600721765128390595e-01,2.097694875464751248e-03,7.626114568731952315e-02,6.043084543484180185e-03,2.134034451971647192e-02,7.628196412324592113e-02,-6.592546990491477375e-03,4.678797077316029784e-02,4.857214454581491869e-02,6.318651972586848686e-02,8.429033146978036350e-03,1.739860617350510730e-01,-2.114838674231613591e-01,5.138915694128723954e-01,4.640945760169420953e-02,2.028534306787506958e-01,-1.049644558891017071e-01,-8.937974200109440048e-02,-9.382224708453357209e-02,-6.972974351113513103e-02,-7.290657704897801628e-02,-5.417187503325605891e-02,6.527770882430003647e-03,4.961464891248876935e-02,1.200169302692180723e-01,-1.346757106001929549e-01,4.052664957856735306e-01,-8.138405012779327541e-02,4.197904342877287198e-02,-2.929663541259997644e-02,2.299585669618979880e-02,-3.527255753389690451e-03
-1.023066397850647818e-01,-4.427570771573895864e-02,4.831358115264496739e-02,-1.237138377310014886e-01,-2.016311986749793478e-02,1.446462145375190106e-02,-3.362286675211090814e-01,1.949165087575765731e-01,5.024219681504017432e-01,1.280372454390074632e-01,-2.998202667691232323e-02,5.279678840660118055e-02,-3.358357155590220855e-01,2.041192750074581064e-01,5.276385230182459862e-01,3.969515296373608837e-02,-2.389837783655517339e-03,-2.023885758654800880e-03,-1.583218467614040947e-01,1.120640184429412822e-01,6.677976682271039577e-01,1.892020202193487807e-02,-2.166131945263277958e-01,4.278494580166521469e-03,-6.575871774493846633e-02,-3.966124123808503071e-02,1.449979508876193986e-02,-3.390514643777970960e-01,1.067128832474932565e-01,6.023550380752665800e-01,-2.211150150914127643e-02,6.492300370448041147e-02,-1.795131510556221763e-02,6.352389341487499341e-02,1.210726741294334968e-01,5.134684743055116796e-01,-1.169899535213272598e-02,2.295491921903780874e-01,-1.691623166142315060e-01,-1.263162834800547057e-02,-3.064471644874662212e-02,-1.486680134787631002e-01,1.228468984187432861e-01,7.778883863175802826e-01,2.644966930773811134e-02,-7.942516395340511182e-02,-2.079279826847040547e-01,-7.284442946080975367e-02,1.000000000000000000e+00,-9.528694746349877787e-02,1.510791698056827559e-01,3.839186245702262690e-02,-6.445894648394841220e-02,-2.077663390530610360e-02,-2.209005588778374847e-04,-7.669724185038802322e-02,-2.624023955116795426e-01,6.042049152889616276e-02,5.906072414216450017e-01,-1.725088208917675836e-02,1.261922212967242843e-02,1.154275668128543625e-01,4.816674387064374119e-01,4.394490235465715183e-02,-3.220061407209487414e-02,-9.914149154444128198e-02,-2.812202872628093986e-01,2.472059194166614099e-02,6.785207955838330474e-01,-6.386257211139037548e-02,1.274032927295488775e-02,-2.736030807161143451e-03,-1.506186803425861032e-01,1.343572555534280066e-01,5.984132629776981460e-01,-3.165994602958167869e-03,-2.117280693099540811e-01,-2.502223622055042840e-02,1.076488404438935009e-01,3.717156765208952385e-02,1.569262776298689654e-01,1.899128647762625410e-02,-1.461725439687542316e-01,-1.084274112381879568e-01,-5.886693621179676233e-02,-1.579098338354155973e-01,-9.773042955546047683e-02,-1.237504456730383895e-01,-2.401226211221562379e-01,-1.350441141680800705e-01,-3.214752068817877673e-02,1.540770559264332921e-02,-3.247889546532096161e-01,1.441278735339042716e-01,6.294799625590231651e-01,-4.312960589853095938e-02,-9.983177303909569755e-02,-1.529240493433693671e-01,-1.586090043480224698e-02,-3.582045708777641113e-02,-2.675735676727203707e-02,2.487633238633770935e-02,-1.904554531184471933e-01,-5.380284507003884123e-03,-9.879527679482112690e-02,-2.529920710880231849e-01,-3.483114572526512659e-02,5.336316206069494639e-01,-1.881424353030113628e-01,1.882943790134471163e-01,-7.815745401065915532e-02,-2.333262738081270937e-01
-7.268129187673286196e-02,2.568701428490855615e-02,-7.394176101021615599e-02,-9.649029381309817688e-02,-3.094153628277730370e-02,4.435555815974022709e-01,-1.776342403051804908e-01,5.598063585582380153e-02,6.588643763779840345e-02,5.358440514371901608e-01,-2.294827022325607313e-02,4.658314602747782307e-01,-1.809919922512556179e-01,1.028890375888225212e-01,3.635023032959466133e-02,7.055329509875440941e-01,-4.581545101916481566e-02,2.769579763090453950e-01,-1.430314174985680420e-01,1.821436104733621664e-01,-1.169107470941261606e-01,8.552552147515677383e-01,-6.767145135574514914e-02,-8.834874966147050757e-02,-8.172589960678258714e-02,-1.969366701191283681e-02,5.423464665668390472e-01,-1.860657160956314393e-01,1.070972104658573926e-01,-1.709279803367635183e-03,7.269163423889770659e-01,-1.576750713491556211e-01,-4.387353531242747795e-02,4.240420827505899659e-01,2.098551448762640548e-01,-2.857713097067988636e-02,7.571865157935695478e-01,4.457566133902091284e-03,3.922382411768186687e-03,-3.228489013016293957e-02,4.382496132771668274e-01,-1.697488423378023803e-01,1.523550180570585888e-01,-1.467441046415524086e-01,8.598092611326610957e-01,6.165629981365150503e-01,-1.546457008447438830e-01,2.834289435287666303e-01,-9.528694746349879174e-02,1.000000000000000000e+00,-2.638061790807918333e-02,-6.048031667782816090e-02,1.446555585425450541e-02,1.222839606840886995e-01,2.833106752964450678e-02,5.469950122452785779e-01,-2.102259031755995267e-01,1.549868251818762033e-01,-1.924584169041411996e-01,-4.051411019438832389e-02,4.300634889317652143e-01,1.205495920556992895e-01,5.588351599335902170e-02,5.257827339465134253e-01,3.415177842849863310e-02,4.625559437731134316e-01,-1.746007703254541521e-01,1.580704835155150034e-01,-1.002316550132476697e-01,7.462283857149918376e-01,-4.266745651405509654e-02,2.577989367202663806e-01,-1.341977127040782092e-01,2.167123704672041518e-01,-1.138825783428236704e-01,8.683694289864395399e-01,-7.329228012675644000e-02,-1.355063911638779151e-02,-4.016717252672958455e-02,-1.721319944385425391e-02,-1.026946963424699016e-01,-1.681261716102937231e-02,3.290811760742793496e-02,7.761406191929455523e-02,-6.457737613530481480e-02,-6.783225236136435077e-02,7.047975537921814804e-02,-7.426401458531936561e-02,-7.711424835950940471e-02,2.187137605899846030e-02,-1.213200010077451242e-02,4.272421967731109271e-01,-1.902912372479946268e-01,1.390879013848514145e-01,-2.313009285407858703e-02,9.222850211752186000e-01,2.476163551300967700e-02,-1.056934954921827791e-01,4.567257879766309370e-02,4.649639773889548133e-02,-7.730389205586882251e-02,8.336942832098079292e-02,3.785588520268957230e-02,3.625112044825511831e-02,4.582472827563015549e-01,-2.137059481414838868e-01,1.164387095170507230e-01,-1.736839137229118646e-01,-1.640150944817377887e-01,1.597793753783850398e-02,-7.208546495024710510e-02,-1.165103230208689028e-01
-2.414759304959683203e-02,-1.848315542948352624e-02,1.334815787094895956e-01,7.780899956402152762e-02,1.673601352612246740e-01,-3.580329901054931513e-02,-7.889087841492328779e-02,-9.189043871492401719e-03,5.276782730465976595e-02,-2.937092103930910927e-02,1.618195286569927838e-01,-1.951765963478052299e-02,-9.099695700791828046e-02,-7.659305752089338656e-03,7.199378352566605799e-02,-2.317957391469118583e-02,2.832251695728487673e-01,-5.279499091045992964e-02,-3.116869431156756368e-02,8.129090076717053123e-03,1.157028782704583869e-01,-3.577599618380007673e-03,-6.726060468810464432e-02,8.751460557838269816e-02,2.504250971048579619e-02,1.667448684043312812e-01,-4.351439424768794445e-02,-9.117799839588335009e-02,-2.951347051128336979e-02,1.081241498879486895e-01,-2.810885936428925147e-02,1.273198082604628523e-01,1.329352030190033285e-01,-3.836184424841929813e-02,7.323972655085382588e-02,3.884239956338618460e-02,8.221136230420086205e-03,1.364845288745011043e-01,5.132780869459362821e-02,2.533215623234332803e-01,-7.250031997553643692e-02,-3.206796918564124022e-02,-3.728523297450860724e-02,9.494263641756832406e-02,-7.812051261513569024e-03,-5.405895657888839384e-02,-1.031892741814200570e-02,-3.158458691144600677e-02,1.510791698056827281e-01,-2.638061790807918333e-02,1.000000000000000000e+00,2.999059411284115129e-01,-1.499550053583257637e-02,-6.161046800441967453e-02,1.563731487963405664e-01,-5.197644033936417440e-02,-3.521289738448767082e-02,-3.985931465932780055e-02,1.057508657779062666e-01,1.580839678709077822e-01,-2.381189577572991739e-02,1.095169615911234691e-02,4.349115722222351293e-02,1.419709206733921550e-02,1.781740938723709866e-01,-4.685796527742798478e-02,-7.646149872924934421e-02,-3.320118822772236133e-02,1.243061191410167188e-01,-2.546254805361660573e-02,2.687394814453795688e-01,3.306476508078721316e-02,-1.131239713790709901e-02,3.459898006212450789e-04,1.072249244188039213e-01,-1.305576015916686504e-02,-6.291124874804375489e-02,-1.081710204369113193e-01,4.536710390461790032e-02,-1.487534284571006074e-02,1.577683665886062125e-01,-1.780946922034619753e-02,-1.240476163404060361e-01,-1.178643195545471256e-01,-1.321288050885336199e-02,-7.694554973619896487e-02,6.230076806108951482e-02,3.631194777510583782e-02,5.537944299574768144e-03,-7.555016756991989046e-02,1.775480237550576545e-01,-4.188614165755845387e-02,-7.276201248137151301e-02,-1.406542054883933111e-03,1.108775170970352220e-01,-1.076201197794815316e-02,6.220126596640473265e-02,-6.370545591598006721e-03,3.287511397581046463e-02,4.055646356291851135e-02,4.411798213426904036e-02,4.125921101960146331e-02,-7.524335872360068955e-02,1.642448484600783909e-01,-5.201112252805740327e-02,-6.401051622535719465e-02,-3.741250695108266217e-02,9.545874523220414243e-02,-5.564182654571904474e-02,1.471350214933558713e-02,-1.020533643936208379e-02,-3.903027006631751283e-02
7.023312348419076534e-02,-8.396311360158449644e-02,2.539519935952671559e-01,-5.427898281725367785e-02,-7.929485249774025080e-02,-7.114313517089675132e-02,-2.099891158508878850e-02,2.745512022188057247e-02,-1.549781565741382809e-02,-1.035399486854034490e-01,-7.970123856970404153e-02,-6.730378889881417914e-02,-4.235769062825043424e-02,-3.184251178426785855e-03,4.066595432136976829e-02,-1.041766627280852203e-01,-1.587260667023281807e-02,-7.599617763041714713e-02,1.220220891858301848e-01,-7.697441248502030764e-02,8.814703814044311247e-02,-8.454226172905043857e-02,1.645408071163267372e-01,1.965926206282363198e-01,1.090589644519551343e-01,-9.508798916266100743e-02,-5.434949045291678771e-02,1.225537912622618429e-02,-1.954993037829758085e-02,5.444166090936471136e-02,-9.142519819485343813e-02,-4.004651095556340662e-02,-1.039746404832752047e-01,-3.921295032932916799e-03,7.112896712677199695e-02,2.554993053246809240e-02,-7.894809720217725590e-02,1.633332215758489803e-01,1.898123838102193373e-02,-3.768569995271685985e-02,-9.332742656950368532e-02,1.263478112471794201e-01,-6.041153504574153094e-02,6.605459569836824585e-02,-8.716817506236218538e-02,-2.896030217246440414e-02,1.115333931392705757e-01,-6.850989983706340380e-02,3.839186245702262690e-02,-6.048031667782816090e-02,2.999059411284115129e-01,9.999999999999997780e-01,2.283324230409107189e-02,-8.279490490455888863e-02,-8.664950690079978313e-02,4.632705038953070786e-03,-1.460682269627369516e-02,-6.004817445947623761e-02,5.629639071182831328e-02,-8.278389230105645535e-02,-2.778873425892839158e-02,1.957145050674239523e-02,-3.489754081887264103e-02,-6.261371551856891038e-02,-9.266331110807964067e-02,-7.779035988780103050e-02,-5.158841161243253939e-03,-4.906356275966598790e-02,1.141241117477840294e-01,-1.081540324126305519e-01,-2.180922153743099223e-02,-6.145366171605481931e-02,1.520460092868392010e-01,-8.498216347592642272e-02,8.956446080298623158e-02,-7.091577467713801319e-02,1.774596423293108571e-01,-9.480429951540567113e-02,1.691596359649691350e-01,1.195978624280238517e-01,2.102911718083500248e-01,9.826463493752721212e-02,-9.815465218709873430e-02,-2.005544394689207643e-01,8.425567012277911105e-02,8.812483198579662558e-02,-1.858196053575242312e-02,5.331515662531225580e-02,2.073851793158308296e-02,-6.691489240214638923e-02,-8.046277796068337929e-02,-4.642784293200029333e-02,2.545004401648352441e-02,-1.008040436373865839e-02,4.557730498937710012e-02,-8.279748408619939937e-02,4.248809744158146134e-02,3.936739328627375523e-02,9.779277813872853942e-02,-3.788782208020360226e-02,4.267095242078197681e-02,3.056053433473595107e-03,7.392500729547191174e-02,-9.478098671019949406e-02,-2.125611193946176300e-02,-1.771692767136227517e-02,-1.930942727534916761e-02,6.230282962278618081e-02,1.219065593058578506e-01,-6.330215950687514970e-02,5.176067281599619485e-02,6.610380219906694665e-02
3.234674890930632762e-01,6.558639924680316202e-01,1.044782518421983053e-01,-3.597342499154273510e-01,8.193230715199746605e-02,8.527311287141389751e-03,-9.495971809681723330e-02,3.954374378462967299e-02,-8.063629601672479830e-02,-5.721691096968332252e-02,9.096765470822185118e-02,-8.825965137494768895e-03,-9.733419666846740426e-02,4.625379661789479763e-02,-1.143477686869643212e-01,-3.076196588187289638e-02,7.608444126103743044e-02,1.221676050693779603e-01,-7.508695268908162357e-02,8.886539350381975066e-02,-4.916562313453317311e-03,-1.867449981180405519e-02,-6.392885787668528552e-02,6.201194264998614349e-03,-2.808474921124145054e-02,8.376077070037812877e-02,-2.050446835222860184e-02,-1.302626330885719441e-01,1.589815332019926808e-01,-3.322303317754182056e-02,-2.566207922112477557e-02,5.656570197571941100e-02,8.714610900679141403e-02,1.270969865143944597e-03,1.412494217598745938e-01,-6.007424858783768501e-02,-2.401082117623357798e-02,2.083220255904147111e-01,-1.576576069689004378e-01,7.467019741919181386e-02,6.432151428159559037e-02,-8.596119200867033405e-02,7.602010759718055843e-02,-3.916175869667888609e-02,-1.409100505407807034e-02,3.974129152333287507e-02,-1.240345891647065130e-01,1.368368033810284379e-01,-6.445894648394841220e-02,1.446555585425450541e-02,-1.499550053583257464e-02,2.283324230409106842e-02,1.000000000000000000e+00,-4.959775248361899536e-01,1.941936034591960555e-02,-3.229898413444212170e-03,-1.134181915748845165e-01,2.200777828703543836e-03,-2.694798106230233969e-02,7.604333531764026488e-02,4.268301546067364977e-02,1.244065175273509211e-01,-4.976842069430165855e-02,-4.474001362605538497e-03,5.190193500526237708e-02,8.418110477808538050e-02,-2.157156996487778200e-01,5.476468496192447855e-02,-2.418770435938566790e-02,-7.349335836528425765e-03,5.156681211688292354e-02,1.615081246763340472e-01,-7.422428408138684319e-02,7.693672063975216802e-02,1.792570484843469033e-03,-2.968934952885717016e-02,-6.112414015368827780e-02,-2.162803811884026484e-01,3.835059872585662166e-01,6.033185818190112126e-01,8.643534710231950968e-02,6.192357085003600270e-01,7.642784589710961175e-03,-4.037897399848730529e-01,1.214254704266869850e-01,-6.067515486038389111e-02,-5.096378074126863000e-02,1.095066168471228729e-01,5.489298303009313915e-03,-8.754922706663982590e-02,7.408341651128196037e-02,9.110094638214286111e-02,-1.237210084272982596e-01,8.546105855090278813e-02,3.521734176777522197e-03,-2.791384889615740328e-02,3.475858223435704039e-03,3.270114457524775364e-02,6.797599760125397350e-02,9.349726766159220659e-02,6.947033252754296340e-02,1.021284290747869750e-01,-3.507974480199959472e-02,6.839464735998022904e-03,-3.128598777788028657e-03,-1.383018789281928174e-01,4.594352863807298765e-02,-9.590934483063306981e-03,-8.678480407927074980e-02,8.548789024628512812e-02,9.827911882204620753e-02,-1.486781968931781273e-01
-3.255548075502672778e-01,-3.034596381198574333e-01,-3.739460652533111440e-01,2.704269768848903688e-01,1.453006379043440995e-02,1.010027616044410215e-01,-1.781838783204946555e-02,1.087225091877146582e-01,2.417253319666929495e-02,1.716659472729703262e-01,1.032034610060859198e-02,1.407402805413428826e-01,-7.200133269506999237e-03,1.019970487127970643e-01,-5.926491123994673781e-03,1.607180718821731302e-01,9.306374346232899192e-03,-5.037522176637209553e-02,8.464049709691012779e-02,5.256394474586733451e-02,-1.681182856593706476e-01,1.649221531535844665e-01,2.158229481653193560e-01,-3.972874968077047542e-02,2.180484424947388422e-01,1.196181266994515019e-02,1.308892135190233841e-01,3.222928535316543081e-02,6.251196636492033221e-02,-7.785874510583788710e-02,1.516786020935369794e-01,-1.720711655636178727e-01,1.132886872621999795e-02,8.203659559104134469e-02,3.838301998801810916e-02,-1.145339235108772669e-01,1.382178342892012857e-01,-2.136855083024509216e-01,3.476449605393485132e-01,2.700545002579308324e-02,2.220619820812889250e-02,1.022129322307550880e-01,7.653719906295500253e-02,-1.223475043239678067e-01,1.688732861426061604e-01,4.933071599295946186e-02,1.242880928755853986e-01,1.222546240863500028e-01,-2.077663390530610013e-02,1.222839606840887133e-01,-6.161046800441967453e-02,-8.279490490455887475e-02,-4.959775248361899536e-01,9.999999999999997780e-01,8.477027794670843885e-02,4.365361919310827704e-02,1.408874403407052722e-01,1.310746328433602947e-01,-8.059335956763002962e-02,-2.621401549876706000e-03,8.269008601390170909e-02,6.798008263239684046e-02,-1.788660737926825173e-01,1.032643857492232392e-01,9.133258111659794953e-02,-2.625128190206687390e-02,2.771730144660964346e-01,1.145464226952756376e-01,-1.384395285306904699e-01,2.133538172156964827e-02,2.057658237728006087e-02,-1.218889530481461342e-01,8.900836126705059803e-02,6.022075926739415414e-02,-1.884511574462365557e-01,1.702013143887587676e-01,1.950939730908614334e-01,4.957381446215914922e-01,-4.610808228080490179e-01,-3.210249953940874090e-01,-5.890061821633585382e-01,-3.053053138012556400e-01,4.314448944734245936e-03,7.063999592862618693e-01,-1.811757581742922396e-01,2.897956692229280429e-01,1.608625159995272225e-01,-2.267763919420720253e-01,1.423324692678062664e-01,2.570457411048340246e-01,3.517792342133829742e-02,9.074219916258126351e-03,1.314264857578620327e-02,9.366697150760436297e-02,-1.577967372598190199e-01,1.409251581131022446e-01,-4.788326530391761454e-02,1.277809444182604476e-02,-1.956058088488905611e-01,-1.406492389369428664e-01,-1.291500105657323039e-01,-1.631534050337985209e-01,2.713404889886975591e-01,9.413103862257257703e-02,5.114970572171548963e-02,1.351723761365520582e-01,1.388877057655661662e-01,-1.245720012887715777e-01,2.276040107720571082e-01,-3.106960799326248801e-01,-1.867634262595487815e-01,3.755312746211929564e-01
-5.875275598006907130e-02,3.309005494872788861e-02,-5.912248494426985967e-02,2.276859146249605309e-03,8.264226959910808690e-01,1.435002642605399253e-02,-1.011403533707383590e-01,1.179143541564694059e-01,-4.749094939593008491e-02,1.062415266111130241e-02,8.403365783897654984e-01,2.191129608127993789e-02,-9.798553297461166933e-02,7.868898279486964686e-02,-9.630933909760155953e-02,3.342623830247081450e-03,7.105749938757682793e-01,3.535751388324955002e-02,-1.119239734185028257e-01,1.103177376466021598e-01,-6.637801735029648376e-02,1.046233499025137244e-02,-1.158954433213416069e-01,-1.001211991924833150e-01,-9.111354587141562433e-02,8.566990988880155422e-01,-2.677617725019586226e-02,-9.089299387684093845e-02,1.780117310941729467e-02,-1.053961360976387596e-01,-1.529274298947834280e-02,1.423178253964273721e-01,8.261571016589609462e-01,-5.072763050529145029e-02,3.103250453030416064e-02,-8.954493290202614197e-02,1.466605705984065991e-02,1.366581785368769231e-01,1.828374202867622325e-02,7.260164203064362054e-01,3.284335394812994829e-02,-1.050687275712822166e-01,1.121673897240658552e-01,-1.780235310305521707e-02,7.171656531828306431e-03,-3.583910932555264134e-02,-1.095269712243020499e-01,6.988223667669106638e-04,-2.209005588778374847e-04,2.833106752964450678e-02,1.563731487963405664e-01,-8.664950690079978313e-02,1.941936034591960555e-02,8.477027794670843885e-02,9.999999999999997780e-01,-7.378967900185043338e-02,-7.475340281692113842e-02,-7.108461829867460113e-02,-1.318237687884704912e-01,7.819495121030924922e-01,-3.567499083823019723e-02,-1.869872371315814538e-03,-8.665825926193873596e-02,3.700714918858115376e-02,9.648146557188136407e-01,-3.604472756460564559e-02,-1.257781589327421623e-01,-5.092376685297114042e-02,-8.834066418880008598e-02,-4.974175299457834348e-02,6.676556271903100193e-01,2.972608720842721472e-02,-1.200430546303385693e-01,5.811461191423301226e-02,-7.660961908041720447e-02,1.312927954961656991e-02,-1.381109758527927778e-01,8.420651971587718443e-02,-6.217684908635173757e-02,-4.668707331717637798e-02,-1.036966095621739137e-01,-5.077197941847898938e-02,1.862493976699984566e-02,4.283904692642670486e-02,-1.018400580669698019e-01,-9.718420164434778130e-02,2.400177469104864125e-01,-1.227477907248724319e-02,-8.286846087205385070e-02,1.049901241795983681e-01,9.049826384993222561e-01,-7.802604720443594849e-03,-1.116897979382181355e-01,6.076470329864220449e-02,-8.469465504286147195e-02,-2.295761858290660228e-03,5.766629671479540226e-02,-1.455543018398514354e-01,-8.183987223593930382e-02,-7.560115117832147402e-02,-1.431736187306544561e-01,-7.953205996978067460e-02,-1.891368333690505998e-01,9.881444696552278417e-01,-7.661780238122349596e-02,-8.974558971432547438e-02,-3.759844230189041125e-02,-1.463702645133779789e-01,-2.153472127171534578e-01,-3.977418154817410900e-02,-5.097526957276132115e-02,-7.519741798451734516e-02
-7.712350125185810090e-02,-8.829157753638985223e-03,-7.253208338929587051e-02,-1.285135675185153925e-01,8.858179019170489554e-02,4.812852717049742046e-01,-1.619235433337676000e-01,3.289518327864642683e-02,5.790560692230053291e-02,3.036294362246476086e-01,8.360798738683573872e-02,3.447151023167230877e-01,-1.642345986751303499e-01,1.394683104983930437e-02,4.147771009696943345e-02,3.184037144231228189e-01,-5.654062466680507409e-02,3.355146745313958290e-01,-1.905246674617650654e-02,2.241431611484281591e-02,-1.068370539871440067e-01,2.966404037125326409e-01,9.403248180941733980e-02,-5.015034538743844833e-02,-4.104000415199280521e-02,8.533554402575539710e-02,4.029183151151237152e-01,-1.511532192492335558e-01,3.478835928378037901e-02,-6.455474528347947315e-04,2.777476905046925015e-01,-7.866255206676434075e-02,8.203164880707501661e-02,2.823651747022754011e-01,4.587279909696852925e-02,-3.201756394812762391e-02,2.708292522626556953e-01,8.793270518890199117e-02,1.573359890692449178e-02,-6.329244404724157502e-02,4.949159614686394204e-01,-3.832291130993849965e-02,1.685140527987838074e-02,-1.268309325622299366e-01,3.249232275338966858e-01,7.664146890070147045e-01,-6.069191515343894117e-02,1.801895144106032409e-01,-7.669724185038803710e-02,5.469950122452785779e-01,-5.197644033936416746e-02,4.632705038953071654e-03,-3.229898413444212604e-03,4.365361919310827704e-02,-7.378967900185043338e-02,1.000000000000000000e+00,-1.955512316546182405e-01,2.485710686456154006e-01,-2.147748693981584578e-01,9.478797505585669081e-02,3.792726291877385192e-01,7.193613487436049947e-02,2.883400215523843763e-02,2.151439496610550450e-01,-6.273225286646803844e-02,8.344731418928060807e-01,-1.025195019085081011e-01,7.626370856746979288e-02,-1.176828999848594931e-01,4.475023962661706101e-01,-4.549081358845494943e-02,3.252408023123302683e-01,-1.117369088345494983e-02,4.694071000569653013e-02,-9.395062352305906528e-02,2.688975475933308990e-01,8.409551610920822096e-02,-1.889892887692933010e-02,-1.227561445412724273e-01,-6.390970614320552745e-02,-8.710070455394772204e-02,-5.353027550520554623e-02,-3.717848914101445218e-02,3.825635076428076514e-02,-7.961631467718273403e-02,-2.100137298044726290e-04,4.242792365998394183e-02,-7.227302761827908428e-02,-4.150662382640372960e-02,7.741128652733872406e-02,3.367008752155748602e-02,6.544353894603505140e-01,-1.362909119398297009e-01,3.370846740614159148e-02,-4.828385279695401877e-02,4.304337996454072335e-01,1.149862464693604397e-01,-3.232858215180413330e-02,1.553249847329943589e-01,2.636519417877424831e-01,-8.884744762876173318e-02,9.950101670165766021e-02,1.982602877267548164e-02,-6.583826751934755694e-02,9.212693057470131563e-01,-1.944676693287533120e-01,1.659506159163331995e-01,-1.804076481877883997e-01,-6.285040502906458215e-02,-1.225472862501625904e-01,-8.245295752849461646e-02,-5.585388938612874388e-02
-5.402266307101863396e-02,-4.057358852995732179e-02,-1.891767463431509241e-02,2.120207585181563270e-01,-9.937130182129740030e-02,-1.959390847452265605e-01,4.817251476951329159e-01,-1.377025066112579355e-01,-2.653692006479949073e-01,-1.710256752187368501e-01,-9.813839572865286354e-02,-1.687405775026933619e-01,5.336586039542914328e-01,-1.685940503312130523e-01,-2.680920543008373791e-01,-1.734771515472763592e-01,-9.372341815648074781e-02,-1.295158111250490907e-01,4.332619111314922056e-01,-1.474382564534047479e-01,-1.991493839314663616e-01,-2.058420083793748023e-01,9.577436277089936001e-02,2.983042854828382370e-02,1.149935678089831770e-01,-1.160581394010639922e-01,-1.604084398688336299e-01,6.170333356933286328e-01,-1.213935487139592567e-01,-2.984475574662981412e-01,-1.459836552457747239e-01,9.638790505815945930e-02,-9.221629060615323115e-02,-1.349142468998909272e-01,-1.266333906928274189e-01,-1.918984845000682726e-01,-1.586415352235622245e-01,-1.836880968325705077e-01,4.118640493341517161e-01,-7.757134225508127701e-02,-1.556807510949584361e-01,4.847934796674485125e-01,-1.677600168750470189e-01,-1.788250135318501521e-01,-2.057517115084931958e-01,-1.907133859214198424e-01,5.427641731646009049e-01,-1.600062591553416125e-01,-2.624023955116795426e-01,-2.102259031755995267e-01,-3.521289738448767082e-02,-1.460682269627369516e-02,-1.134181915748845026e-01,1.408874403407053000e-01,-7.475340281692113842e-02,-1.955512316546182405e-01,1.000000000000000000e+00,-1.637432316582257685e-01,-2.707488930973931396e-01,-7.542881102017466588e-02,-1.123919531997797233e-01,-1.063634931116581167e-01,-2.397026908657600430e-01,-1.123010457362889902e-01,-8.183692652330962214e-02,-1.693117736757046299e-01,8.257876041850968907e-01,-1.515245093877799210e-01,-3.220628918938878704e-01,-1.860582509200848222e-01,-1.176650831779752354e-01,-1.191144931536966822e-01,3.874417179796127986e-01,-1.484030395657982559e-01,-2.013340539640149363e-01,-1.927342116122741089e-01,1.173632869254458977e-01,8.644535316663264080e-02,-1.136418168395721129e-01,-1.250513413691329012e-01,-1.372287308102186631e-01,-1.122077761971796150e-01,3.216076867458376835e-03,1.555818720018050105e-01,-4.083750064961025328e-02,1.157917396468755439e-01,3.097177920842510840e-02,3.527672590122826746e-02,9.763813859193795630e-02,1.107858895449211484e-01,-8.550819593762037929e-02,-1.945345321841346897e-01,6.418570298151071718e-01,-1.783872977109840496e-01,-2.793587232034424606e-01,-2.147328243044076823e-01,-1.881640523822818989e-01,-1.703801309877191472e-01,-1.661924869914617742e-01,-6.791121425960854052e-02,-1.056970745422864122e-01,-1.151257166703826135e-01,9.556070660782331472e-03,-7.683926399174297039e-02,-1.548516727030648521e-01,9.461603129700565384e-01,-9.406664428199838779e-02,-2.923676350646654543e-01,1.325117765007770565e-01,-8.829072738314880375e-02,-4.860486667776563185e-02,1.857081643448430519e-01
-7.325388507720070885e-02,8.325097340098723542e-02,-6.416168418705262000e-02,-9.519411601074168061e-02,-5.200174680036743352e-02,7.441556311663799494e-02,-1.004211744282754309e-01,1.954403675337819668e-01,1.448268768404680218e-01,1.784015262200469298e-01,-6.598897621823128501e-02,8.134784396763523884e-02,-9.698697539619575980e-02,2.530730046061820948e-01,1.345366206150979127e-01,1.893190443832558356e-01,-5.134294883292842004e-02,3.833071085654719129e-02,3.133063938485512734e-02,3.013924194775725041e-01,3.261919662788895918e-02,9.858506058529777072e-02,2.075955226782523477e-01,-4.662857032699781884e-02,-4.541600586349650581e-02,-4.834655820859415365e-02,1.074712498195996430e-01,-8.914953592980691399e-02,3.905223349252885945e-01,7.195478065858992855e-02,1.255839273124672584e-01,-1.293175372059858497e-01,-7.918316642644718240e-02,6.821171822963789655e-02,2.185428796910540428e-01,9.293317327611920475e-02,1.104191476273688882e-01,1.159943076642875048e-01,-4.363817487669417045e-02,-5.276957033923530133e-02,8.135070423984384902e-02,9.388827294011525826e-03,3.502061217487541511e-01,-1.396587744220033171e-02,8.535273241272538225e-02,1.853063467540998210e-01,-4.971301736286790063e-02,6.784933987717127746e-01,6.042049152889616970e-02,1.549868251818762033e-01,-3.985931465932780055e-02,-6.004817445947623761e-02,2.200777828703543836e-03,1.310746328433602947e-01,-7.108461829867460113e-02,2.485710686456154284e-01,-1.637432316582257963e-01,1.000000000000000000e+00,-1.298332352804777434e-01,-6.123223042363084428e-02,1.764653447521749574e-01,3.218453185295599983e-01,1.173436730399902983e-01,1.217801688948247224e-01,-3.994110969525086624e-02,1.101307857950365454e-01,-4.103936813337898115e-02,6.927587479741900145e-01,-8.569912304538231107e-02,2.023646092953185482e-01,-3.912836978243276753e-02,7.738735494638176830e-03,5.311402193469850347e-02,3.292275789758033477e-01,2.098402784996444143e-02,1.044775655072887749e-01,1.886255363169132282e-01,6.340642725740816554e-02,-6.872727682314297426e-02,-1.357294854251390320e-03,-1.268854326986789405e-01,-5.160757422945009935e-03,1.948219732602701412e-02,7.347026896709080157e-02,-3.267093818712895475e-02,7.549479160505685738e-02,-5.418427482676782536e-02,-8.370817164510989394e-02,9.898281740228899103e-03,1.287080445924767558e-01,-4.876758843019415174e-02,1.060986822172343830e-01,-8.785231975249205294e-02,4.017706143411194364e-01,3.435365465020667058e-02,1.275766933143937520e-01,-6.036302402179873072e-02,-2.551419915374021283e-02,-5.726488493238355432e-02,-5.021362285117112606e-02,-3.997338807393233107e-02,-1.530952446422078825e-02,-1.111732300921787139e-02,-4.985322699062820495e-02,1.998681907954468207e-01,-1.612551900979639630e-01,7.688237377250395355e-01,-1.079442963052652527e-01,1.147825000666071460e-01,-1.000206641625670384e-01,-3.272353060734321112e-02,3.979320579868126512e-02
-1.289370410285515800e-01,-5.479294927406990617e-02,9.602486201615322015e-03,-1.559733252054282260e-01,-9.638416515808055640e-02,-1.101718883323895698e-01,-2.655474113348834098e-01,1.048941734276566951e-01,5.117709809943074006e-01,-2.885606098599343902e-02,-1.022052735461778522e-01,-6.075857033400548779e-02,-2.768486688049208166e-01,8.971991704074129548e-02,5.551682130089494738e-01,-1.091342781778060489e-01,-6.717509636526571015e-02,-1.857311555462810848e-02,-1.123039013864085972e-01,5.237026179407325288e-02,5.430796016201526744e-01,-7.290776386670654030e-02,-2.359885361578932528e-01,-3.388834857475869766e-02,4.941472843077330743e-03,-1.042987840476368444e-01,-9.684602296569937152e-02,-2.865968041981133974e-01,4.099433129804394321e-04,6.535341098687633687e-01,-1.301542757383897519e-01,-6.109926413861340583e-02,-9.988914592576184082e-02,-5.593378471763112841e-02,4.645527123168281119e-02,5.264924256366286803e-01,-1.265091853734047478e-01,8.499865767390782367e-02,-2.088959332692494619e-01,-8.349374710031456925e-02,-6.550531167067660809e-02,-1.266647582973483011e-01,5.969137230523841736e-02,5.760846183631380679e-01,-7.113025603067277269e-02,-1.350106515223728765e-01,-1.765417920921169836e-01,-1.195027175955835769e-01,5.906072414216450017e-01,-1.924584169041411719e-01,1.057508657779062666e-01,5.629639071182830634e-02,-2.694798106230233622e-02,-8.059335956763002962e-02,-1.318237687884704912e-01,-2.147748693981584578e-01,-2.707488930973931396e-01,-1.298332352804777434e-01,1.000000000000000000e+00,-1.006851493836635608e-01,-1.308278707934376617e-01,1.907932658083873190e-02,4.470377389322030548e-01,-8.213779160833593884e-02,-1.348618579448887522e-01,-2.003513705746062246e-01,-2.879075905915779443e-01,-8.300464801053995811e-02,8.248688184021620851e-01,-1.731080118028323067e-01,-5.826256808574716006e-02,-5.483989581282075303e-03,-1.014803836460341224e-01,4.985932131546459700e-02,5.001673004643767406e-01,-1.055738595972591232e-01,-2.307789713135145471e-01,-8.218322970917953108e-02,9.779162889286635574e-02,3.684609494658882406e-02,1.930563136583087203e-01,1.001044450009679933e-02,2.189784651164782686e-02,-1.906588737849045923e-01,6.347636504599225848e-02,-3.618876897611644772e-02,-1.232444911848901564e-01,-6.588567464588988842e-02,-1.074521992223042288e-01,-1.901434223319363737e-01,-1.174570961106387729e-01,-8.873128118280003418e-02,-2.820410436222534623e-01,6.593569036148352880e-02,6.954161878280293863e-01,-1.308234409731406922e-01,1.031120578685456972e-02,4.250341416361080524e-03,6.171940732882068986e-02,7.953728900840668914e-02,1.455790452918359346e-01,1.177056418669365639e-01,-1.002271899157596846e-01,-1.300829513227682310e-01,-2.068767724440188638e-01,-2.785054595016946410e-01,-1.534877659346885193e-01,9.099826895674475447e-01,-1.902072365603434123e-01,1.551697461598398331e-01,1.045321693381189299e-01,-1.216635180115642201e-01
-6.686221093095717771e-02,3.675508606297268888e-02,-6.888413846324627221e-02,1.631641081222762538e-02,9.701685572769400689e-01,1.113128761823935359e-01,-1.192474593697747942e-01,1.005490491333653758e-01,-1.922922645178210856e-03,-2.609617507510930343e-02,9.652635439193268940e-01,2.532789606096697010e-02,-9.642198226868080313e-02,4.723077959756972338e-02,-5.471678178743521331e-02,-3.376940581633967181e-02,7.262374821314033779e-01,1.625270462040180330e-01,-7.066024794628497641e-02,4.433140431970218620e-02,-3.025770898814925114e-02,-4.622959380900367593e-02,-1.040852060992101952e-01,-1.113032699922252983e-01,-9.387096247416314154e-02,9.364164858440724437e-01,-5.186995717508985186e-03,-7.765240897167022260e-02,-6.267408792235789478e-03,-6.903850580022347083e-02,-3.899979178904995625e-02,1.413147682440453745e-01,9.719264597505693493e-01,-4.923691342864968540e-02,-8.454680169088126321e-03,-5.568035537337857194e-02,-3.974894270613958669e-02,-2.727266851475142022e-03,-7.393680632226082815e-03,7.360527512029891861e-01,1.198563609218163406e-01,-6.524946121151516121e-02,6.688418018315758773e-02,-1.049244327851264064e-02,-5.596453708515842368e-02,-2.133554064582665263e-02,-7.198196078540532172e-02,-3.349701013999794447e-02,-1.725088208917675836e-02,-4.051411019438831695e-02,1.580839678709077545e-01,-8.278389230105645535e-02,7.604333531764026488e-02,-2.621401549876706434e-03,7.819495121030924922e-01,9.478797505585669081e-02,-7.542881102017466588e-02,-6.123223042363083735e-02,-1.006851493836635469e-01,1.000000000000000000e+00,2.830079614593510300e-03,-4.085197907762937869e-02,-5.364866309600198335e-02,-2.489516572904227135e-02,8.150945236526181414e-01,2.045850535282185412e-01,-1.271883625066317636e-01,-5.894348681335575407e-02,-4.465147142381741679e-02,-5.585058328777815079e-02,6.660533006540108047e-01,2.042549536559339352e-01,-7.849538618166918003e-02,1.354614894248021804e-02,-2.093598425581169598e-02,-5.364215283514447985e-02,-1.138309433251514374e-01,6.839585926916325054e-02,-7.076923144865190918e-02,-5.426446110307354964e-02,-7.502095189277752096e-02,-5.118186542969739572e-02,-3.562632765022415160e-02,-1.665647263625995647e-02,-1.053363946573518395e-01,-1.249740619990542673e-01,2.422448262990302137e-01,2.820928354279567812e-03,-9.292072712820106939e-02,3.857057997298775354e-02,9.465859531250989667e-01,1.800396557379666251e-01,-9.631627845809706545e-02,2.815763863106544515e-02,-4.023865058259535471e-02,-4.937243702482563279e-02,6.848171213361159415e-02,-1.293749798514513827e-01,5.192614923053309739e-02,1.812122462022881797e-01,-1.320982076714422582e-01,1.065552598598261749e-02,-2.116359801962140741e-01,8.013204069860676571e-01,1.214050428712997454e-01,-9.991563794942048826e-02,-2.941081763260058532e-02,-1.104965941621782882e-01,-2.012643591987719749e-01,-2.963709157409029696e-02,-4.473347764346313760e-02,-1.024416059881941010e-01
-2.708254901117414931e-02,6.469242499596020157e-02,6.067309783155669552e-03,-1.186851941193112908e-01,8.031577859843362990e-03,7.543976366428016833e-01,-7.701811159454267919e-02,1.179400948042828023e-01,-1.362843653625027129e-01,7.478980670159004474e-01,2.715471583873301821e-03,7.217188470383633092e-01,-8.467913452965313004e-02,8.939417114081496529e-02,-1.766518842826211300e-01,6.970034768367989741e-01,-2.778726183280756309e-02,2.439995896646395268e-01,2.889874224276105241e-02,6.936761436469106312e-02,-1.060459369039827709e-01,5.260996404502653601e-01,6.058448356397645729e-02,7.437046629071127762e-03,1.178084218648241602e-02,-3.581054872314874161e-03,7.566747400861405515e-01,-5.996958053062884098e-02,1.606569669766716724e-01,-1.667486832276247333e-01,6.234471688586004090e-01,-1.009023549233573937e-02,-6.985792635134768346e-04,7.343086373938804146e-01,2.289487618053482332e-01,-2.140624566899472225e-01,6.698416403170441846e-01,9.122546007873854820e-03,-5.574568049324301472e-02,-2.989816607743803548e-02,2.629676657991096289e-01,2.304095563674972078e-03,8.851049543052923185e-02,-1.142370974803416095e-01,5.021496256294952776e-01,2.067266293270314526e-01,-2.907395587103528412e-02,7.498190999220985531e-02,1.261922212967242843e-02,4.300634889317652698e-01,-2.381189577572991739e-02,-2.778873425892838811e-02,4.268301546067364977e-02,8.269008601390169522e-02,-3.567499083823019029e-02,3.792726291877385192e-01,-1.123919531997797094e-01,1.764653447521749574e-01,-1.308278707934376617e-01,2.830079614593510734e-03,1.000000000000000000e+00,2.527151481689505763e-01,-2.041369731804971999e-01,8.177063760799160308e-01,-3.125369817869112776e-02,4.136304919558151938e-01,-8.101367560749618557e-02,1.334714641464352647e-01,-1.761478375812349784e-01,5.131944998898130272e-01,-2.105140391467134192e-02,2.755548460672497257e-01,3.073189314941605216e-02,8.793855422461757665e-02,-9.668421243784841579e-02,5.382884674086011456e-01,6.615073517862792019e-02,3.372208735390654771e-02,-7.600087807686639607e-02,-4.897689305807195054e-02,-5.850512766956140337e-02,-3.720525941967843531e-02,-6.288534504672058101e-02,6.465288453135437097e-02,-2.071066313814163770e-02,-3.419625225139732733e-03,1.973216803500164526e-02,-6.841712375881377206e-02,3.581163122222918993e-02,5.540404899703017111e-02,-1.692832942753437486e-02,5.057535470587082305e-01,-8.667972377312761767e-02,6.903802587722993045e-02,-2.259948686074853830e-01,5.416383315620104666e-01,1.425485472492008521e-01,2.397730950217332249e-02,1.530892747537315468e-01,1.169618487418028624e-01,3.096136137790687221e-02,2.754792685564593779e-01,4.906779755600656351e-02,-3.512666734738005558e-02,3.852357194059221612e-01,-1.240812491045330257e-01,1.157699431016047664e-01,-1.680874604479591083e-01,1.698935703894124960e-02,-6.047341760130806737e-02,-4.681604303829340480e-02,2.674099378361002779e-03
-1.057151167682844790e-02,2.197436127552201135e-01,-7.161667328791587739e-02,-3.527825813171624886e-02,-4.377011029520554153e-02,1.497030350122863507e-01,-1.366849614267670598e-01,7.325424840618938171e-01,5.726025044172432243e-02,1.889379986675121803e-01,-3.569052010635236083e-02,1.879467458091058363e-01,-1.301833268772162877e-01,7.319673051390191976e-01,4.081107897296440412e-02,1.964336027062320300e-01,-2.908492538491138507e-02,4.598660226447714300e-02,-2.373296812423063284e-02,6.642799698154598920e-01,-2.903517330010370670e-02,1.460842087097110609e-01,1.244132953861586260e-01,8.353863164340150430e-03,-1.578567273813143287e-03,-4.393315687877424186e-02,1.496521131625538903e-01,-1.328719629408574021e-01,7.365113085163751405e-01,2.632108916848186972e-02,1.397757717543095524e-01,-6.055898571994629276e-02,-4.417297480164861928e-02,1.447269450796047630e-01,8.206112489641036456e-01,-4.621431406285739230e-02,1.601777922178877767e-01,-1.651729955948065499e-03,2.241917160346807228e-02,-1.358514336367224948e-02,4.320234723568426582e-02,-2.250517352140402050e-02,6.186044238157972774e-01,-7.174844995468885808e-03,1.437450944538832542e-01,3.869228719034783354e-02,-6.927028086198334933e-02,3.598918223603254640e-01,1.154275668128543764e-01,1.205495920556992895e-01,1.095169615911234691e-02,1.957145050674239523e-02,1.244065175273509349e-01,6.798008263239684046e-02,-1.869872371315814538e-03,7.193613487436049947e-02,-1.063634931116581167e-01,3.218453185295599983e-01,1.907932658083873537e-02,-4.085197907762937869e-02,2.527151481689505208e-01,1.000000000000000000e+00,-2.641403813344373255e-02,2.551247470257291816e-01,1.083691053073710005e-02,6.517317781589146430e-02,-8.562885259055975917e-02,4.071990765223090780e-01,1.414673194103391752e-03,9.737410519216924132e-02,-2.870538073068884186e-02,6.071353509272351540e-02,-2.799616436703100328e-02,6.966874532470231918e-01,-4.984270120291765804e-02,1.474311200865991156e-01,1.021145650807367827e-01,3.765214607079121062e-02,-9.115205539769680176e-02,-4.107164837357210607e-02,-1.407426248179333150e-01,-3.921034490920858456e-02,-3.831289583743118822e-03,8.849238989502729302e-02,3.597155001124021506e-02,3.547793905757988531e-02,1.045942463974809666e-01,-5.986443440193106938e-03,4.631456606682012034e-02,2.552070141939090098e-01,-3.680478102483968061e-02,1.214399562625201046e-01,-1.460834944801798208e-01,7.432196601765692634e-01,-1.316565480867602431e-02,1.199849138719586289e-01,-3.624545195465520703e-02,-1.575048246432691340e-02,-2.350038492147688007e-02,-6.367124561617221179e-02,-5.604617724514382449e-02,1.366498140791052966e-02,-2.076375003055877522e-02,2.738794414214161359e-03,2.662625584345327742e-02,-1.077111729251547800e-01,2.666194435855465672e-01,3.868317934021735412e-03,1.071124923247579047e-01,-1.914191422677691268e-01,1.078968767978770796e-02,6.457271686340892991e-02
-8.669356664441381366e-02,-6.821854432439763971e-02,6.102459169280716883e-02,-1.529494489819413494e-01,-4.729465637470422340e-02,-1.799674142964884926e-01,-2.935664565865575559e-01,6.321211306592539048e-02,8.639610592260107413e-01,-2.908491450223645719e-02,-4.823467263013671291e-02,-1.411576455791640206e-01,-2.760953896530725094e-01,9.071031944331599262e-02,8.620901180311609791e-01,-1.814645608742788269e-02,-8.098617813199156246e-03,-2.528625436099588356e-02,-1.617572633285097317e-01,9.729547602290616881e-02,6.051229327476785880e-01,-7.730768077069143443e-03,-2.544267536037297384e-01,-7.512334828582813151e-02,-2.033997423478253186e-01,-4.900617772217890494e-02,-1.436403283891983518e-01,-3.008826476223638302e-01,1.664342385254402460e-03,7.487183190176680547e-01,-2.420092658647222603e-02,1.531388563345639081e-02,-5.689142910644906515e-02,-1.243744672643808252e-01,-5.564488515482617081e-02,9.037610722005061659e-01,-5.228283057660949168e-02,1.194531658313381373e-01,-3.163647544820886170e-01,-1.897566933752157722e-02,1.154408993255148091e-02,-1.755058000964777876e-01,7.279005709712746408e-02,5.522565525789461249e-01,2.713167754250093641e-03,8.860837857308616339e-02,-2.311433884022690288e-01,9.794266885245157817e-02,4.816674387064374674e-01,5.588351599335902864e-02,4.349115722222351293e-02,-3.489754081887264797e-02,-4.976842069430166549e-02,-1.788660737926825450e-01,-8.665825926193873596e-02,2.883400215523843763e-02,-2.397026908657600430e-01,1.173436730399903122e-01,4.470377389322030548e-01,-5.364866309600198335e-02,-2.041369731804971999e-01,-2.641403813344372908e-02,9.999999999999998890e-01,-1.156854285376929525e-01,-8.081768599374263007e-02,-6.136591706847065175e-02,-3.025441133671815663e-01,8.592185695334896012e-02,5.833248070227541326e-01,1.131828191869127531e-01,1.865008031773641994e-02,-8.504769434581191390e-02,-1.295714245194750092e-01,9.049474118047193261e-02,5.915725428879959891e-01,-1.133683197374841384e-02,-2.465652412884554445e-01,-1.102534233221912907e-01,1.715798048948506682e-01,-1.744354738171967822e-03,2.430205375403372559e-01,-4.210167581750550586e-02,-9.138426317859204076e-03,-2.714357973916710631e-01,7.317407487872605587e-02,-2.482000708991798643e-01,-1.043977847388694868e-01,8.838202978505549368e-02,-2.298908461129735847e-01,-1.079669965438559698e-01,-6.448184164361678294e-02,-6.517394468113107964e-02,-2.580754521717200656e-01,7.429868867181779746e-02,8.345573201709252098e-01,4.594214823761601577e-03,-1.951563507700699307e-01,-3.080066038655716598e-01,-1.458943554834933320e-01,-5.925178522628001682e-02,-5.425180313645212166e-02,-7.904313649235078509e-02,-3.113796583270332374e-01,-8.039473255147494557e-02,-4.445644477850475146e-02,-2.086076425347943020e-01,-3.331288391953050876e-02,4.336892462045406904e-01,-4.101577706010575697e-01,1.503119921242627166e-01,1.355459704695210488e-01,-3.075719080063615829e-01
-3.457035902873550892e-02,4.828636186726967088e-03,-9.964157887064865535e-03,-9.497796981961928453e-02,-2.247093132295767057e-02,6.892804821060272147e-01,-9.459304411790549205e-02,1.572269588097358894e-01,-7.437744837463310110e-02,8.388238204775821938e-01,-1.855315478320076344e-02,7.240296531988456019e-01,-1.059149502519268621e-01,1.372353589413262132e-01,-1.120308684085616485e-01,8.200759260885233104e-01,-1.867287324557743988e-02,2.091310840520114733e-01,-1.232896153910072040e-01,1.903807642193134364e-01,-8.476044513692579385e-02,6.711701115891792746e-01,-6.628545645019150168e-02,-5.829098071939906034e-02,-7.811753928460808682e-02,-1.588958996380379282e-02,7.305180434629350295e-01,-1.050363813384164458e-01,1.734136737254653171e-01,-1.047307930727124359e-01,7.631359437753248987e-01,-5.681092616290665809e-02,-2.604867101704855942e-02,7.005452312434329309e-01,3.067124292134342234e-01,-1.439632267614885941e-01,8.407134570736267687e-01,3.852183357366975006e-04,-3.450971120600824366e-02,-1.791104777744855978e-02,2.516687955778429964e-01,-1.306387942775299738e-01,1.991221510611800305e-01,-8.433967474624103067e-02,6.405449510800883539e-01,1.711364747766243866e-01,-1.182746293808645544e-01,1.343349059304561333e-01,4.394490235465714489e-02,5.257827339465134253e-01,1.419709206733921550e-02,-6.261371551856891038e-02,-4.474001362605538497e-03,1.032643857492232253e-01,3.700714918858115376e-02,2.151439496610550450e-01,-1.123010457362889902e-01,1.217801688948247085e-01,-8.213779160833595272e-02,-2.489516572904226788e-02,8.177063760799161418e-01,2.551247470257291816e-01,-1.156854285376929525e-01,1.000000000000000000e+00,2.915438484688877632e-02,2.744258121143861029e-01,-1.297524016154688875e-01,1.245395932854940074e-01,-1.308144459430981010e-01,6.076378936291086941e-01,-2.362681310850856670e-02,2.273880774254027071e-01,-1.149640156090361853e-01,1.987760601688152717e-01,-8.276442179868649662e-02,6.926883261032370509e-01,-6.018239005454243534e-02,3.330100850294160503e-02,-4.341637237969402097e-02,-3.348687587172433783e-02,-4.095071566103630073e-02,-2.349359483406252003e-02,-1.508195682206046884e-02,5.953162378973571311e-02,-5.279233358421169670e-02,-4.696328423350866477e-02,7.079636957081894555e-02,-5.682244399511816174e-02,2.183252050004470726e-03,5.161326123144203276e-02,-1.051136125708672722e-02,4.026626881661908297e-01,-1.379172753395942475e-01,1.755556325476302637e-01,-1.290048210103746928e-01,6.849874584655104570e-01,8.726104528644960945e-02,-6.588062410859642226e-02,8.809275572962131651e-02,3.348714956077176313e-02,2.541942041626901044e-02,3.275248873372532121e-01,3.544420403585075291e-02,3.446878231138477550e-02,2.422117802744682968e-01,-1.250708932969623599e-01,9.384173719956384607e-02,-1.517553495475594538e-01,-7.984471483259457381e-02,-7.416713352749053183e-03,-6.236066175236921333e-02,-5.266225197120631002e-02
-4.197848654322614698e-02,8.851257713851784503e-02,-7.410296568456874178e-02,1.027091611920018287e-03,8.688477516762327379e-01,1.357462768633090067e-02,-1.180745114296483933e-01,1.259280795175274359e-01,-3.407636313020039748e-02,7.525665415625707420e-03,8.787822493746345609e-01,2.068764271391235546e-02,-1.085346664375800990e-01,8.703051763137284458e-02,-8.915215401436964171e-02,-7.239710443234178856e-04,7.726340841913968971e-01,8.108101792843366851e-03,-1.021113707301131851e-01,1.242056877970353773e-01,-6.984751320547652464e-02,9.774990434479536444e-03,-9.408804951243487924e-02,-9.377762273708936669e-02,-8.138638320583194141e-02,8.939921650265836295e-01,-3.147509533900307022e-02,-1.042217623013875910e-01,3.168284517568385056e-02,-9.797535434931001208e-02,-1.719930381872606176e-02,1.127324037298643167e-01,8.566164462780145872e-01,-5.620733087321358457e-02,4.870519432151446115e-02,-8.617184922780660172e-02,1.046853146896556223e-02,7.055055573534303737e-02,4.905946505351162223e-02,7.925639664869005285e-01,2.160335680393881894e-02,-1.012550979300973347e-01,1.320501428962069790e-01,-4.316998253571087407e-02,6.887095949865027975e-03,-1.874335070404136230e-02,-8.821657566071272605e-02,4.903449843263784497e-02,-3.220061407209486720e-02,3.415177842849864004e-02,1.781740938723709866e-01,-9.266331110807964067e-02,5.190193500526238402e-02,9.133258111659794953e-02,9.648146557188135297e-01,-6.273225286646805232e-02,-8.183692652330962214e-02,-3.994110969525086624e-02,-1.348618579448887522e-01,8.150945236526180304e-01,-3.125369817869112082e-02,1.083691053073709831e-02,-8.081768599374263007e-02,2.915438484688877632e-02,1.000000000000000000e+00,-2.491435843840457409e-02,-1.248060096936926405e-01,-3.887082090133182899e-02,-9.574024537933206735e-02,-5.154194839692387287e-02,7.157784261058171005e-01,-3.334940957548961343e-03,-1.106552762265343853e-01,7.742721409554388645e-02,-7.286114976108336305e-02,1.219458616488792481e-02,-1.172368031554956863e-01,8.752207526391894699e-02,-5.141481748187189116e-02,-5.266465516506857458e-02,-1.075904043291142503e-01,-5.946454413115932758e-02,2.596477894110861551e-02,3.699135634492908831e-02,-9.449629968067913000e-02,-8.797915153925059406e-02,2.503055758003231435e-01,-1.039282108334237641e-02,-7.963661874676836172e-02,8.186875434487006498e-02,9.384538851679716798e-01,-9.366408855501544284e-03,-1.258702423243581725e-01,8.349131301952515682e-02,-7.905712910831486084e-02,-2.034723928178717913e-03,6.034087372712498148e-02,-1.525474346506997259e-01,-9.159607652121121157e-02,-7.369575783875598196e-02,-1.504986739209227542e-01,-8.450532352926377888e-02,-1.915236275045349157e-01,9.707636260173593268e-01,-7.262545233681848289e-02,-9.548858304442942035e-02,-2.377104743685302252e-02,-1.461279483221156750e-01,-2.119797616939195217e-01,-4.971283186178348384e-02,-4.602893951656374105e-02,-6.873648416305587483e-02
-5.705236650964106565e-02,9.644813713657864052e-02,-8.132011722405041443e-02,-1.308327381311127080e-01,1.802164083082131163e-01,5.784566574760515723e-01,-1.744284432444792587e-01,8.965144553431959873e-02,-1.794225719403198110e-02,3.236118085304984793e-01,1.902266068496430429e-01,4.480163947578341133e-01,-1.835095385721669248e-01,7.033787693777822370e-02,-3.665770151010683958e-02,3.371512176664643312e-01,-1.382439650054829473e-02,4.299888258412284947e-01,-8.116915857953660440e-02,6.609225949841456005e-02,-1.248630681518648755e-01,3.020508155362640612e-01,4.902742261636806875e-02,-2.654281012113592075e-02,-2.392121473961832459e-02,1.787907899126189026e-01,4.652458937583754950e-01,-1.885957756094462090e-01,9.600657144824674416e-02,-2.054065562289284635e-02,3.046961853182441615e-01,-5.854403315153630660e-02,1.939692445580819269e-01,3.617491671622207750e-01,1.269021169018863249e-01,-1.115535453038492830e-01,3.147446511707243100e-01,6.458814610601282431e-03,4.710463532736286485e-02,-1.700513036259976643e-02,5.682906523880647542e-01,-9.138161236955043287e-02,5.580025777802541387e-02,-1.323077192137792346e-01,3.252051217628504909e-01,6.625552523591314857e-01,-8.755927209419028800e-02,1.570015784629847644e-01,-9.914149154444126810e-02,4.625559437731134871e-01,-4.685796527742798478e-02,-7.779035988780103050e-02,8.418110477808538050e-02,-2.625128190206687737e-02,-3.604472756460564559e-02,8.344731418928060807e-01,-1.693117736757046299e-01,1.101307857950365593e-01,-2.003513705746062246e-01,2.045850535282185412e-01,4.136304919558151938e-01,6.517317781589146430e-02,-6.136591706847065175e-02,2.744258121143860474e-01,-2.491435843840457756e-02,9.999999999999997780e-01,-1.510813223016447548e-01,1.498367271959188674e-01,-1.738149642099438563e-01,4.749711895244218551e-01,-3.412267412183393397e-03,4.441619982598264404e-01,-7.506465827573702287e-02,8.558363249395029015e-02,-1.125457509061731781e-01,2.749106362619492261e-01,5.152825653671141287e-02,-2.501288851960873152e-02,-9.486262754462240765e-02,-6.813609092999267647e-02,-9.307235067450983501e-02,-4.907023018654460556e-02,-5.448550898446020974e-02,-1.878124311420334425e-02,-6.292120839072806726e-02,-4.272556203281598422e-03,7.846105772873372686e-02,-9.103864750461634903e-02,-3.521695863077914379e-02,2.393217167419494501e-02,1.117261316829003676e-01,7.492761852721567806e-01,-1.751324498477377090e-01,7.419984641726601327e-02,-7.222070768095859017e-02,4.121255574536841215e-01,1.382121369037273839e-01,-6.298704475710147077e-02,1.982529256300963605e-01,3.761635994792939530e-01,-8.202819736011957019e-02,1.583784445064734814e-01,-4.893766547991237198e-02,-2.590511105437197023e-02,8.636605081027026731e-01,-1.886971791109857688e-01,7.489711663557109544e-02,-1.956919105366804745e-01,-5.251742352711867567e-02,-1.004464073991537115e-01,-7.556945826579268555e-02,-5.452930355904251486e-02
-1.310571703813160904e-01,-8.073881212144551345e-02,-9.974562682049765983e-02,2.335840244551078693e-01,-1.485122568494324780e-01,-1.758108121411817992e-01,5.350173793124136656e-01,-1.405756343486822268e-01,-2.728939443109475449e-01,-1.427748631000093082e-01,-1.463867710843301528e-01,-1.724857626793998289e-01,6.023837037450212595e-01,-1.624365641262821847e-01,-2.783623757915915098e-01,-1.644006495957696101e-01,-1.145837045027694456e-01,-1.726332655588144749e-01,6.484173958146844940e-01,-1.895251713058615783e-01,-2.762694638412128145e-01,-1.856003300934410405e-01,1.495430394453842460e-01,1.635213407041663167e-02,1.073795142538739172e-01,-1.628756012828853350e-01,-1.628425233871643174e-01,6.995888726565815396e-01,-1.193753299334424645e-01,-3.412133668382343887e-01,-1.435461414937051206e-01,1.298120011373401616e-03,-1.418634654992436961e-01,-1.514094644896731290e-01,-1.736474610232835447e-01,-2.589719907369376628e-01,-1.667441575301808476e-01,-1.919394854471358214e-01,3.666872026159045950e-01,-1.135562464825212725e-01,-1.855099228132990608e-01,6.872787675745739566e-01,-2.140218589280535044e-01,-2.417523582359023537e-01,-1.853793580119038609e-01,-1.771235455867918585e-01,6.960317523788370764e-01,-1.552659106578440362e-01,-2.812202872628093986e-01,-1.746007703254541243e-01,-7.646149872924934421e-02,-5.158841161243253939e-03,-2.157156996487777922e-01,2.771730144660964901e-01,-1.257781589327421345e-01,-1.025195019085081011e-01,8.257876041850967797e-01,-4.103936813337898115e-02,-2.879075905915778888e-01,-1.271883625066317636e-01,-8.101367560749618557e-02,-8.562885259055975917e-02,-3.025441133671815663e-01,-1.297524016154688875e-01,-1.248060096936926544e-01,-1.510813223016447271e-01,1.000000000000000000e+00,-1.364179574282305685e-01,-3.883942149149639533e-01,-1.680436904775715889e-01,-1.319075080519089838e-01,-1.671298820653196460e-01,5.969897934147613272e-01,-2.068119503410016380e-01,-2.692942078598589695e-01,-1.777397948313663434e-01,1.416287476542195389e-01,1.367654109929091755e-01,-2.259449698962764375e-01,-1.767932564594182077e-01,-2.568963501444052056e-01,-1.679609851167948587e-01,-7.426762211428239717e-05,3.118736062948009868e-01,-5.937959854764829348e-02,2.393801571866997213e-01,3.239894509404114137e-02,-2.292198307037329394e-02,1.402134536506852713e-01,1.863774786770495406e-01,-1.379865029982206837e-01,-2.082205532128507952e-01,7.494692175191441930e-01,-1.854097382125915183e-01,-3.648702255166601516e-01,-1.864627213938702399e-01,-1.590027710331780031e-01,-5.748543446744613233e-02,-1.730204865233172518e-01,-8.543846676593636058e-02,-9.634079007507059811e-02,-1.317093836712316390e-01,8.175922997794682345e-02,-1.327649958534585783e-01,-6.281170673272663818e-02,8.314025551262532732e-01,3.503266321011112849e-02,-3.157919122237107801e-01,2.203079185610251622e-01,-1.940905890066088879e-01,-8.596580303279227619e-02,3.039974244683232851e-01
-7.024827057408851438e-02,2.060335375983066153e-01,-8.364081090836661403e-02,-7.089037977851408989e-02,-5.851538059990225860e-02,8.925449138712665542e-02,-1.251983998830356604e-01,3.371841153952227499e-01,1.137014136217325971e-01,1.494576518547441613e-01,-4.853781347904130572e-02,1.514831764791227942e-01,-1.441096201190822379e-01,4.975544025022738959e-01,9.714605504042370110e-02,2.078373505802825483e-01,-3.131397653472926118e-02,7.486462823388410903e-02,-1.049043975890676661e-01,5.164677732478317740e-01,1.274812171623615313e-02,1.470676256642999835e-01,2.106024618918144742e-01,-1.258384443218849534e-02,6.111931803890495452e-02,-5.469800016002564214e-02,1.711015439853564302e-01,-1.777488360354273211e-01,6.357004730919435520e-01,6.047761491767471992e-02,1.910883976170309473e-01,-1.331430642761293470e-01,-5.523329633214039275e-02,1.091868221193888072e-01,4.566291223758145446e-01,3.901045879997470933e-02,1.679795739776822061e-01,2.460628033198393114e-02,-4.531977221273336860e-03,-3.095599146588580777e-02,1.008091791388270736e-01,-1.333815466667588878e-01,5.473397587730891578e-01,-5.247285462985374488e-02,1.287548374610097690e-01,1.254220368709578204e-01,-1.288230661746345429e-01,6.381369991316860890e-01,2.472059194166614099e-02,1.580704835155149757e-01,-3.320118822772236133e-02,-4.906356275966598096e-02,5.476468496192447855e-02,1.145464226952756515e-01,-5.092376685297114042e-02,7.626370856746977900e-02,-1.515245093877799210e-01,6.927587479741900145e-01,-8.300464801053995811e-02,-5.894348681335576101e-02,1.334714641464352369e-01,4.071990765223090225e-01,8.592185695334896012e-02,1.245395932854940074e-01,-3.887082090133182205e-02,1.498367271959188951e-01,-1.364179574282305685e-01,1.000000000000000000e+00,-1.156063571657188482e-01,2.440379398976617875e-01,-1.569551753013763429e-02,7.430331342630987213e-02,-8.719982485816399342e-02,5.260532717175764317e-01,-1.864285369504035950e-02,1.590237997990432695e-01,1.950377236031564654e-01,1.002369239907440479e-01,-1.639700498342372970e-01,-9.480965110385786154e-02,-1.580795947934275081e-01,-8.824550387103054228e-02,4.896621704495883465e-02,1.059405276996810280e-01,-1.224087136404826068e-02,1.455644632767495450e-01,5.029898328721879586e-02,-7.100454644423512263e-02,6.125331500131545037e-02,1.431764938632094086e-01,-6.258684184908568093e-02,1.316406544495365427e-01,-2.010536622295019948e-01,5.885534741387459245e-01,2.305997636081848212e-02,1.654260744518143977e-01,-9.353338943914858705e-02,-4.526491428447840942e-02,-7.492426109760350061e-02,-4.578674577142240187e-02,-2.694746664632017424e-02,-3.770101339236345966e-02,-1.884459245744429107e-02,-4.479909966124974441e-02,7.578447510080872640e-02,-1.461093775527596283e-01,6.680346045978751146e-01,-1.308988027907639073e-01,1.457360113036743343e-01,-1.599336675992142909e-01,-3.686343816164056736e-02,1.237039103254910788e-01
-8.988841059611209217e-02,-7.127578580165337685e-02,1.222172001763173130e-02,-1.348844397928092020e-01,-4.610232537777797512e-02,-1.253841117649712178e-01,-3.629368895737830614e-01,1.006147034601516527e-01,6.334075195148165527e-01,-7.699608370182212114e-02,-5.346217434237375554e-02,-1.018380132370153290e-01,-3.601994438759050232e-01,7.217391853766810805e-02,6.799999573921980955e-01,-1.377701047587950589e-01,-6.281654977302850162e-02,-3.606231123883967687e-02,-2.246558122911194166e-01,4.882752679514790195e-02,6.553523525146215389e-01,-5.245038254569186348e-02,-2.896802370696991424e-01,-2.240929374931509635e-02,-4.136980605925161952e-02,-6.045459860225717297e-02,-1.076728304527683894e-01,-3.774030533324357339e-01,-4.102050608399631509e-02,7.714922997380725400e-01,-1.490043659287220990e-01,-3.829944847150950488e-02,-5.105036672405574572e-02,-6.239804188906231813e-02,9.153285257714487491e-03,6.844552679445654597e-01,-1.355251546485112812e-01,1.460236250793959800e-01,-2.336019616928973752e-01,-7.542604705098449047e-02,-7.484426104678720826e-02,-2.263011121240726675e-01,6.196904656467033118e-02,6.971292687540827648e-01,-3.634294289833328584e-02,-6.036719450382111579e-02,-2.664838458311484803e-01,-6.500289669221814837e-02,6.785207955838330474e-01,-1.002316550132476697e-01,1.243061191410167465e-01,1.141241117477840294e-01,-2.418770435938566790e-02,-1.384395285306904699e-01,-8.834066418880008598e-02,-1.176828999848595070e-01,-3.220628918938879259e-01,-8.569912304538231107e-02,8.248688184021620851e-01,-4.465147142381742373e-02,-1.761478375812350061e-01,1.414673194103391535e-03,5.833248070227541326e-01,-1.308144459430980733e-01,-9.574024537933208123e-02,-1.738149642099438286e-01,-3.883942149149640088e-01,-1.156063571657188482e-01,1.000000000000000000e+00,-1.574597253527394713e-01,-5.129815347175651491e-02,-3.205538141489781834e-02,-2.102578861146140177e-01,6.077605361840804354e-02,6.125429529847262744e-01,-7.597418853901431735e-02,-2.799491919745744628e-01,-6.537825831477034333e-02,1.356294555251979506e-01,5.710297917272071783e-02,2.277944185941533084e-01,3.718288409498884950e-02,-8.245980533720145833e-02,-2.531667549253003302e-01,7.434580504842776272e-02,-1.442283052345776639e-01,-1.363262567442898865e-01,-3.027180774992790230e-02,-1.910983235782552359e-01,-2.572857779538306189e-01,-6.474951744145364396e-02,-7.822751210619280360e-02,-3.701743903712729766e-01,5.343708353779511727e-02,8.130710079635857790e-01,-1.001152275293349103e-01,-5.918723861377760131e-02,-1.040680799668012024e-01,4.992877002020024158e-02,6.414353456750881977e-02,3.762550403571417873e-02,6.486100046289085264e-02,-1.815197784706943651e-01,-7.606584731234564134e-02,-1.679990556759355103e-01,-3.412981703918788745e-01,-1.628294114337003051e-01,8.465555662268970938e-01,-3.275056594257166886e-01,2.106313854241921302e-01,1.345751586226870133e-01,-2.338904133100737637e-01
-6.342435349903616237e-02,5.401749750756042884e-02,-6.109347889425801453e-02,-1.207272409082947168e-01,-4.479381735465135655e-02,4.496782437391986798e-01,-1.673447793683931206e-01,3.487019612036253158e-02,1.184129786753337216e-01,6.068459897193255737e-01,-4.364411849331489845e-02,4.670233385699505413e-01,-1.716302451764335213e-01,8.632090593545047041e-02,8.313244040953809977e-02,7.649121813466188691e-01,-3.843944223845683489e-02,2.239877038563330425e-01,-9.175511803183848680e-02,1.342101956133155138e-01,-1.140651164156757380e-01,7.108454526455354472e-01,-8.207258626306840332e-02,-6.893706408981305211e-02,-9.737968299349461510e-02,-4.350523698209948775e-02,5.750006968531119478e-01,-1.847340399216631512e-01,9.989646449603216405e-02,6.049102221914086364e-02,8.062121415071715758e-01,-1.453016894778630386e-01,-4.782907688911609140e-02,4.654558495993147971e-01,1.590173760747345955e-01,-1.454512340982078850e-02,7.656980727978420775e-01,-7.631072829635097778e-06,-7.641324992541821681e-02,-3.989481741443593604e-02,3.560990640057533629e-01,-1.205768619081456355e-01,1.046063163818192615e-01,-1.276080784924977507e-01,6.916053668951364086e-01,4.312356890654379660e-01,-1.162094077707508527e-01,2.001203539572433132e-01,-6.386257211139037548e-02,7.462283857149917266e-01,-2.546254805361660573e-02,-1.081540324126305658e-01,-7.349335836528425765e-03,2.133538172156964827e-02,-4.974175299457833654e-02,4.475023962661706101e-01,-1.860582509200848222e-01,2.023646092953185482e-01,-1.731080118028323067e-01,-5.585058328777815079e-02,5.131944998898130272e-01,9.737410519216922744e-02,1.131828191869127531e-01,6.076378936291085830e-01,-5.154194839692387980e-02,4.749711895244218551e-01,-1.680436904775715889e-01,2.440379398976618153e-01,-1.574597253527394713e-01,9.999999999999998890e-01,-2.822927743529782263e-02,2.084744879659638506e-01,-9.093645381001613792e-02,1.267365702181126041e-01,-1.076745510968322994e-01,7.292880803374908183e-01,-7.531689421650253347e-02,-5.538767073169790361e-02,-1.037698233638678080e-01,-5.647069499406065507e-02,-6.151010456982117236e-02,-3.872404474956320924e-02,-7.242478318433898110e-02,6.235303250065826752e-03,2.361803028382195371e-02,2.571123987616297929e-02,2.650919755462008767e-03,-2.092017208099261269e-02,4.327491118151523437e-03,2.413255711934804426e-02,-5.586086095333937795e-02,3.733088688431828173e-01,-1.741089190395599395e-01,6.736559262926351821e-02,2.964146349076008172e-02,8.222311829737655176e-01,1.441225799750817972e-02,-1.159595061541221911e-01,4.778323288611278225e-02,5.445014719242376178e-02,-4.009203353644143902e-02,1.940310896187246448e-01,-4.134329985560358106e-02,-4.833810916798143148e-02,4.349093217673980494e-01,-1.780372008277487650e-01,1.471146200294410900e-01,-2.112112196797253927e-01,-1.625122201973397407e-01,-4.225559870106045807e-02,1.294431230543846047e-02,-2.387947645378873940e-02
-2.382002105899178393e-02,8.361073037240465688e-02,-3.294577122977487144e-02,-5.038533890181756680e-02,6.891056157326678200e-01,8.843454872354956225e-03,-1.147364785819010718e-01,1.612625120832803793e-01,2.450528084405446255e-02,-4.835889129688905564e-04,6.880828167853374477e-01,1.525619052373257747e-02,-1.076493435636037832e-01,1.213186016091676728e-01,-3.047277212864476711e-02,-1.617123772289916217e-02,9.820312601024986376e-01,-7.841129228893118502e-03,-7.024085292622955778e-02,-2.860191030073944499e-02,2.106232959255392723e-02,-4.585744849640951276e-02,-1.232250710222560081e-01,-6.795607898571941197e-02,-2.970678098511409307e-02,7.406301812844550136e-01,2.158884043349231993e-02,-1.244105306031143693e-01,3.572911682604988648e-02,-4.562809994362649474e-02,-2.876020459381106384e-02,7.357304537672468281e-02,6.923973672714932581e-01,-5.166976300686355189e-02,-3.217358309746751882e-02,-8.144854542923579341e-03,-4.033980032313193298e-02,-1.511748254737370518e-02,-7.406593417331004681e-02,9.606393751256629976e-01,-1.734005512964278961e-02,-7.975795132012922228e-02,-4.418980569449541818e-02,7.134041318859552297e-03,-4.771185047003617674e-02,-3.954719374558525458e-02,-7.381035091472158693e-02,-7.394505458534542108e-02,1.274032927295488601e-02,-4.266745651405509654e-02,2.687394814453796243e-01,-2.180922153743099223e-02,5.156681211688291661e-02,2.057658237728006087e-02,6.676556271903100193e-01,-4.549081358845495637e-02,-1.176650831779752354e-01,-3.912836978243276753e-02,-5.826256808574715312e-02,6.660533006540108047e-01,-2.105140391467134192e-02,-2.870538073068884533e-02,1.865008031773641994e-02,-2.362681310850857017e-02,7.157784261058171005e-01,-3.412267412183393397e-03,-1.319075080519089838e-01,-1.569551753013763776e-02,-5.129815347175651491e-02,-2.822927743529782263e-02,1.000000000000000000e+00,-1.533307987265067514e-02,-6.944176461852494264e-02,-2.862258082696370054e-02,3.106533525847678459e-02,-4.576875277949357668e-02,-1.194638817514739049e-01,1.234627625953593211e-01,-6.431620327131176706e-02,-2.701530268259788592e-02,-2.177443449075458851e-02,-3.447085051591371185e-02,-4.242786581119362826e-02,-6.626538989840524176e-03,-6.836092826885986629e-02,-5.980036179965928650e-02,1.201049820439730464e-01,-1.438131781966363321e-02,-6.536744367194041727e-02,2.668565315653154135e-02,7.341275388594630247e-01,-4.399233620463797317e-03,-1.251200988772492306e-01,3.257077145191949324e-02,-2.473918766016416221e-02,-4.995173140302816561e-02,5.549590454810145873e-02,-1.157537195041781763e-01,-6.322066291280786787e-02,-3.429751310111692209e-02,-1.055229026290745165e-01,-5.061741354733002851e-02,-1.397858681919713075e-01,6.620752360616588561e-01,-2.598500331358888707e-02,-1.253494409235305085e-01,-2.199270339310269162e-02,-6.780741905239014156e-02,-1.431884278020635892e-01,-2.508044942617378148e-02,-2.941202249740370450e-02,-4.080795893419239539e-02
-4.784105855290778087e-02,1.832058457511246199e-02,5.574224936155640353e-02,-1.275066735055951639e-01,1.907070186975685089e-01,5.638809397494038977e-01,1.036209423765614007e-02,1.093709551308174877e-01,-6.655593179219813915e-02,2.331122131815367426e-01,1.907555119714280378e-01,5.542652549676292395e-01,-4.369251137125795131e-02,1.577558879261068969e-01,-4.852093329224759638e-02,2.835865494595232184e-01,-1.943559182322426989e-03,9.077130767373843279e-01,-1.357585501869123246e-01,2.799213015699086315e-01,-9.421484414164908727e-02,3.407195330776576769e-01,-9.120006568449032236e-02,-5.732654665718207171e-02,-1.839687378519994435e-02,1.973125800824212239e-01,4.127250909354122088e-01,-4.704840440536433438e-02,1.245561294884802855e-01,-2.004947189234332697e-02,2.596299361566081765e-01,1.059303053374877346e-01,2.003137472075655623e-01,4.063513501286982188e-01,1.559303038996546487e-01,-9.131789542234723667e-02,2.917361830126071198e-01,-2.330295396800961902e-03,-3.176946888430228627e-03,8.620428540680921334e-03,7.727808992498428342e-01,-1.197842970381885891e-01,2.473701029852762023e-01,-7.828131132503865497e-02,2.950659337992833642e-01,2.205558564882548755e-01,-1.499779751531711003e-01,9.131121860300857318e-02,-2.736030807161143018e-03,2.577989367202663806e-01,3.306476508078721316e-02,-6.145366171605481931e-02,1.615081246763340195e-01,-1.218889530481461342e-01,2.972608720842721125e-02,3.252408023123303238e-01,-1.191144931536966822e-01,7.738735494638176830e-03,-5.483989581282075303e-03,2.042549536559339352e-01,2.755548460672497257e-01,6.071353509272352234e-02,-8.504769434581190002e-02,2.273880774254027348e-01,-3.334940957548961343e-03,4.441619982598264960e-01,-1.671298820653196460e-01,7.430331342630987213e-02,-3.205538141489781834e-02,2.084744879659638228e-01,-1.533307987265067514e-02,1.000000000000000000e+00,-1.289663107714068557e-01,3.029693859019914615e-01,-9.698054953400007949e-02,3.078260457325932009e-01,-7.551511448120472314e-02,-6.411321094097034712e-02,-5.446192323943341296e-02,-3.945933148013713171e-02,7.927622349104872235e-03,-1.780007713026969182e-02,-3.575004695699660062e-02,-6.479141565680114623e-02,-6.347067317457603941e-02,-6.958155577323905938e-02,1.383496462750862799e-01,4.135916856664853536e-02,5.860370496295493579e-03,-4.942271713428965374e-02,1.372337826767793256e-01,7.317068259120277363e-01,-7.393264842822848404e-02,2.269729886328331059e-01,-5.928776105956755360e-02,3.187842802052494040e-01,1.714190504011682548e-01,2.221122769513792818e-03,2.776790369270713543e-01,3.704534118667137110e-01,1.566912822483911352e-02,1.957282490839917510e-01,-7.121204401653113969e-02,1.874605077897372601e-02,3.673333598567752878e-01,-1.410990660916305317e-01,1.844053287121873858e-02,-1.955610507457527028e-02,-1.378517691680874735e-01,-2.480554789777059121e-02,-5.000486285909427203e-02,-7.921147970445495401e-02
-7.286419661417312121e-02,1.213234947592808748e-02,1.447445897832118356e-01,-7.501271609866831669e-02,-9.809451287438408773e-02,-1.146567690317574217e-01,3.458688538756800046e-01,-7.295722140892980934e-02,-1.150970756020141816e-01,-9.719797209412746331e-02,-1.055937527285396027e-01,-1.204092215103940988e-01,4.085135660902340926e-01,-1.019192150499382415e-01,-1.129410505363297734e-01,-1.080900225261477166e-01,-4.693682812565488222e-02,-1.469867876753511438e-01,9.660769176994288276e-01,-2.040411842237385975e-01,-1.665693087805983075e-01,-1.380803974731266981e-01,1.722442162066620819e-01,8.114426143649493273e-02,1.916924433137341122e-01,-1.271557319074740899e-01,-9.751696729612668868e-02,4.537963067437285614e-01,-5.922947769697524401e-02,-1.492417834686798617e-01,-1.032950358579751426e-01,4.105853907481971793e-02,-1.061615944237484926e-01,-7.485015516202538077e-02,-7.439864548413331613e-02,-1.043538315111301878e-01,-1.354764416676236816e-01,-1.037881028985641017e-02,3.281033657935983339e-02,-6.202091529215079252e-02,-1.324723384759938505e-01,9.104834019151440971e-01,-2.139352167208576905e-01,-1.619294771031479230e-01,-1.475411118866560289e-01,-1.006165988238887504e-01,7.604627324793579168e-01,-1.545778074850124306e-01,-1.506186803425861032e-01,-1.341977127040781814e-01,-1.131239713790709901e-02,1.520460092868392288e-01,-7.422428408138682931e-02,8.900836126705061191e-02,-1.200430546303385831e-01,-1.117369088345495157e-02,3.874417179796127986e-01,5.311402193469851041e-02,-1.014803836460341085e-01,-7.849538618166918003e-02,3.073189314941605563e-02,-2.799616436703100328e-02,-1.295714245194750092e-01,-1.149640156090361715e-01,-1.106552762265343992e-01,-7.506465827573702287e-02,5.969897934147613272e-01,-8.719982485816399342e-02,-2.102578861146140177e-01,-9.093645381001613792e-02,-6.944176461852494264e-02,-1.289663107714068557e-01,1.000000000000000000e+00,-2.213892314120276539e-01,-1.410567284827115853e-01,-1.360482374433114872e-01,1.793821028663639960e-01,-5.124324848543746619e-02,-3.114717255155493442e-02,-7.714230842495885254e-02,4.185643766023910278e-02,-8.246460399539155828e-02,-1.355635159621555175e-01,-9.718487339572435754e-03,8.394027665278139261e-02,2.590824682977334037e-01,-1.062470870054149502e-01,2.755344280096414661e-02,1.851690173194850964e-01,8.457307450732247378e-02,-1.089066803864171679e-01,-1.121928301409880757e-01,6.171402234664065123e-01,-1.408066637444733149e-01,-1.849718124947515308e-01,-1.399949343019171732e-01,-3.060013540310283636e-02,3.489463234632916161e-02,-5.605085203815877992e-02,5.644954773620328159e-02,4.400645602191905620e-02,1.731687570707981724e-02,5.493217844889089485e-02,-1.219983591497034586e-01,2.125104534629291067e-02,3.485954618572535968e-01,1.425681609011368589e-01,-1.135366414245085054e-01,1.992304651948096639e-01,-1.851057694966212752e-01,6.078422884198556031e-02,2.426384381946474489e-01
-4.261060309396700317e-04,1.516432080110752256e-01,-9.693388184730088175e-02,1.496939690865829210e-02,2.329652198640929511e-02,1.847581647094460877e-01,-1.472237258710822061e-01,5.549716314538108985e-01,1.459408749140123918e-01,1.383774567071405781e-01,3.349172159072598409e-02,2.791206049256120258e-01,-1.632159164294568754e-01,6.805365696158460764e-01,1.356912550195777667e-01,1.955443350800495639e-01,-3.156838851575750893e-02,3.230383647130108948e-01,-2.335930887941797263e-01,9.435725489237912766e-01,-4.639170482896503439e-02,2.502553585043515438e-01,6.590319003208423843e-02,-6.810990248784053180e-02,-7.507435393311848171e-02,3.988220833971799911e-02,1.679824389085938230e-01,-1.836485260112140361e-01,7.296411441499495165e-01,1.098680661492556498e-01,1.715130156270712747e-01,-3.039953465810462871e-03,1.208139336486585037e-02,2.062556272443937522e-01,7.467283255132785014e-01,4.661106454003700189e-02,2.118546731834721197e-01,-6.543544343482671222e-02,8.082525122268757745e-02,-5.692669904324591801e-03,3.194746091109761932e-01,-2.283987176088598248e-01,8.880514520298445902e-01,-3.936085769965735892e-03,2.313775411904568091e-01,1.287033862506385684e-01,-2.085576184307569025e-01,5.049561620002341877e-01,1.343572555534280066e-01,2.167123704672041518e-01,3.459898006212450789e-04,-8.498216347592642272e-02,7.693672063975216802e-02,6.022075926739415414e-02,5.811461191423301226e-02,4.694071000569653013e-02,-1.484030395657982559e-01,3.292275789758032922e-01,4.985932131546459700e-02,1.354614894248021978e-02,8.793855422461757665e-02,6.966874532470230807e-01,9.049474118047194648e-02,1.987760601688152717e-01,7.742721409554388645e-02,8.558363249395030403e-02,-2.068119503410016380e-01,5.260532717175765427e-01,6.077605361840804354e-02,1.267365702181126041e-01,-2.862258082696370401e-02,3.029693859019915170e-01,-2.213892314120276539e-01,1.000000000000000000e+00,-9.468322146900885750e-02,2.485141896920348148e-01,6.275816956813744241e-02,5.270900311975859620e-02,-1.197483119291117698e-01,-9.485741180475122658e-02,-1.712820860604285789e-01,-7.612544831435122394e-02,8.153846741078325799e-02,1.108641198471898015e-01,-3.417886542004997669e-02,-6.072516969268963033e-02,1.955534278496146861e-01,3.146354760515144428e-03,-4.866275915162000115e-02,1.597107318700787537e-01,3.846627015503217145e-02,2.673746595363167278e-01,-2.424730537229130289e-01,9.027092792911258767e-01,8.171791096631512985e-02,2.148631242262565577e-01,-4.919157239724862574e-02,-1.294443735175202226e-01,-5.030075702352573841e-02,-4.401023371258454969e-02,-7.514220428100623628e-02,-2.751837683630438403e-02,-1.189188737481973041e-01,7.830201016076113185e-02,8.595935903696080502e-03,-1.619941854763522482e-01,2.808620827237063855e-01,3.605151794379054392e-02,-8.482461486627897174e-02,-1.285038396512961090e-01,-3.467099806533134598e-02,-1.350080013965899127e-02
-5.150649360404925547e-02,-5.190765574334661736e-02,4.516373122506816412e-02,-4.887957102001310589e-02,-3.009421877563801459e-02,-1.195530313146212775e-01,-3.670787091291778381e-01,4.108149037889509414e-02,5.382885891720832205e-01,-2.474918326917424985e-02,-3.484929177535520117e-02,-1.134267783091618825e-01,-3.670652780446669872e-01,3.895392634328971419e-03,5.630014417615590849e-01,-8.334081884154993791e-02,1.132677550242266670e-02,-1.078627749232423522e-01,-1.711888238653380689e-01,-1.046713989637754749e-01,9.640357034294850802e-01,-1.203153539793975907e-01,-2.098885104915415856e-01,1.684743124173768702e-01,1.052745028792297088e-01,-4.755576772575943051e-02,-1.025663263854062063e-01,-3.679733334115712351e-01,-1.008566924866177855e-01,6.705190146273026786e-01,-9.693575880184135407e-02,-3.744959523539224261e-02,-4.068801372693021251e-02,-7.946968259967200632e-02,-8.217967353404150022e-02,6.473807757528987628e-01,-1.052658405003977227e-01,2.633696391117820029e-02,-2.105838050372738079e-01,7.899464675534059385e-03,-1.469910232674032924e-01,-1.708539689751542578e-01,-7.237868121749704842e-02,8.550746379416653831e-01,-1.212225093853689095e-01,-1.265051651158220214e-01,-1.605910558428262080e-01,-3.399445276693081192e-02,5.984132629776981460e-01,-1.138825783428236704e-01,1.072249244188039352e-01,8.956446080298621770e-02,1.792570484843469033e-03,-1.884511574462365557e-01,-7.660961908041720447e-02,-9.395062352305906528e-02,-2.013340539640149363e-01,2.098402784996443796e-02,5.001673004643767406e-01,-2.093598425581169598e-02,-9.668421243784841579e-02,-4.984270120291765804e-02,5.915725428879959891e-01,-8.276442179868651050e-02,-7.286114976108334917e-02,-1.125457509061731781e-01,-2.692942078598590250e-01,-1.864285369504035603e-02,6.125429529847261634e-01,-1.076745510968322994e-01,3.106533525847677765e-02,-9.698054953400007949e-02,-1.410567284827115853e-01,-9.468322146900885750e-02,9.999999999999998890e-01,-1.227104394883452715e-01,-1.991575178058909157e-01,7.960988860211123475e-04,1.729594619675605682e-01,1.253102757199680284e-01,2.256168798666068342e-01,9.654356840454364486e-02,-9.167267908524816267e-02,-2.307757717554067556e-01,7.633553936745413049e-02,-1.185522395819325892e-01,-3.214828543071674982e-01,1.208875233820768877e-02,-1.765755742064197553e-01,-4.593234428016836901e-01,-5.812106872347817116e-02,-1.235880486347369633e-01,-3.419181114431136259e-01,-1.033635603512221002e-01,6.997589231546776922e-01,-1.352337932678207844e-01,-1.430768562314842784e-01,-2.028010418523065184e-01,-4.132888960138279139e-02,-4.354089931511168771e-02,-1.602600843873243919e-01,-1.217865542534058709e-01,-2.127027576932288555e-01,-7.592154903861118853e-02,-1.117712658651609098e-01,-2.156500213731340487e-01,-5.170871767096157229e-02,4.568491386692957179e-01,-1.528398904386330248e-01,3.342347793383819710e-01,6.954663634786104054e-02,-2.163625290089945807e-01
-6.421528953232105708e-02,-3.227695951082117098e-02,-3.656035583930016680e-02,-8.511986758325626456e-02,-5.019559361356863009e-02,5.333693615319479164e-01,-1.420444290760020101e-01,9.044592669617376735e-02,2.695154620708825263e-02,6.665520642223140557e-01,-4.769323022363450293e-02,5.869223019549543174e-01,-1.461006147845210212e-01,1.479704227359334712e-01,-6.581068341065540207e-03,8.194711854021347053e-01,-4.614428160948653296e-02,3.158359759101950215e-01,-1.481092767707878621e-01,2.141888688619334735e-01,-1.208609346792776235e-01,9.871548261593245943e-01,-1.425426179044498309e-01,-9.699083268347728770e-02,-7.813328198156614668e-02,-4.498582417484164875e-02,6.385379606687310305e-01,-1.585669669515245295e-01,1.352165693082852949e-01,-2.971148168405863058e-02,8.306876929108782948e-01,-1.311181623751958847e-01,-5.820969103694507985e-02,5.574145862668352658e-01,2.709784851999476052e-01,-6.073961228400692747e-02,8.688080228283747708e-01,-2.409859777217648533e-02,-1.695635374215910237e-03,-3.722377665511419215e-02,4.078484593084325538e-01,-1.756942004541435787e-01,2.030198076012260933e-01,-1.266580470547470638e-01,9.681260555532329448e-01,2.967600037479528052e-01,-1.523944932300445587e-01,1.885805283433281132e-01,-3.165994602958168303e-03,8.683694289864395399e-01,-1.305576015916686504e-02,-7.091577467713801319e-02,-2.968934952885717363e-02,1.702013143887587399e-01,1.312927954961656991e-02,2.688975475933308990e-01,-1.927342116122741089e-01,1.044775655072887749e-01,-1.055738595972591232e-01,-5.364215283514447985e-02,5.382884674086011456e-01,1.474311200865991156e-01,-1.133683197374841210e-02,6.926883261032369399e-01,1.219458616488792307e-02,2.749106362619492261e-01,-1.777397948313663434e-01,1.590237997990432972e-01,-7.597418853901430347e-02,7.292880803374908183e-01,-4.576875277949356974e-02,3.078260457325932009e-01,-1.360482374433114872e-01,2.485141896920347870e-01,-1.227104394883452576e-01,1.000000000000000000e+00,-1.369654157344057099e-01,2.076858206380929883e-02,-5.649867427819026122e-02,-3.376467112874909776e-02,-8.912972716433037457e-02,-2.652648018417278972e-02,-8.149941112185837833e-03,1.217320993474685087e-01,-6.697698586494993389e-02,-6.481200218462707108e-02,8.884570738806561729e-02,-1.114236694286741269e-01,-6.208827224170179043e-02,2.611301848340530363e-02,-3.042296517091950744e-02,3.866122100359077884e-01,-1.769733877119054333e-01,1.823483900620198883e-01,-5.127948287427823437e-02,9.610908343172315238e-01,3.964074328882533083e-02,-1.086487445716392691e-01,5.909740543086632741e-02,4.953687816585083253e-02,-3.090629549746930216e-02,2.063149039301989118e-01,2.120215844572936881e-02,1.495638170904322641e-02,2.476475037873546725e-01,-2.046116821569877731e-01,1.132036538669861508e-01,-1.458147508063581121e-01,-1.722680008167775112e-01,2.656959688145659956e-02,-8.643296581617024299e-02,-8.052607675966252931e-02
2.172152203545490157e-01,6.040731247926379999e-02,2.557394569731777020e-02,9.089038017460639510e-03,-1.251250428008200688e-01,3.787680098150991020e-02,-8.405218264309757825e-02,8.796473136760671330e-02,-2.216280658693710326e-01,-5.415165220081845365e-02,-1.204636945815127091e-01,5.160909799297587475e-02,-8.845000655829174385e-02,6.427263077812321590e-02,-2.373195653404225891e-01,-8.040211441848572893e-02,-1.261764982460285844e-01,-4.007203494269866856e-02,1.630253735410630844e-01,7.243169874179335166e-02,-2.024048659796473804e-01,-1.445530683715340325e-01,9.789522503872191139e-01,3.612803554125932348e-01,2.637973008683941467e-01,-1.361987546525266490e-01,3.636772966975094362e-02,-2.600246884393720911e-02,1.802977599924340535e-01,-2.074048195134720607e-01,-9.893042748772797046e-02,9.635599746140820210e-02,-1.283431017662168272e-01,1.604420754292992107e-02,7.592610961177512219e-02,-2.333981506242830128e-01,-1.188272531829026313e-01,-4.392104496245848207e-03,1.421110039232961475e-01,-1.209694819748611122e-01,-2.505842094904605147e-02,1.460390009853789750e-01,8.331851513418754573e-02,-2.187305213823895200e-01,-1.478249697654168415e-01,1.404463713356056409e-01,2.103425479351095639e-01,2.553927048457498294e-01,-2.117280693099540534e-01,-7.329228012675644000e-02,-6.291124874804375489e-02,1.774596423293108571e-01,-6.112414015368827780e-02,1.950939730908614334e-01,-1.381109758527927778e-01,8.409551610920822096e-02,1.173632869254458977e-01,1.886255363169132282e-01,-2.307789713135145471e-01,-1.138309433251514374e-01,6.615073517862793406e-02,1.021145650807367827e-01,-2.465652412884554723e-01,-6.018239005454242840e-02,-1.172368031554957002e-01,5.152825653671140593e-02,1.416287476542195389e-01,1.950377236031564654e-01,-2.799491919745744073e-01,-7.531689421650253347e-02,-1.194638817514739049e-01,-7.551511448120470926e-02,1.793821028663639960e-01,6.275816956813744241e-02,-1.991575178058908879e-01,-1.369654157344057099e-01,1.000000000000000000e+00,2.012720433849040924e-01,-1.719143962153644178e-01,-7.619769221191605157e-02,-2.190117842673303672e-01,-7.185566356375784614e-02,-2.999286090319550416e-02,2.178139701054862543e-01,3.358190697719534712e-01,4.523352048517075841e-01,-2.273368982583116038e-01,3.322078065914617073e-01,4.983415501100452727e-01,-2.002951183069813512e-02,-1.296452053677673855e-01,5.578006127947156972e-02,-2.086445215125463937e-02,8.192608591700256682e-02,-3.472664122657955765e-01,-1.227266598017585780e-01,-9.455908656997071005e-02,1.431363003003458534e-01,-7.070231859238711170e-02,-1.707162407025725748e-01,-9.107111513077728593e-02,-1.908020384840694306e-01,4.017850092594495437e-01,-1.228461994532768914e-01,5.948733422668203707e-02,1.169611877797524513e-01,1.094837826258160257e-01,-2.315488359735750346e-01,6.418530399471997772e-01,-3.323867293704755310e-01,2.902169447446587558e-01,4.257526232217198059e-01
-2.040685390348851228e-02,-1.791836589407768202e-02,-3.586945371102686075e-01,3.892008422646807686e-01,7.049371733047168909e-02,6.267585702303082873e-02,-1.776405204125010573e-01,7.116466832535695008e-02,4.992674359875651918e-02,3.716732929109906741e-02,6.310881802981668787e-02,1.011224552952372374e-01,-1.569159523992332550e-01,9.135284010945904365e-02,2.772778051800695379e-02,1.802289041772102375e-03,1.202891451459484756e-01,-1.100246544888220171e-02,-5.711797236784827564e-02,5.480747630136609261e-02,9.241985502530301530e-03,2.086486355479488103e-02,2.234153732416845339e-01,6.157873098141951329e-02,2.416242943623582162e-01,6.385336570152361224e-02,6.975614425896575765e-02,-1.017291035984544539e-01,4.305005245020679383e-02,1.074495309674716216e-02,1.571219701632116730e-02,3.745084684692481791e-02,6.146013277339953257e-02,1.024503330423200409e-01,2.524241404308895029e-02,-1.293469750035546560e-02,1.101873532555710904e-02,-1.399592214380052102e-01,2.081709139880137671e-01,1.242224182162535023e-01,-1.842559119274688600e-02,-5.101436906515979808e-02,8.150030944221074714e-02,4.554535740199103927e-02,1.874175934381453953e-02,-6.691035393030815917e-03,2.165180841056278324e-02,5.724909373820786379e-02,-2.502223622055042840e-02,-1.355063911638779151e-02,-1.081710204369113193e-01,-9.480429951540567113e-02,-2.162803811884026484e-01,4.957381446215915477e-01,8.420651971587718443e-02,-1.889892887692933357e-02,8.644535316663264080e-02,6.340642725740816554e-02,-8.218322970917953108e-02,6.839585926916325054e-02,3.372208735390655465e-02,3.765214607079121062e-02,-1.102534233221913046e-01,3.330100850294159809e-02,8.752207526391894699e-02,-2.501288851960873152e-02,1.367654109929091477e-01,1.002369239907440479e-01,-6.537825831477035721e-02,-5.538767073169791055e-02,1.234627625953593211e-01,-6.411321094097034712e-02,-5.124324848543747313e-02,5.270900311975860314e-02,7.960988860211122391e-04,2.076858206380929536e-02,2.012720433849040647e-01,9.999999999999998890e-01,-5.559406533648253435e-01,-2.880873255187836324e-01,-6.258859489180298441e-01,-2.431741413989279843e-01,-2.396721730105259296e-01,6.716930834089108737e-01,7.677502272539553363e-02,2.749903636727225043e-01,6.842100534608443196e-02,-6.983500462748742227e-03,2.527867984533339607e-01,4.681065683058982518e-02,8.304468500024506095e-02,1.097457979707627341e-03,-1.832214876653854851e-01,6.182857757533742615e-02,-9.151209431849234577e-02,3.154683931945973874e-04,-2.060172797686719570e-01,-2.552903561531250434e-02,-2.202039323597776155e-01,-2.135662663407157658e-01,-3.146053346144959684e-01,-2.905805929467815685e-01,1.069270050282060541e-01,7.271545148638813849e-02,2.486433937484609433e-02,6.039343463779094784e-02,1.193298496780458295e-01,-1.039494177049095358e-01,2.251295895770857314e-01,-3.108020062125730898e-01,7.362906625078523282e-02,3.350362106925572903e-01
9.080869571194494227e-02,-1.628906938055342882e-02,4.015286680433596267e-01,-4.490491220909309522e-01,-8.292752656713409110e-02,-1.155962068954685673e-01,3.595224339067192021e-02,-8.644747341262315476e-02,6.901855346678649472e-02,-1.016805376791828780e-01,-8.057520927948781664e-02,-1.016832641104681439e-01,4.338181396015611778e-03,-1.267623940485640421e-01,1.146552830208857621e-01,-9.456551324122994262e-02,-5.729271482654046260e-02,-9.253332685766524346e-02,-2.663860042723725785e-02,-1.255651152101712187e-01,1.369263239327944415e-01,-5.826102838945704243e-02,-1.785313137473629741e-01,-6.517855220045808140e-02,-1.333403613392122877e-01,-8.015049967599895131e-02,-9.914636540745662419e-02,-3.566567912978844263e-02,-1.057131597407657136e-01,1.510254319759669339e-01,-8.847015293264105795e-02,2.796457058195655695e-02,-8.530371728705792023e-02,-8.127684749540778353e-02,-5.151118783178357252e-02,1.636905362258908869e-01,-5.300739852335744490e-02,2.522418248158656007e-01,-2.248635940262619370e-01,-5.921389983428982512e-02,-9.387687135886357837e-02,-3.695346961408105951e-02,-1.076899603293267754e-01,7.996968253504646573e-02,-5.588956260660995351e-02,-6.439380216982865113e-02,-4.241428582770271488e-02,-3.143020637616914664e-02,1.076488404438935009e-01,-4.016717252672957761e-02,4.536710390461790032e-02,1.691596359649691350e-01,3.835059872585661611e-01,-4.610808228080489624e-01,-6.217684908635174451e-02,-1.227561445412724134e-01,-1.136418168395721129e-01,-6.872727682314297426e-02,9.779162889286635574e-02,-7.076923144865189530e-02,-7.600087807686639607e-02,-9.115205539769680176e-02,1.715798048948506960e-01,-4.341637237969402097e-02,-5.141481748187188422e-02,-9.486262754462240765e-02,-2.259449698962764930e-01,-1.639700498342373247e-01,1.356294555251979506e-01,-1.037698233638678080e-01,-6.431620327131175319e-02,-5.446192323943341296e-02,-3.114717255155493442e-02,-1.197483119291117698e-01,1.729594619675605960e-01,-5.649867427819026122e-02,-1.719143962153644178e-01,-5.559406533648253435e-01,1.000000000000000000e+00,5.595090792916681544e-01,6.326404712329384283e-01,4.941401120811915737e-01,1.643006840742986807e-01,-6.804992696916167816e-01,-8.096847082320869637e-02,-2.106947061612017003e-01,-1.189218962235520510e-01,-4.405987638566217363e-02,-1.637468838554685391e-01,-2.087868521013802603e-01,-6.945510842249959238e-02,-1.050230025792652233e-01,3.181172891410452563e-02,-8.857518042419998405e-02,2.180413054644901039e-01,-8.215707834341556826e-02,1.255631138811789602e-02,5.596885214817629218e-05,4.610209958604711417e-02,6.872713835772591151e-02,2.856319241370774420e-01,1.741352638137925735e-01,3.646878310135476253e-02,-5.735786948384449802e-02,-1.557762527710603029e-01,-1.180328189894161439e-01,-1.233088608577079803e-01,1.464136229654251220e-01,-1.692805689104707467e-01,3.930741185306663166e-01,-6.367322982514284080e-02,-2.889875870744848529e-01
3.089893798849855377e-01,1.335987979262607227e-02,2.167945665491690932e-01,-2.470093134691306036e-01,-5.966861234571589623e-02,-6.515237461884633430e-02,-8.190869618639710914e-02,-5.829627541691764780e-02,9.932155146429023224e-03,-5.410570571770001447e-02,-5.629341012189244264e-02,-5.731422844729341937e-02,-8.848906777834478210e-02,-8.101213364359927116e-02,-1.107748875656886824e-02,-5.470261849626711220e-02,-3.465526388743431913e-02,-5.161764952150998259e-02,-9.052054829188234397e-02,-9.679026475386018347e-02,1.056970384224523996e-01,-3.955906860024981098e-02,-7.132489185739546156e-02,-2.476947880325639298e-02,-4.898410857790999606e-02,-5.536507560502056807e-02,-4.627332174616525379e-02,-1.042994151248901324e-01,-4.888920861149327612e-02,3.885440429584019473e-02,-4.324580834278296537e-02,1.490691623566572921e-02,-5.414275589239010700e-02,-3.829948723811336248e-02,-4.139329545539355976e-02,-4.987243867044374376e-03,-3.443890125780567357e-02,8.323690015875670478e-02,-1.710037673605225850e-01,-3.849089860370883548e-02,-7.762049566881697171e-02,-9.499585778938401948e-02,-9.732184073065994201e-02,7.163598816214054865e-02,-2.853720355777801532e-02,-5.646851520182695483e-02,-9.165689187809425431e-02,8.197257960959467710e-03,3.717156765208951691e-02,-1.721319944385425391e-02,-1.487534284571005901e-02,1.195978624280238517e-01,6.033185818190112126e-01,-3.210249953940874090e-01,-4.668707331717637798e-02,-6.390970614320552745e-02,-1.250513413691328735e-01,-1.357294854251390320e-03,3.684609494658882406e-02,-5.426446110307354964e-02,-4.897689305807195054e-02,-4.107164837357211301e-02,-1.744354738171967822e-03,-3.348687587172433089e-02,-5.266465516506857458e-02,-6.813609092999267647e-02,-1.767932564594182354e-01,-9.480965110385784766e-02,5.710297917272071783e-02,-5.647069499406065507e-02,-2.701530268259788939e-02,-3.945933148013713865e-02,-7.714230842495885254e-02,-9.485741180475124046e-02,1.253102757199680284e-01,-3.376467112874909776e-02,-7.619769221191605157e-02,-2.880873255187836324e-01,5.595090792916681544e-01,9.999999999999998890e-01,1.892192316094354898e-01,9.489729624559702925e-01,5.700556395565246209e-02,-3.506083371178743691e-01,-3.742004273692824123e-02,-9.448557127269632816e-02,-1.671765076199456523e-01,-4.393138612490426337e-02,-8.335817736122051735e-02,-1.915841546738743517e-01,-5.700225285645320328e-02,-6.454249132495452901e-02,-9.680450536415141638e-02,-7.191873984660275554e-02,7.196454958262220314e-02,-4.277443525471526925e-02,-3.649647630524886777e-02,1.108255642155104581e-01,-3.814261504584451692e-03,3.646020680919245111e-02,1.407641644276460269e-01,1.567634842318471056e-01,1.422328497971158678e-01,-5.258905295096860666e-02,-6.928628789517429776e-02,-1.377741598585256466e-01,-2.740252654136313484e-02,4.567665702951156231e-02,-3.808888309694395680e-02,2.170585536302876428e-01,-2.574319707389399400e-02,-1.584270414612008182e-01
-1.714658706888782386e-02,-6.245581085196250104e-02,6.613802439099378816e-01,-4.401515206331636509e-01,-8.015020809377369770e-02,-1.292440775333180136e-01,1.727681101968193411e-01,-1.093432170142522863e-01,4.802817574917411791e-02,-9.617223776831140825e-02,-8.743753228004476352e-02,-1.224282299766424470e-01,1.451886613198002385e-01,-1.471456184712138515e-01,1.301856302836087997e-01,-9.003334576775537390e-02,-1.367229686808609825e-02,-6.235537787636891149e-02,2.239522838003731725e-02,-1.676313626435721738e-01,1.798020760336220825e-01,-9.840280460876200952e-02,-2.611454663489221062e-01,-1.507370044583379066e-02,-1.128360555411611899e-01,-9.233032224309528635e-02,-9.494326747797109112e-02,7.262055891442803501e-02,-1.419050130820103950e-01,1.845243803317623832e-01,-9.092303705041046569e-02,1.470919110952457511e-02,-9.863021337941529909e-02,-8.258091619445000198e-02,-7.035553889968772234e-02,2.135240011407640026e-01,-6.959733392797363971e-02,2.988655849463645597e-01,-3.287999484579842147e-01,-5.115886019835549220e-02,-8.185833297325940949e-02,-1.476968079875992136e-02,-1.620887480679517600e-01,1.272332091193281167e-01,-1.030610715602036098e-01,-8.359643615313075427e-02,-4.368498484247537034e-02,-1.600721765128390317e-01,1.569262776298689932e-01,-1.026946963424699016e-01,1.577683665886062125e-01,2.102911718083500525e-01,8.643534710231949580e-02,-5.890061821633585382e-01,-1.036966095621739137e-01,-8.710070455394773592e-02,-1.372287308102186631e-01,-1.268854326986789682e-01,1.930563136583086925e-01,-7.502095189277752096e-02,-5.850512766956140337e-02,-1.407426248179333428e-01,2.430205375403372559e-01,-4.095071566103630073e-02,-1.075904043291142503e-01,-9.307235067450983501e-02,-2.568963501444052056e-01,-1.580795947934275081e-01,2.277944185941532806e-01,-6.151010456982117236e-02,-2.177443449075458851e-02,7.927622349104870500e-03,4.185643766023910278e-02,-1.712820860604285789e-01,2.256168798666068065e-01,-8.912972716433037457e-02,-2.190117842673303949e-01,-6.258859489180299551e-01,6.326404712329384283e-01,1.892192316094354898e-01,9.999999999999998890e-01,1.401392586754121872e-01,1.150277541906486768e-02,-8.419356929564640879e-01,-1.638590796616438278e-02,-2.448397609616793924e-01,-1.305333474232184543e-01,3.686666763899201088e-02,-1.715315877145875689e-01,-1.882758724946896889e-01,-9.166185301119345041e-02,-9.291806904413522916e-02,1.383933565593223058e-01,-1.277936358189309674e-01,2.688370672600524092e-01,-8.768416754613769792e-02,1.695892230940250212e-01,7.334987960548193520e-02,2.341430850876088932e-01,2.041239444975185280e-01,3.620711151998234345e-01,3.329836499443775688e-01,-1.423921438544760998e-01,-1.113963495803872716e-01,-1.126755271020089544e-01,-1.393421147024176687e-01,-1.580703092626751516e-01,2.159939657207702313e-01,-2.252654102666467872e-01,3.608951660966607244e-01,-9.382375631016285538e-04,-3.359733582938135843e-01
3.345962936978568725e-01,3.413541511528159211e-02,1.907815216374983691e-01,-2.286123208333424028e-01,-5.298246811691467023e-02,-5.099391192002149936e-02,-6.467876448748638429e-02,-5.839406599833788652e-02,-1.666236271135387165e-02,-3.940981813651182886e-02,-5.247879204266513165e-02,-4.561112351950206284e-02,-6.859724754086657383e-02,-8.319138435624015560e-02,-3.633872638180415948e-02,-4.089490145653918579e-02,-4.007628331142439049e-02,-3.914294203416775197e-02,-9.688044989569360999e-02,-7.684366885447316275e-02,7.622706663715565767e-02,-2.965268903798854577e-02,-6.672704522012597173e-02,-3.618240137128612977e-02,-6.085229744809943220e-02,-5.410605209721678494e-02,-4.256911265383900994e-02,-8.304328710940071800e-02,-4.909116937718537022e-02,1.339412771823976327e-02,-3.136562934667674191e-02,2.441295300826474071e-02,-4.777188342427445000e-02,-2.991031631847738612e-02,-5.364220562180708335e-02,-3.198805986138884144e-02,-2.358674394001004926e-02,7.428739123874592010e-02,-1.403565692733411696e-01,-4.319368529628050957e-02,-6.322323759754640282e-02,-1.043864335903873924e-01,-8.115386647592606750e-02,4.894837693089358621e-02,-2.101788982952907184e-02,-5.307149397261520796e-02,-9.759260697076478641e-02,2.097694875464751248e-03,1.899128647762625410e-02,-1.681261716102937578e-02,-1.780946922034619406e-02,9.826463493752719824e-02,6.192357085003599160e-01,-3.053053138012556955e-01,-5.077197941847898938e-02,-5.353027550520555317e-02,-1.122077761971796289e-01,-5.160757422945009068e-03,1.001044450009679759e-02,-5.118186542969740266e-02,-3.720525941967843531e-02,-3.921034490920858456e-02,-4.210167581750551280e-02,-2.349359483406252003e-02,-5.946454413115932758e-02,-4.907023018654460556e-02,-1.679609851167948309e-01,-8.824550387103054228e-02,3.718288409498884950e-02,-3.872404474956321618e-02,-3.447085051591371185e-02,-1.780007713026969182e-02,-8.246460399539155828e-02,-7.612544831435122394e-02,9.654356840454364486e-02,-2.652648018417278972e-02,-7.185566356375784614e-02,-2.431741413989280121e-01,4.941401120811915737e-01,9.489729624559702925e-01,1.401392586754121872e-01,1.000000000000000000e+00,-7.089398735516760572e-03,-2.997954771743775448e-01,-4.264766093275068615e-02,-9.023085245077742955e-02,-1.375374546473290271e-01,-4.736285472975070021e-02,-7.069653370438919171e-02,-1.679449727347455124e-01,-5.871730959812684197e-02,-5.434831482942166503e-02,-7.668802807259443577e-02,-6.872836168767729181e-02,3.592432643655126684e-02,-3.279290847775831463e-02,-2.354653794873616188e-02,1.216563379952643048e-01,1.260802381997697293e-02,4.578703811480639568e-02,1.550529527571327948e-01,1.416475949724727845e-01,1.060791253487946423e-01,-5.639193454991464627e-02,-5.682640596996393206e-02,-1.309550354082327228e-01,-2.571336700352647164e-02,2.101487899962893244e-02,-3.088842750391992270e-02,1.849000808627406789e-01,-2.699475707184642928e-02,-1.452777394577421388e-01
-4.512408269174281172e-02,-8.172257781863404014e-02,-1.705868714037007128e-01,1.079678315041645263e-02,-2.356031954165772879e-02,-2.642397073821533410e-02,5.094846823749495796e-02,-3.188833173993893544e-02,-8.710741366931307184e-02,1.436918091003741745e-02,-1.134233722902364995e-02,-1.266649800757019446e-02,3.085747797698548331e-02,-1.466106325543564508e-02,-1.011529934860993241e-01,2.201394312023265479e-02,-4.595429694934928533e-02,-1.364471032521142463e-02,-1.120458580054471825e-01,7.167772848131853669e-02,-9.491619504834530874e-02,-1.404361220563859688e-02,-3.393950814244929906e-03,-1.175674829270468708e-01,-1.031448985122746798e-01,-2.289633046182319807e-03,3.870334717528450819e-02,3.889440196922989978e-02,2.518937345411415571e-04,-1.617890709672769878e-01,7.474999953207707611e-03,-2.174168526733846196e-01,-2.690943094201797212e-02,-3.040570861491554214e-02,-4.441598087185622684e-02,-7.875528531147783784e-02,3.083535775342542001e-03,-1.285454288744250773e-01,-4.393236973188418409e-02,-3.537379038581672103e-02,-1.590423424544390105e-02,-9.692556935195595358e-02,4.118690520073419598e-02,-1.614074315501092816e-01,-6.763089151609908561e-03,2.972557307770360563e-02,-1.060827360622663834e-01,7.626114568731950927e-02,-1.461725439687542316e-01,3.290811760742793496e-02,-1.240476163404060361e-01,-9.815465218709873430e-02,7.642784589710961175e-03,4.314448944734245936e-03,1.862493976699984913e-02,-3.717848914101445218e-02,3.216076867458377269e-03,1.948219732602701412e-02,2.189784651164782686e-02,-3.562632765022415160e-02,-6.288534504672059489e-02,-3.831289583743118822e-03,-9.138426317859204076e-03,-1.508195682206046884e-02,2.596477894110861551e-02,-5.448550898446020974e-02,-7.426762211428238362e-05,4.896621704495883465e-02,-8.245980533720145833e-02,-7.242478318433896722e-02,-4.242786581119362826e-02,-3.575004695699659368e-02,-1.355635159621555452e-01,8.153846741078325799e-02,-9.167267908524817654e-02,-8.149941112185839567e-03,-2.999286090319550069e-02,-2.396721730105259573e-01,1.643006840742986807e-01,5.700556395565246209e-02,1.150277541906486768e-02,-7.089398735516760572e-03,1.000000000000000000e+00,-6.094386031455985286e-02,-1.486651530555326284e-01,-7.580189665130949994e-02,-1.526621410968150537e-02,-1.021653007041351535e-01,-1.638455398574606980e-01,1.101545745651217878e-01,-5.985487709721440744e-03,-2.857490484238449022e-02,6.431500002175104432e-03,7.730633646164142281e-02,-5.752937899995014259e-02,-1.336291458435338343e-02,7.703071180018097874e-02,-4.264940437412348406e-02,1.076272739809897711e-02,3.342573547806629297e-02,1.004048868315251392e-01,1.026672340802678857e-01,-5.741205887244985734e-02,2.335773603556760836e-02,-6.848782686875243275e-02,4.942102362100595642e-02,-2.192767531701005773e-02,3.843871701763322546e-02,2.095779199433957588e-02,1.449209481907019481e-01,-1.548241651259884000e-01,-8.615773421207574556e-02
-6.248823000208812012e-02,-1.997191709942729154e-01,-4.922107229609863355e-01,5.268788474249470610e-01,-1.168542206098687267e-02,1.216093490291267204e-01,-5.891964308337913764e-02,1.074575335558599076e-01,-8.914311474276744029e-02,1.375297495289299066e-01,-1.423773120532126346e-02,1.378672420248265584e-01,-4.543358366432266593e-02,1.500718458748623030e-01,-1.441401579196704696e-01,1.141831788327145464e-01,-1.994737121467636889e-02,-1.394727376722301802e-04,1.743749786756987850e-03,9.956324889953734047e-02,-1.922854959081071735e-01,1.249302265203623835e-01,2.480113531262195803e-01,-4.619695230993921958e-02,1.181532899633605527e-01,-8.823024956405245423e-03,1.098807511077756899e-01,2.755928782339246708e-02,8.230763941440374931e-02,-2.250450429705116995e-01,1.091547118105632430e-01,1.524476433679118441e-02,4.050661390259556113e-03,8.867998904586846254e-02,3.868115200597062320e-02,-2.591542822179430661e-01,9.049696445271494805e-02,-3.353570187204230058e-01,3.202562834605092168e-01,-3.218633251376638079e-03,4.370536691461707896e-02,6.919733620091516289e-03,1.098774991853395805e-01,-1.426413624495367904e-01,1.296231747253409616e-01,6.204226928027865785e-05,7.134606606755450331e-02,6.043084543484180185e-03,-1.084274112381879707e-01,7.761406191929455523e-02,-1.178643195545471256e-01,-2.005544394689207921e-01,-4.037897399848730529e-01,7.063999592862619803e-01,4.283904692642670486e-02,3.825635076428076514e-02,1.555818720018050383e-01,7.347026896709080157e-02,-1.906588737849045923e-01,-1.665647263625995647e-02,6.465288453135437097e-02,8.849238989502729302e-02,-2.714357973916711186e-01,5.953162378973571311e-02,3.699135634492909525e-02,-1.878124311420334425e-02,3.118736062948009868e-01,1.059405276996810280e-01,-2.531667549253003302e-01,6.235303250065827620e-03,-6.626538989840523308e-03,-6.479141565680116011e-02,-9.718487339572437489e-03,1.108641198471898015e-01,-2.307757717554067278e-01,1.217320993474685226e-01,2.178139701054862543e-01,6.716930834089109847e-01,-6.804992696916167816e-01,-3.506083371178743691e-01,-8.419356929564641989e-01,-2.997954771743774893e-01,-6.094386031455985286e-02,1.000000000000000000e+00,-1.368113749025648695e-01,2.349106488832229389e-01,1.590351911575957067e-01,-1.528856320899931731e-01,1.960822708088612865e-01,2.184781319550824219e-01,-2.429700892143306791e-04,3.294396375644826486e-02,-5.680411593884134025e-02,9.027652353406180608e-02,-3.303024704956284419e-01,9.783281447224628780e-02,-1.226162119292751318e-01,3.388853961770338374e-02,-2.004208846857485904e-01,-2.370875211694526419e-01,-2.781256610894433101e-01,-3.093003619402044380e-01,2.024933616736539488e-01,4.504274040572520121e-02,7.147616988879083866e-02,1.611412954355992688e-01,1.343957393204253115e-01,-2.347792589637055227e-01,2.710382719409021868e-01,-3.497934532595012858e-01,-1.749779722859962083e-01,3.858249732200038085e-01
2.624711172277824356e-01,1.432909057761688754e-01,8.567122531882648967e-03,-1.322583072996124931e-01,-1.112568839549602784e-01,-5.582296423954101472e-02,-1.767948090345117518e-01,-2.919695143061941389e-02,7.275869279223728947e-02,-7.778937433051226480e-02,-1.124654660060155631e-01,-6.215294502979970548e-02,-1.570112352398101707e-01,-2.334742354941867284e-02,6.911912717398835393e-02,-6.642197395485018030e-02,-6.827199940273587231e-02,-5.229372694362882656e-02,6.600328501493386846e-02,8.082187455750391644e-03,1.109057328741979015e-01,-6.751666823191963818e-02,3.181655476425072071e-01,6.633361528453621814e-01,2.267181029248336588e-01,-1.105441605798045956e-01,-6.855471341420951714e-02,-1.466761063044193236e-01,3.599507510764211188e-02,1.554534138772434015e-01,-6.176455582776264885e-02,1.257874420346637157e-01,-1.072013442726582610e-01,-4.500063716502624572e-02,6.900754784400471922e-03,1.000705142287192512e-01,-7.169939628759521011e-02,8.070790041454166397e-02,-1.129528781207166099e-01,-7.463771878965413942e-02,-7.921527514236026413e-02,3.352332061823923293e-02,6.370951156589452040e-03,9.749343506387275760e-02,-6.959464774227902550e-02,-6.906503650179829368e-02,3.966026842574870565e-02,2.134034451971647192e-02,-5.886693621179676233e-02,-6.457737613530481480e-02,-1.321288050885336199e-02,8.425567012277909718e-02,1.214254704266869850e-01,-1.811757581742922396e-01,-1.018400580669697880e-01,-7.961631467718274791e-02,-4.083750064961025328e-02,-3.267093818712896169e-02,6.347636504599225848e-02,-1.053363946573518395e-01,-2.071066313814163770e-02,3.597155001124021506e-02,7.317407487872605587e-02,-5.279233358421169670e-02,-9.449629968067914387e-02,-6.292120839072806726e-02,-5.937959854764830042e-02,-1.224087136404826241e-02,7.434580504842776272e-02,2.361803028382195718e-02,-6.836092826885986629e-02,-6.347067317457603941e-02,8.394027665278139261e-02,-3.417886542004997669e-02,7.633553936745413049e-02,-6.697698586494993389e-02,3.358190697719534712e-01,7.677502272539553363e-02,-8.096847082320868250e-02,-3.742004273692823429e-02,-1.638590796616438278e-02,-4.264766093275068615e-02,-1.486651530555326561e-01,-1.368113749025648695e-01,1.000000000000000000e+00,2.868243873513219300e-01,-2.786232121841344944e-01,7.812566122508114441e-01,3.174661196801766838e-01,-1.550779303140153997e-01,-1.122252787484572939e-01,-9.475935850455798060e-02,-1.379318545176975441e-01,-4.482712553582780812e-02,5.595243188022702013e-02,-6.469913339751140469e-02,-1.001030263798381725e-01,-1.794065770230263840e-02,-9.320968338558478783e-02,-7.550444552690233069e-02,-1.140412084605613857e-01,-1.116262648457054391e-01,3.903883124044357777e-02,-1.032512474844569650e-01,-7.817089354062148332e-02,-1.958470119956400024e-02,-4.227048262052668370e-02,7.921550154642174879e-02,1.924964884950065569e-01,-3.870145659266004956e-01,9.257169972390354440e-01,2.002897827176080836e-01
-3.233630756999518463e-02,5.026566944405352205e-02,-4.051680152808253416e-02,-1.564306703072956273e-01,-1.304413883186672507e-01,2.115344705395471540e-03,-6.060063090732436403e-02,4.194482151558066862e-02,-4.191771488313446314e-02,-8.195423811628789468e-02,-1.258280970348496230e-01,2.899209012424428314e-02,-5.482311801118952554e-02,3.175642831371804781e-02,-3.089131948794236054e-02,-7.755522884964226316e-02,-5.666361421882733229e-02,-4.055894210792075627e-02,2.433765937815361435e-01,-3.400445530697974311e-02,-8.366377331576410614e-02,-6.208720856248860914e-02,4.872154815189950194e-01,2.189080318654305635e-01,5.480340716000561274e-01,-1.258598413447142572e-01,1.145084696272483625e-02,-2.404354232530865262e-02,1.135822087761623606e-01,6.908135065627429849e-02,-4.605229476643104419e-02,-1.808971646629758123e-01,-1.239743850923140517e-01,1.084638050774643439e-02,1.165573869193946462e-02,-1.326238577228962545e-01,-6.790636255301843449e-02,8.852867610919475105e-03,1.604165991944775382e-01,-6.745420268088571369e-02,-1.968329255758852897e-02,2.359773616192237800e-01,-7.171412167231844964e-03,-5.143936948956906452e-02,-6.781640541140213085e-02,2.964380978271424338e-03,2.915266827562534302e-01,7.628196412324592113e-02,-1.579098338354155973e-01,-6.783225236136435077e-02,-7.694554973619897875e-02,8.812483198579662558e-02,-6.067515486038389111e-02,2.897956692229280429e-01,-9.718420164434779518e-02,-2.100137298044726290e-04,1.157917396468755578e-01,7.549479160505685738e-02,-3.618876897611644772e-02,-1.249740619990542534e-01,-3.419625225139732733e-03,3.547793905757988531e-02,-2.482000708991798643e-01,-4.696328423350866477e-02,-8.797915153925058018e-02,-4.272556203281597555e-03,2.393801571866997213e-01,1.455644632767495450e-01,-1.442283052345776639e-01,2.571123987616297582e-02,-5.980036179965927956e-02,-6.958155577323905938e-02,2.590824682977334592e-01,-6.072516969268963727e-02,-1.185522395819325892e-01,-6.481200218462708496e-02,4.523352048517075841e-01,2.749903636727225043e-01,-2.106947061612017003e-01,-9.448557127269632816e-02,-2.448397609616793646e-01,-9.023085245077742955e-02,-7.580189665130948606e-02,2.349106488832229667e-01,2.868243873513218745e-01,1.000000000000000000e+00,-1.465627712758194590e-01,1.104524200116388799e-01,7.004949521324016493e-01,5.533821735077708998e-02,-1.195725323949158453e-01,-6.024136363020236515e-03,3.435183584751452801e-02,-8.301382367654257244e-03,-1.175616717166051706e-01,-5.006683020232476772e-02,-2.481782400979101744e-02,2.246242344418464543e-01,-9.394826590152241530e-02,-9.209878145028578544e-02,-2.917253284601336455e-02,-1.614996142451794736e-01,4.442440917088583685e-01,-1.051863844894915245e-01,5.141534377106381226e-02,9.574987004018775671e-02,1.584451933997316486e-01,-6.653872497481322368e-02,5.081777313568601739e-01,-5.716307507246601860e-01,2.010465048207698557e-01,8.751710275887721879e-01
-2.199484533151160603e-01,1.947400813533461603e-02,3.879752499412950084e-02,1.124294237075822295e-01,2.403198934352980265e-01,7.071160421725956879e-02,3.216842852941140807e-01,1.229113824932886317e-01,-4.527757374247139144e-02,6.698119843940142371e-02,2.503520285914310750e-01,1.068768010820216469e-01,2.998290055562774503e-01,1.834667568142306082e-01,-2.859156621746134289e-02,8.456917218665895020e-02,1.552572231757855248e-01,1.443380781534795154e-01,-9.043501578874262037e-02,1.803737807147368921e-01,-2.932075195408246349e-01,1.002659029315083883e-01,-2.345171831619339842e-01,-2.856863815932508821e-01,-1.869795511864214554e-01,2.291612009129264937e-01,4.578640496919530317e-02,2.753901259989869899e-01,1.650096112398679871e-01,-1.413129969522019802e-01,7.285570547533153085e-02,-1.578837059772372417e-02,2.395012299673077161e-01,4.577835177759176366e-02,2.138494063773881126e-01,-1.213311542834980272e-01,9.509634886592525926e-02,2.327954274375317739e-02,2.145992819895038983e-01,1.560834244020062878e-01,1.632828951345673407e-01,-9.447883578074733890e-02,1.872839846792336282e-01,-2.519029523184932451e-01,1.038508276522686208e-01,1.012944403920625347e-01,-9.867482120722272099e-02,-6.592546990491477375e-03,-9.773042955546047683e-02,7.047975537921814804e-02,6.230076806108951482e-02,-1.858196053575242312e-02,-5.096378074126863000e-02,1.608625159995272225e-01,2.400177469104864125e-01,4.242792365998394183e-02,3.097177920842510493e-02,-5.418427482676781842e-02,-1.232444911848901564e-01,2.422448262990301859e-01,1.973216803500164873e-02,1.045942463974809666e-01,-1.043977847388695007e-01,7.079636957081894555e-02,2.503055758003231435e-01,7.846105772873372686e-02,3.239894509404113443e-02,5.029898328721879586e-02,-1.363262567442898865e-01,2.650919755462008767e-03,1.201049820439730464e-01,1.383496462750862799e-01,-1.062470870054149502e-01,1.955534278496146861e-01,-3.214828543071674982e-01,8.884570738806561729e-02,-2.273368982583116316e-01,6.842100534608443196e-02,-1.189218962235520510e-01,-1.671765076199456523e-01,-1.305333474232184543e-01,-1.375374546473290271e-01,-1.526621410968150537e-02,1.590351911575957067e-01,-2.786232121841344944e-01,-1.465627712758194312e-01,1.000000000000000000e+00,-2.091237327143742053e-01,-1.346945773646058275e-01,5.768100877646842317e-01,2.531444387634806392e-01,1.210166813691769677e-01,1.743010231110903863e-01,2.103534247997829176e-01,-1.094758233481194498e-01,8.617211491832114933e-02,1.158223117418698961e-01,-7.853572267923455974e-02,5.719554958751605495e-02,3.092510850340116774e-02,-6.935274998458272611e-02,3.556069534093305590e-02,-1.674836824457373030e-01,2.467825341979023590e-01,2.572691963844107171e-02,4.464196740080331877e-02,6.656968236624346072e-03,-1.259513235127899256e-01,-2.512783170630931706e-01,-3.497904974433729830e-01,-2.227858516649633414e-01,-6.567139371917850299e-02
2.653469788816169017e-01,1.085737403812872814e-01,1.547645429507357034e-02,-9.389589885536206437e-02,-7.943223140246764846e-03,-6.116447590653213001e-02,-7.022796403307923763e-02,-6.004864785929033000e-02,-1.923867482204043300e-02,-1.183408957361127972e-01,-1.116997597865792072e-02,-8.576759976408300512e-02,-5.349802675334885266e-02,-7.220002211871087705e-02,-3.016133138577448830e-02,-1.046244336671953573e-01,6.399113201682591311e-03,3.698726317001402308e-02,1.005384070460230497e-02,5.721971927245250028e-02,4.579361204493973686e-02,-1.085227053052995327e-01,2.961334406358229754e-01,5.924247201503497484e-01,1.284177970992422535e-01,-4.918420690985948751e-03,-8.793278126059156374e-02,-5.023394330578679484e-02,-3.354150698516436546e-02,3.382458347617531974e-02,-8.570452047698151610e-02,3.734178670376825382e-01,-8.664104830208504970e-03,-9.319628599040741257e-02,-2.676540767859349537e-02,4.668206000251586690e-02,-9.485364454674465040e-02,5.115272784997636213e-02,-1.016092868789218728e-01,1.484825705309353663e-02,-3.123027656737567548e-02,1.452032533755943065e-02,3.324710359694377920e-02,1.996202630448376189e-02,-1.148018952800496650e-01,-3.318729244140124907e-02,1.933705397160358566e-02,4.678797077316029784e-02,-1.237504456730383895e-01,-7.426401458531936561e-02,3.631194777510584476e-02,5.331515662531225580e-02,1.095066168471228590e-01,-2.267763919420720531e-01,-1.227477907248724319e-02,-7.227302761827908428e-02,3.527672590122826746e-02,-8.370817164510989394e-02,-6.588567464588990230e-02,2.820928354279567812e-03,-6.841712375881375818e-02,-5.986443440193106938e-03,8.838202978505547980e-02,-5.682244399511816174e-02,-1.039282108334237814e-02,-9.103864750461634903e-02,-2.292198307037329394e-02,-7.100454644423512263e-02,-3.027180774992790230e-02,-2.092017208099261269e-02,-1.438131781966363321e-02,4.135916856664853536e-02,2.755344280096414314e-02,3.146354760515144861e-03,1.208875233820768877e-02,-1.114236694286741131e-01,3.322078065914617628e-01,-6.983500462748742227e-03,-4.405987638566217363e-02,-4.393138612490426337e-02,3.686666763899201088e-02,-4.736285472975070715e-02,-1.021653007041351674e-01,-1.528856320899931731e-01,7.812566122508114441e-01,1.104524200116388799e-01,-2.091237327143742053e-01,1.000000000000000000e+00,3.252505874440689837e-01,-2.106520901157858117e-01,-9.560132708304778376e-03,-7.235715900627004427e-02,-4.365681970130378536e-02,-3.062559256383185630e-02,-3.371325046412936705e-02,-9.762270098259573370e-02,-1.321430608780290727e-01,-8.217637377535728926e-02,-1.078501095636806850e-01,-4.785805849974744675e-02,-7.664937562266466164e-02,-8.021334138132267533e-02,2.019344433689765350e-02,-1.325525518770496840e-02,-9.112702893654636704e-02,4.538293798275684632e-02,-1.073952682854959206e-01,-3.198679274453346266e-02,8.624696649166349594e-02,-2.406441903033257335e-01,7.839393710209228150e-01,6.184701118926055896e-02
1.980881080303861785e-01,1.296881107672393230e-01,-1.482055873191477809e-03,-4.487940433037715220e-03,-1.114987408688379589e-01,5.426127650843843436e-02,-1.784311126282324411e-02,1.272106865044925553e-02,-1.390368278189360873e-01,-6.909791318101590751e-02,-1.048207173395269559e-01,5.530098078186785476e-02,-2.830910917802943044e-02,-7.623676534133378389e-03,-1.514832910866515392e-01,-6.144698143226590137e-02,-4.955909257871894680e-02,-7.940374882739480514e-03,1.850420877682950882e-01,-4.994463897506384170e-02,-1.616968072024701775e-01,-6.763029281074037224e-02,5.017456102007636920e-01,1.681037439515625231e-01,3.870178837905018376e-01,-1.123666898240020112e-01,3.788625952666426627e-02,-1.491735983009499431e-02,6.538670881042753236e-02,-5.946226422629102143e-02,-4.782824786909645187e-02,1.432769430863320703e-01,-1.023271139767832627e-01,2.767008674964796522e-02,8.198618325165463183e-02,-2.017294395076029978e-01,-4.592553576688151312e-02,5.161745191407399874e-02,1.632354186353000003e-01,-6.870645996487595442e-02,-6.305851435660323259e-03,1.687987419977561299e-01,-4.379420768836793376e-02,-1.497161811622143568e-01,-7.784755953397128059e-02,-2.943051711729425743e-02,2.159683668195915840e-01,4.857214454581491869e-02,-2.401226211221562379e-01,-7.711424835950940471e-02,5.537944299574768144e-03,2.073851793158308643e-02,5.489298303009313915e-03,1.423324692678062664e-01,-8.286846087205385070e-02,-4.150662382640372960e-02,9.763813859193795630e-02,9.898281740228899103e-03,-1.074521992223042149e-01,-9.292072712820106939e-02,3.581163122222918993e-02,4.631456606682012034e-02,-2.298908461129735847e-01,2.183252050004470726e-03,-7.963661874676836172e-02,-3.521695863077913685e-02,1.402134536506852713e-01,6.125331500131545037e-02,-1.910983235782552359e-01,4.327491118151522570e-03,-6.536744367194043115e-02,5.860370496295492712e-03,1.851690173194850964e-01,-4.866275915162000115e-02,-1.765755742064197831e-01,-6.208827224170178349e-02,4.983415501100452727e-01,2.527867984533339607e-01,-1.637468838554685391e-01,-8.335817736122050348e-02,-1.715315877145875689e-01,-7.069653370438919171e-02,-1.638455398574606980e-01,1.960822708088613142e-01,3.174661196801766838e-01,7.004949521324016493e-01,-1.346945773646058275e-01,3.252505874440689837e-01,1.000000000000000000e+00,-8.600224693159565226e-02,-9.843593786101359489e-02,1.217712927428458991e-02,1.545957994257523074e-02,-2.759653286313387341e-02,-2.199241730092962310e-01,-4.639077422245231619e-02,-5.831678429216858445e-02,1.046328725313978303e-01,-9.329519540254517518e-02,-1.011818097861604121e-01,-6.977339893684823824e-02,-1.612178198267481544e-01,3.024902520076284129e-01,-8.332259876440459290e-02,-1.042047281778564802e-04,8.172799227745676520e-02,5.485141461819850045e-02,-1.183302965299233289e-01,3.960268366498866377e-01,-5.019674572249157585e-01,2.908311455387954103e-01,7.444056181193429156e-01
-2.023923483311549920e-01,3.566429747166044439e-02,-6.442750165323436057e-03,1.878045306110391957e-02,3.225451079727385123e-02,-2.996145551370999610e-02,3.513579623812784214e-01,1.613463997549655360e-01,-5.425055481642169358e-02,7.528862573387389012e-02,4.783923490850332944e-02,-3.342789807501194473e-03,3.567094922117579059e-01,2.005455470093891468e-01,-6.459461215646775112e-02,5.672915223846226179e-02,3.222119970932023347e-02,-2.269063601943867650e-02,9.664065088153793448e-02,1.946333237858060561e-01,-4.038332385951722836e-01,2.913395209691019977e-02,-2.784934840998439052e-03,-1.918736228934515564e-01,-9.258286483532800204e-02,3.886608535321532665e-02,-1.583128687205353005e-02,3.428579951964366157e-01,1.873692609066764381e-01,-2.473042362305056252e-01,3.254994674153145404e-03,-1.039349638059004349e-01,4.781834576413866722e-02,-2.890426806610346677e-02,1.519541981024125354e-01,-1.654277359796627045e-01,4.069065885049352564e-03,1.184222240425176521e-02,1.072620688039863934e-01,2.406411457385570704e-02,1.498424558366557961e-02,7.924786981950678044e-02,1.630638544943024959e-01,-3.153542793711901493e-01,4.618168620957935344e-02,1.093002875124516882e-01,-1.761290829140822051e-02,6.318651972586850074e-02,-1.350441141680800705e-01,2.187137605899846030e-02,-7.555016756991989046e-02,-6.691489240214638923e-02,-8.754922706663982590e-02,2.570457411048340246e-01,1.049901241795983681e-01,7.741128652733872406e-02,1.107858895449211484e-01,1.287080445924767835e-01,-1.901434223319363737e-01,3.857057997298775354e-02,5.540404899703017111e-02,2.552070141939089543e-01,-1.079669965438559559e-01,5.161326123144203276e-02,8.186875434487006498e-02,2.393217167419494501e-02,1.863774786770495684e-01,1.431764938632094086e-01,-2.572857779538305634e-01,2.413255711934804426e-02,2.668565315653153788e-02,-4.942271713428966068e-02,8.457307450732247378e-02,1.597107318700787537e-01,-4.593234428016836346e-01,2.611301848340530363e-02,-2.002951183069813512e-02,4.681065683058983212e-02,-2.087868521013802880e-01,-1.915841546738743517e-01,-1.882758724946897166e-01,-1.679449727347455124e-01,1.101545745651217739e-01,2.184781319550824219e-01,-1.550779303140153720e-01,5.533821735077708998e-02,5.768100877646842317e-01,-2.106520901157858117e-01,-8.600224693159565226e-02,9.999999999999997780e-01,6.480727141809247693e-02,3.281971562917401775e-03,2.595333996802856036e-01,2.152835573921151047e-01,-2.182837288051315550e-01,2.255972380636787900e-02,8.103565128931097816e-02,3.772598877931486461e-02,-2.936830991668233290e-02,-1.647798789860469362e-02,2.060992196535760962e-02,6.001886192654341812e-03,-6.463443541645933106e-03,8.834770174180862912e-02,6.427465928697902176e-02,1.609794651267551779e-01,1.226439426222746126e-01,-2.031323788479429959e-01,3.069391533692301249e-02,-4.628319980774109887e-01,-1.708894839789848186e-01,1.160988108982074773e-01
-6.391658768963479065e-02,6.451152808528276550e-02,-7.020377170087241381e-02,-6.117517401269130170e-03,9.757073496801280665e-01,6.572057453463692189e-02,-1.155245299345787208e-01,1.029222410060463416e-01,-1.241846588686235098e-02,-2.006129696260494297e-02,9.794391020704867890e-01,1.587842990820140937e-02,-1.061374904599734215e-01,5.221544109700964470e-02,-6.782184427591278486e-02,-2.747815429376890273e-02,7.866665006586018860e-01,1.223188391184333174e-01,-9.965188312356937361e-02,7.903289994762102699e-02,-6.135216424034346111e-02,-2.392195546555008281e-02,-1.133194553487361644e-01,-1.200069999233235873e-01,-9.733974278983646700e-02,9.806565104987444714e-01,-2.213390975102600897e-02,-9.243320882616996859e-02,-1.296727589189244564e-02,-7.813440471255717057e-02,-3.537581372903000204e-02,1.121849369835994092e-01,9.670484611052592161e-01,-5.988285310201446610e-02,-1.052988082300669072e-02,-6.481159023427157662e-02,-2.499491014056271637e-02,3.247986499774104668e-02,1.868220074000872394e-02,7.994000930910172276e-01,9.607471895319932842e-02,-9.074969969383700485e-02,9.220240208506418067e-02,-3.597954126079454945e-02,-3.080550945019868217e-02,-1.430692326535598982e-02,-9.594459044465339370e-02,8.429033146978036350e-03,-3.214752068817876979e-02,-1.213200010077451242e-02,1.775480237550576823e-01,-8.046277796068336541e-02,7.408341651128196037e-02,3.517792342133829048e-02,9.049826384993221451e-01,3.367008752155748602e-02,-8.550819593762039317e-02,-4.876758843019415174e-02,-1.174570961106387729e-01,9.465859531250989667e-01,-1.692832942753437486e-02,-3.680478102483968061e-02,-6.448184164361676907e-02,-1.051136125708672896e-02,9.384538851679715687e-01,1.117261316829003814e-01,-1.379865029982206837e-01,-6.258684184908568093e-02,-6.474951744145364396e-02,-5.586086095333937795e-02,7.341275388594630247e-01,1.372337826767793256e-01,-1.089066803864171679e-01,3.846627015503217145e-02,-5.812106872347817116e-02,-3.042296517091950744e-02,-1.296452053677673577e-01,8.304468500024507482e-02,-6.945510842249959238e-02,-5.700225285645320328e-02,-9.166185301119343654e-02,-5.871730959812684891e-02,-5.985487709721440744e-03,-2.429700892143306791e-04,-1.122252787484572939e-01,-1.195725323949158453e-01,2.531444387634806392e-01,-9.560132708304778376e-03,-9.843593786101359489e-02,6.480727141809247693e-02,1.000000000000000000e+00,1.059641557411142854e-01,-1.121165826509692987e-01,4.593893332784419747e-02,-5.466492586153003097e-02,-3.372249837007971346e-02,9.375773286966533615e-02,-1.399488854584594044e-01,2.355996019812544359e-03,7.861533607468851326e-02,-1.444977063216718594e-01,-2.480397582321260466e-02,-2.107209993083110355e-01,9.168886035406795809e-01,4.283418504074643085e-02,-1.023611177840989678e-01,-3.688087451136389666e-02,-1.248021966521968701e-01,-2.280766936628927377e-01,-3.738798777210024932e-02,-5.258690268283015140e-02,-1.013591327724996383e-01
-2.263259335789762766e-02,6.372642162011910028e-02,-1.845450458515733930e-02,-1.428056839539296186e-01,1.682784159933193857e-01,8.270987856899230106e-01,-1.449135744752393651e-01,1.833636438203509189e-01,-1.708990988813168660e-02,4.282642328447572866e-01,1.690300994076155416e-01,7.544582514401403373e-01,-1.820941804475025572e-01,2.075425090392206129e-01,-2.467403186766483139e-02,4.328296159644042795e-01,-1.298130064301549445e-02,7.833464189972002556e-01,-1.270263155089408347e-01,2.296222426529720417e-01,-1.163978925211018173e-01,4.046681142297884337e-01,4.281909050184346671e-02,-6.364597382914811974e-02,-4.585142869717938330e-02,1.692061530710291251e-01,6.752039850048885405e-01,-1.728833266801836910e-01,1.707764793756456068e-01,-2.753742254198720055e-02,3.715550208030993229e-01,4.058700213760853270e-02,1.748457645125719440e-01,6.626982929845480763e-01,2.217404351303097487e-01,-9.455299432020572437e-02,4.154524871367309413e-01,3.435220112210237570e-02,4.298409717944738639e-02,-1.475176244490672070e-02,8.117662590941598921e-01,-1.369489774483395039e-01,2.309923314660674576e-01,-9.542405154903055298e-02,3.866487457494807156e-01,5.089608117920785268e-01,-1.357672131917257441e-01,1.739860617350510730e-01,1.540770559264333095e-02,4.272421967731109271e-01,-4.188614165755844693e-02,-4.642784293200029333e-02,9.110094638214286111e-02,9.074219916258126351e-03,-7.802604720443593982e-03,6.544353894603505140e-01,-1.945345321841347175e-01,1.060986822172343830e-01,-8.873128118280003418e-02,1.800396557379666251e-01,5.057535470587081194e-01,1.214399562625201184e-01,-6.517394468113107964e-02,4.026626881661908297e-01,-9.366408855501542549e-03,7.492761852721567806e-01,-2.082205532128507675e-01,1.316406544495365150e-01,-7.822751210619278972e-02,3.733088688431828728e-01,-4.399233620463797317e-03,7.317068259120277363e-01,-1.121928301409880618e-01,2.673746595363167833e-01,-1.235880486347369772e-01,3.866122100359077884e-01,5.578006127947156972e-02,1.097457979707627341e-03,-1.050230025792652372e-01,-6.454249132495454289e-02,-9.291806904413522916e-02,-5.434831482942167197e-02,-2.857490484238449369e-02,3.294396375644826486e-02,-9.475935850455799447e-02,-6.024136363020236515e-03,1.210166813691769538e-01,-7.235715900627004427e-02,1.217712927428459165e-02,3.281971562917401341e-03,1.059641557411142992e-01,1.000000000000000000e+00,-1.905741479502054136e-01,2.407583501381250490e-01,-8.124744005456918661e-02,4.333749993360683228e-01,1.821604855823777402e-01,-4.464636403338717585e-02,2.109267958402104570e-01,3.234499266716143184e-01,-7.763158045924421768e-02,1.419971156478010144e-01,-1.624321885108629543e-02,-3.107694593823178818e-03,7.059373335058145571e-01,-2.166745795783971140e-01,7.574077811009112537e-02,-1.109926324040788337e-01,-9.050698347046366721e-02,-1.234805262136912524e-01,-1.053303048051433266e-01,-1.872093500890969348e-02
-8.119312991698394988e-02,-9.825486136181720009e-02,8.363905920587684506e-02,4.431188403113194701e-02,-1.184744451057760523e-01,-2.087901959498031368e-01,8.663330895488536854e-01,-1.943491293550785037e-01,-3.299890322015631705e-01,-1.388739562784454540e-01,-1.196135293684944534e-01,-1.937707694964339311e-01,9.006112625542970207e-01,-2.262610033270283372e-01,-3.004495322026786708e-01,-1.513968362491133202e-01,-1.004776407182952774e-01,-8.292723178712085863e-02,6.562650386815813697e-01,-2.307541603279043008e-01,-3.673504881736428529e-01,-1.865545114035827567e-01,-3.026975619778984883e-02,-9.129493743909640469e-02,-3.585820768599173869e-02,-1.378581372337407684e-01,-1.819269974614853014e-01,9.227630863957152485e-01,-1.910442864802992524e-01,-3.729638113725335935e-01,-1.427432228191177210e-01,4.001510675143509638e-02,-1.198391620905451815e-01,-1.765182151684582812e-01,-2.033644212473442181e-01,-2.534543437533263721e-01,-1.672876984973238890e-01,-1.490919746370698018e-01,1.291888819324185089e-01,-1.041425801490083319e-01,-1.146666082837805717e-01,6.633137677161984325e-01,-2.402071307443712223e-01,-3.475193306941484206e-01,-1.924004144749549283e-01,-1.701874557001524513e-01,5.834714050546715436e-01,-2.114838674231613591e-01,-3.247889546532096161e-01,-1.902912372479946268e-01,-7.276201248137151301e-02,2.545004401648352441e-02,-1.237210084272982596e-01,1.314264857578620327e-02,-1.116897979382181355e-01,-1.362909119398297009e-01,6.418570298151071718e-01,-8.785231975249206682e-02,-2.820410436222534623e-01,-9.631627845809706545e-02,-8.667972377312760379e-02,-1.460834944801798208e-01,-2.580754521717200656e-01,-1.379172753395942752e-01,-1.258702423243582003e-01,-1.751324498477377090e-01,7.494692175191441930e-01,-2.010536622295020226e-01,-3.701743903712729766e-01,-1.741089190395599118e-01,-1.251200988772492306e-01,-7.393264842822848404e-02,6.171402234664065123e-01,-2.424730537229130289e-01,-3.419181114431135704e-01,-1.769733877119054055e-01,-2.086445215125463937e-02,-1.832214876653854851e-01,3.181172891410452563e-02,-9.680450536415141638e-02,1.383933565593223058e-01,-7.668802807259443577e-02,6.431500002175104432e-03,-5.680411593884134719e-02,-1.379318545176975719e-01,3.435183584751452801e-02,1.743010231110903863e-01,-4.365681970130378536e-02,1.545957994257523074e-02,2.595333996802856036e-01,-1.121165826509692987e-01,-1.905741479502054414e-01,1.000000000000000000e+00,-2.151147784721398337e-01,-3.571880056046636831e-01,-1.870630173515158701e-01,6.014702106229976447e-03,-5.111793180086250665e-02,-1.819453138465185194e-02,2.263472761576860656e-02,9.872990014803073588e-02,4.542248488466271716e-02,-5.112339875779037951e-02,-1.218800976110394618e-01,-8.915201815949860831e-02,6.450692294290368833e-01,-2.475975803370692591e-02,-2.828496104403760425e-01,2.505627076897186389e-02,-5.947332318498427250e-02,-1.460420583939211758e-01,6.653787603453598098e-02
-5.923271055149437886e-02,1.427664074099196656e-01,-5.748442081759745637e-02,-5.168826028358439878e-02,2.512245350999414359e-02,1.784265589000050001e-01,-1.354616606401200796e-01,6.844000374580531121e-01,1.501238968061119061e-01,1.312159319286035908e-01,4.244085424778430704e-02,2.682844443008379764e-01,-1.485664352700852564e-01,7.747939568520855191e-01,1.438598310013400328e-01,1.575168189987020961e-01,2.717294215137521299e-02,2.582580262877555710e-01,-1.553036075992846599e-01,9.031274606621024770e-01,-5.585288815185432409e-02,1.776678912984080705e-01,9.228167866318419399e-02,-6.872434484177508685e-02,-7.361263097492057317e-02,5.344014932338943258e-02,1.774035759501566556e-01,-1.743093402739182840e-01,7.816978637909428596e-01,1.041914369752357100e-01,1.159618111231422305e-01,-6.169850965327611930e-02,2.938681104319457865e-02,1.896315105710288940e-01,7.811068695821236085e-01,3.774076302375634073e-02,1.511190059480682912e-01,1.758891726122649478e-03,3.043400860551650350e-02,3.326880201304553697e-02,2.693923139961271196e-01,-1.591623433379790453e-01,8.901121244328550342e-01,-2.092174679956882583e-02,1.652975062693349539e-01,1.042054762816226887e-01,-1.505311990344566364e-01,5.138915694128723954e-01,1.441278735339042993e-01,1.390879013848514145e-01,-1.406542054883933111e-03,-1.008040436373865839e-02,8.546105855090278813e-02,9.366697150760436297e-02,6.076470329864221143e-02,3.370846740614159148e-02,-1.783872977109840496e-01,4.017706143411194919e-01,6.593569036148354268e-02,2.815763863106544515e-02,6.903802587722993045e-02,7.432196601765691524e-01,7.429868867181779746e-02,1.755556325476302915e-01,8.349131301952515682e-02,7.419984641726601327e-02,-1.854097382125915183e-01,5.885534741387459245e-01,5.343708353779511727e-02,6.736559262926351821e-02,3.257077145191949324e-02,2.269729886328331059e-01,-1.408066637444733427e-01,9.027092792911258767e-01,-1.033635603512221002e-01,1.823483900620199161e-01,8.192608591700256682e-02,6.182857757533742615e-02,-8.857518042419997018e-02,-7.191873984660275554e-02,-1.277936358189309674e-01,-6.872836168767729181e-02,7.730633646164142281e-02,9.027652353406180608e-02,-4.482712553582780812e-02,-8.301382367654257244e-03,2.103534247997828899e-01,-3.062559256383185630e-02,-2.759653286313387341e-02,2.152835573921151324e-01,4.593893332784419054e-02,2.407583501381250213e-01,-2.151147784721398337e-01,1.000000000000000000e+00,7.710021145470329074e-02,1.416293063344394310e-01,-6.899947563783698223e-02,-9.644205468182848184e-02,-6.864927603654673305e-02,-5.975412817686267392e-02,-5.606608513278056594e-02,-2.865647797800040600e-02,-9.111298868218589697e-02,7.265929120207897940e-02,1.214790624658872858e-02,-1.965271384090562512e-01,3.728198852161920818e-01,5.132685950183078077e-02,2.250583660202754022e-03,-1.889083869237976054e-01,-3.411262898693462331e-02,3.338483220569044702e-02
-1.641982079136205808e-01,-6.818724819027918715e-02,7.113348462668249439e-02,-1.798744704549199991e-01,-3.676294810241917399e-02,-1.897961830842651021e-01,-4.023047779712772831e-01,9.982361321410251898e-02,8.571965677654640459e-01,-8.673949710673917179e-02,-3.874724292286820665e-02,-1.490361849006403006e-01,-3.871349751198241429e-01,8.463835574677290585e-02,8.899610447044644657e-01,-1.043790642210643133e-01,-3.766415191404266782e-02,-3.728262705148244205e-02,-2.117187892545636663e-01,8.557739275451831107e-02,7.303059684610772040e-01,-2.920866355040801360e-02,-3.505921042159101941e-01,-8.007645627346660078e-02,-7.335919680770228157e-02,-4.281999458988134527e-02,-1.529616466047108436e-01,-4.057997042336057292e-01,-2.928222084427585872e-02,9.195743268648114421e-01,-9.264548546625814285e-02,-1.134657870286726877e-01,-4.412663037357950069e-02,-1.304221975321223637e-01,-6.809303025981341267e-03,8.775698760479854199e-01,-1.034012710211099917e-01,1.551452378507695296e-01,-2.242466868097795774e-01,-4.798102864883896368e-02,-1.972767847206957637e-02,-1.983004639321268581e-01,7.970815681056882263e-02,7.074577013146655657e-01,-1.297105177164828253e-02,3.826604327765750768e-02,-2.407313005512283499e-01,4.640945760169420953e-02,6.294799625590232761e-01,-2.313009285407858703e-02,1.108775170970352358e-01,4.557730498937709318e-02,3.521734176777522197e-03,-1.577967372598190199e-01,-8.469465504286147195e-02,-4.828385279695401877e-02,-2.793587232034424050e-01,3.435365465020667058e-02,6.954161878280293863e-01,-4.023865058259534777e-02,-2.259948686074853830e-01,-1.316565480867602431e-02,8.345573201709252098e-01,-1.290048210103747206e-01,-7.905712910831486084e-02,-7.222070768095859017e-02,-3.648702255166601516e-01,2.305997636081848212e-02,8.130710079635858900e-01,2.964146349076008172e-02,-2.473918766016415874e-02,-5.928776105956755360e-02,-1.849718124947515308e-01,8.171791096631512985e-02,6.997589231546776922e-01,-5.127948287427824131e-02,-3.472664122657956320e-01,-9.151209431849235965e-02,2.180413054644901039e-01,7.196454958262220314e-02,2.688370672600524092e-01,3.592432643655125990e-02,-5.752937899995014259e-02,-3.303024704956284974e-01,5.595243188022702013e-02,-1.175616717166051567e-01,-1.094758233481194359e-01,-3.371325046412936705e-02,-2.199241730092962588e-01,-2.182837288051315550e-01,-5.466492586153003097e-02,-8.124744005456918661e-02,-3.571880056046636831e-01,7.710021145470327686e-02,1.000000000000000000e+00,-4.784351697753141952e-02,-1.368384868620717287e-01,-2.438646882276612471e-01,-8.751110720696118894e-02,-4.213909089182932798e-04,-5.097204519962199309e-02,-3.906414137646038731e-02,-2.456494533011714665e-01,-7.601885931563455434e-02,-8.940056361495678228e-02,-2.822396630353596336e-01,-7.939397974237294431e-02,6.747602129425721573e-01,-3.751630091478830864e-01,1.654630637063498055e-01,1.198524419899657523e-01,-2.228084394357911224e-01
-7.239529878144213004e-02,-6.041367780332984605e-03,-6.188056713647992896e-02,-1.054419129063827593e-01,-4.464258310261759455e-02,5.371498744957827753e-01,-1.496132152974422591e-01,5.794288482711019983e-02,3.330883833756941720e-02,6.753062956453660393e-01,-4.157212831429447919e-02,5.865625965187984958e-01,-1.575789205559525452e-01,1.152451468455457095e-01,-7.452370554803551669e-04,8.308584809588210884e-01,-5.088449495429581831e-02,3.190071369817850111e-01,-1.498121744675144085e-01,1.859996642970951353e-01,-1.391159223022910840e-01,9.561732023014588577e-01,-1.258346634538442532e-01,-9.692942189078772308e-02,-8.001183378855074302e-02,-3.936238030662200793e-02,6.464913953681218350e-01,-1.751643005286926125e-01,1.188961397999849373e-01,-2.039625747471742606e-02,8.449207371208508066e-01,-1.592122179839667306e-01,-5.442856334779112154e-02,5.339892096350518091e-01,2.384616204749747670e-01,-6.987245317089045560e-02,8.687092916811309795e-01,-2.860242632698719797e-02,-1.637914301154879543e-02,-4.409354691026867723e-02,4.420394275457153466e-01,-1.759330557522789940e-01,1.663331624781942686e-01,-1.468860515319539428e-01,9.428716690427190183e-01,4.528154460334424813e-01,-1.564539862155174266e-01,2.028534306787506958e-01,-4.312960589853095245e-02,9.222850211752186000e-01,-1.076201197794815316e-02,-8.279748408619939937e-02,-2.791384889615740675e-02,1.409251581131022446e-01,-2.295761858290660228e-03,4.304337996454072335e-01,-2.147328243044076546e-01,1.275766933143937243e-01,-1.308234409731406922e-01,-4.937243702482562585e-02,5.416383315620105776e-01,1.199849138719586289e-01,4.594214823761601577e-03,6.849874584655104570e-01,-2.034723928178718347e-03,4.121255574536841215e-01,-1.864627213938702399e-01,1.654260744518143977e-01,-1.001152275293349103e-01,8.222311829737654065e-01,-4.995173140302816561e-02,3.187842802052494040e-01,-1.399949343019171732e-01,2.148631242262565300e-01,-1.352337932678207844e-01,9.610908343172316348e-01,-1.227266598017585780e-01,3.154683931945973874e-04,-8.215707834341558213e-02,-4.277443525471526925e-02,-8.768416754613768405e-02,-3.279290847775830769e-02,-1.336291458435338343e-02,9.783281447224628780e-02,-6.469913339751140469e-02,-5.006683020232476078e-02,8.617211491832114933e-02,-9.762270098259573370e-02,-4.639077422245230925e-02,2.255972380636788246e-02,-3.372249837007970652e-02,4.333749993360683228e-01,-1.870630173515158701e-01,1.416293063344394587e-01,-4.784351697753141952e-02,1.000000000000000000e+00,8.446424669900290394e-02,-9.225398875109257213e-02,1.102978640551965234e-01,9.335748986347194855e-02,-1.885149959988917032e-02,2.583629735313622278e-01,5.764259750917991726e-03,-6.429264857640871209e-05,3.877549880592566778e-01,-2.251861192421172331e-01,1.146562750592748925e-01,-1.609739380457579361e-01,-1.866705946433545038e-01,8.332207944647774395e-03,-8.253265443379885491e-02,-8.805538052045085162e-02
-9.765047496568141430e-03,-2.296623843773076129e-02,1.170007216526278288e-01,-1.855000926643699255e-01,1.016247958455476774e-01,1.767717086375032443e-01,5.401190645205737606e-02,-1.870567231557072625e-03,-1.677585477116773360e-01,7.883805106301020049e-02,1.053018209859093585e-01,1.626824230474074318e-01,1.760789658443264252e-02,-3.303826786176995017e-02,-1.524034476315862530e-01,8.159328393929367318e-02,4.965418233275607079e-02,1.244445195371012142e-01,-6.441149038318695619e-02,-6.725422267117027453e-02,-1.698256757760435720e-01,5.716720517434938087e-02,-1.081778503717810147e-01,-1.191836753465636521e-02,3.318898441332495536e-02,1.241004269947674765e-01,1.046597086624204143e-01,-1.209057255724848949e-02,-5.517608439490098715e-02,-1.511808853297836319e-01,5.118848902410314677e-02,-1.116613101126552599e-01,1.019521776255906259e-01,8.461576587314847964e-02,-2.160423546267258021e-02,-1.954869884944318847e-01,8.876563734599922373e-02,6.749616480886617802e-03,-9.730890051116528050e-02,3.092767625032732948e-02,1.171071059725334873e-01,-7.803764611169766718e-02,-8.925975077922532197e-02,-1.668352911831681440e-01,4.580020094420773208e-02,7.861771503364069213e-03,-7.217128120264131030e-02,-1.049644558891017210e-01,-9.983177303909569755e-02,2.476163551300968046e-02,6.220126596640473959e-02,4.248809744158146134e-02,3.475858223435704039e-03,-4.788326530391761454e-02,5.766629671479540920e-02,1.149862464693604536e-01,-1.881640523822818711e-01,-6.036302402179873072e-02,1.031120578685456972e-02,6.848171213361159415e-02,1.425485472492008521e-01,-3.624545195465520703e-02,-1.951563507700699029e-01,8.726104528644960945e-02,6.034087372712498148e-02,1.382121369037273839e-01,-1.590027710331780308e-01,-9.353338943914860093e-02,-5.918723861377759438e-02,1.441225799750817972e-02,5.549590454810145873e-02,1.714190504011682548e-01,-3.060013540310283289e-02,-4.919157239724862574e-02,-1.430768562314842507e-01,3.964074328882533083e-02,-9.455908656997071005e-02,-2.060172797686719848e-01,1.255631138811789602e-02,-3.649647630524886777e-02,1.695892230940250212e-01,-2.354653794873616535e-02,7.703071180018099262e-02,-1.226162119292751318e-01,-1.001030263798381587e-01,-2.481782400979101397e-02,1.158223117418698961e-01,-1.321430608780291005e-01,-5.831678429216857751e-02,8.103565128931097816e-02,9.375773286966533615e-02,1.821604855823777402e-01,6.014702106229976447e-03,-6.899947563783699611e-02,-1.368384868620717010e-01,8.446424669900291782e-02,1.000000000000000000e+00,3.859058036292820626e-01,6.998312545286163866e-01,3.625150353289950944e-01,1.917430262311358713e-01,3.612881818715016902e-01,6.940823607875280798e-02,5.993584388432206950e-02,1.293579924804733883e-01,-1.996982134299327971e-01,-3.554863479535040616e-02,-1.925222359974715705e-02,-1.010625265099229508e-01,1.046094604588988092e-02,-1.504868818849221801e-01,-5.623298959550206144e-02
3.295100615517663339e-02,-5.932725184411129227e-02,2.067506578763723957e-01,-2.494404622374874203e-01,-1.252431732465531800e-01,-1.812319891773879477e-02,-1.373813551433950356e-02,-3.252362015184489391e-02,-2.431177095686825607e-01,-9.468841831940638665e-02,-1.362208612343421277e-01,-2.562413486109878930e-02,-4.887204305758017370e-02,-3.914542375904903060e-02,-2.023695522728099216e-01,-9.692554804290640091e-02,-1.151294144801049690e-01,-4.314562571026844817e-02,2.374638764982965090e-04,-1.317391695615206249e-01,-2.044791875056204133e-01,-9.963060846961047101e-02,1.562761267171484392e-01,5.891229724731347761e-02,2.188073164641453627e-01,-1.378788346978961354e-01,-3.295798382579349234e-02,-3.206827473257537614e-02,4.677098162697535672e-02,-1.942797610647377937e-01,-8.440000791361625121e-02,-1.544550069410578486e-01,-1.333689403236689164e-01,-2.152663508475200285e-02,-5.850921356721250355e-02,-2.972419316139277568e-01,-6.897386038932462604e-02,8.627286267019106114e-02,-1.388090919104386367e-01,-1.244121174738090502e-01,-6.527033231768704369e-02,-1.707362086973182244e-02,-1.312805766073384117e-01,-1.743194341181434071e-01,-1.050036545562393064e-01,-7.743482916706159735e-02,-7.851489511959200418e-03,-8.937974200109438661e-02,-1.529240493433693671e-01,-1.056934954921827791e-01,-6.370545591598006721e-03,3.936739328627376217e-02,3.270114457524776058e-02,1.277809444182604302e-02,-1.455543018398514354e-01,-3.232858215180412637e-02,-1.703801309877191750e-01,-2.551419915374021283e-02,4.250341416361079656e-03,-1.293749798514513827e-01,2.397730950217332249e-02,-1.575048246432691340e-02,-3.080066038655716598e-01,-6.588062410859642226e-02,-1.525474346506997259e-01,-6.298704475710147077e-02,-5.748543446744613927e-02,-4.526491428447841636e-02,-1.040680799668012024e-01,-1.159595061541221911e-01,-1.157537195041781763e-01,2.221122769513793251e-03,3.489463234632916161e-02,-1.294443735175202503e-01,-2.028010418523065461e-01,-1.086487445716392830e-01,1.431363003003458256e-01,-2.552903561531250434e-02,5.596885214817629218e-05,1.108255642155104442e-01,7.334987960548194907e-02,1.216563379952642909e-01,-4.264940437412349100e-02,3.388853961770338374e-02,-1.794065770230263493e-02,2.246242344418464543e-01,-7.853572267923455974e-02,-8.217637377535728926e-02,1.046328725313978303e-01,3.772598877931487155e-02,-1.399488854584594044e-01,-4.464636403338717585e-02,-5.111793180086251359e-02,-9.644205468182848184e-02,-2.438646882276612471e-01,-9.225398875109257213e-02,3.859058036292820626e-01,1.000000000000000000e+00,3.346373166402387689e-01,8.626668084683107585e-02,4.841930904803672941e-01,1.294523006341641580e-01,4.453536878898574636e-01,-1.488915111590699558e-01,-5.189115335232535875e-02,-1.700554495986962289e-01,5.501766216457344184e-03,5.905902871315822644e-02,2.501122608520866542e-01,-5.228181347103511012e-02,-8.715851912260998147e-02,1.793554633479872984e-01
5.294741226031402653e-02,-3.213745981560943432e-02,1.340742624712513154e-01,-1.278004492315295282e-01,3.916002604560962080e-02,1.702397330588718560e-01,2.865930667746688018e-02,-3.747300375407149747e-02,-1.640519781173979397e-01,7.241850300926674922e-02,3.586303260457892467e-02,1.261346871050631480e-01,-1.459416574520966013e-03,-4.612529390435005094e-02,-1.263719333374301035e-01,8.241292679590708770e-02,-5.939319846803679109e-02,1.681480298270763285e-01,-8.646701520644048400e-02,-5.950919833103435891e-02,-7.270895422940033825e-02,8.369381233117884067e-02,-9.165283086543708768e-02,-5.090015192351662193e-02,-4.349862699434296071e-02,3.396094365423450723e-02,8.878832963373343989e-02,-2.537040152532238357e-02,-5.542589015497163124e-02,-9.311753247692755586e-02,7.266934507303154933e-02,-5.614917599483419675e-02,4.556610434461809411e-02,6.333692147968754405e-02,-3.840121313024051630e-02,-1.560150240199108806e-01,9.109615902623822981e-02,2.319305087807887675e-02,-1.203997116924577365e-01,-7.949599806661966639e-02,1.215043363659133180e-01,-1.054747032336239981e-01,-7.031217931566881296e-02,-7.189083490531210374e-02,6.175008719423542847e-02,1.561040343809990544e-02,-8.381925922255191452e-02,-9.382224708453358597e-02,-1.586090043480224698e-02,4.567257879766309370e-02,3.287511397581046463e-02,9.779277813872852554e-02,6.797599760125397350e-02,-1.956058088488905611e-01,-8.183987223593928995e-02,1.553249847329943589e-01,-1.661924869914617742e-01,-5.726488493238355432e-02,6.171940732882068292e-02,5.192614923053310433e-02,1.530892747537315468e-01,-2.350038492147688007e-02,-1.458943554834933320e-01,8.809275572962133039e-02,-9.159607652121121157e-02,1.982529256300963605e-01,-1.730204865233172518e-01,-7.492426109760348674e-02,4.992877002020024158e-02,4.778323288611277531e-02,-6.322066291280788175e-02,2.776790369270713543e-01,-5.605085203815877298e-02,-5.030075702352573841e-02,-4.132888960138279139e-02,5.909740543086632047e-02,-7.070231859238711170e-02,-2.202039323597776155e-01,4.610209958604710723e-02,-3.814261504584451692e-03,2.341430850876088932e-01,1.260802381997697293e-02,1.076272739809897711e-02,-2.004208846857485904e-01,-9.320968338558478783e-02,-9.394826590152241530e-02,5.719554958751605495e-02,-1.078501095636806989e-01,-9.329519540254516130e-02,-2.936830991668233290e-02,2.355996019812543925e-03,2.109267958402104570e-01,-1.819453138465185194e-02,-6.864927603654671917e-02,-8.751110720696118894e-02,1.102978640551965234e-01,6.998312545286162756e-01,3.346373166402387134e-01,1.000000000000000000e+00,4.403025375179372980e-01,2.044432345816220853e-01,4.205103156048548563e-01,-3.151333660165290141e-03,-8.395461393008347983e-02,1.655426949738659781e-01,-1.703656809029731045e-01,-4.364226748869990541e-02,5.992154276717245875e-02,-1.014257290275181328e-01,7.203212278744042241e-02,-1.207484609245696727e-01,-1.357933333423021749e-01
-2.617415145020740228e-02,-8.755683457308264389e-03,3.428286584853704189e-02,-2.146475295129633420e-01,1.480886748675502573e-01,2.169597151396716050e-01,3.308311767124879482e-02,-6.425233425273700616e-02,-5.439832268444487473e-02,2.687092352913366192e-02,1.528145998561546148e-01,1.012048884753058708e-01,5.128055922436973446e-02,-7.938022930209252814e-02,-2.640299527422569972e-02,5.502711763840710535e-02,-3.383381740765158130e-02,2.490399767880060178e-01,3.914332543687826238e-02,-6.012466109454175922e-02,-5.576178776063540898e-02,7.042102099376931768e-02,-1.757159613439452372e-01,-1.531820827151058294e-02,4.091769005188580083e-02,1.479239680873173923e-01,6.489806687790140860e-02,-6.074171604343109147e-03,-6.274484693419993264e-02,-1.159127593337219708e-02,5.320164437854930234e-02,-1.075128636699214796e-01,1.670947638783356615e-01,2.741446390008778558e-02,-3.260939224389049207e-02,-3.422842085995349282e-02,7.632599751633989404e-02,-2.217331593430785577e-02,-1.603509262722040141e-02,-5.109339187226709378e-02,1.890693273251369544e-01,2.796937664837132603e-02,-5.742859638156280755e-02,-6.277491188191171301e-02,5.593327290146048875e-02,4.008952384389453255e-02,-1.037899185523682294e-02,-6.972974351113513103e-02,-3.582045708777641113e-02,4.649639773889548133e-02,4.055646356291851135e-02,-3.788782208020360226e-02,9.349726766159220659e-02,-1.406492389369428941e-01,-7.560115117832147402e-02,2.636519417877424831e-01,-6.791121425960854052e-02,-5.021362285117113300e-02,7.953728900840667526e-02,1.812122462022881797e-01,1.169618487418028624e-01,-6.367124561617221179e-02,-5.925178522628002376e-02,3.348714956077176313e-02,-7.369575783875598196e-02,3.761635994792939530e-01,-8.543846676593636058e-02,-4.578674577142240187e-02,6.414353456750881977e-02,5.445014719242376178e-02,-3.429751310111692209e-02,3.704534118667137110e-01,5.644954773620327465e-02,-4.401023371258454969e-02,-4.354089931511168771e-02,4.953687816585083253e-02,-1.707162407025725470e-01,-2.135662663407157658e-01,6.872713835772591151e-02,3.646020680919245804e-02,2.041239444975185280e-01,4.578703811480639568e-02,3.342573547806629297e-02,-2.370875211694526696e-01,-7.550444552690231681e-02,-9.209878145028578544e-02,3.092510850340116427e-02,-4.785805849974744675e-02,-1.011818097861604260e-01,-1.647798789860469709e-02,7.861533607468851326e-02,3.234499266716143184e-01,2.263472761576861003e-02,-5.975412817686267392e-02,-4.213909089182932255e-04,9.335748986347194855e-02,3.625150353289951499e-01,8.626668084683107585e-02,4.403025375179372980e-01,1.000000000000000000e+00,2.378740476368987056e-01,6.575095998757067850e-01,-8.797077133739976407e-02,-7.845726412262184202e-02,3.019306204963841944e-01,-8.742604553457110350e-02,-3.386895601701650493e-02,8.025424006576681313e-02,-1.587235398816280729e-01,4.904829046685097588e-02,-8.716959699127828365e-02,-7.821079325713145569e-02
3.776159146892409807e-02,-4.984778138164088629e-02,1.321428072976641721e-01,-3.814260904310555755e-01,-1.428810393169045456e-01,-7.965357355550249999e-03,1.258950626133341910e-01,-5.264185483264786219e-02,-8.010684359076390704e-02,-7.808185731967925113e-03,-1.465241831452470112e-01,4.030624949963419572e-03,1.036797131359307317e-01,-5.839731144917837541e-02,-2.932288283483240610e-02,1.283081324959694939e-03,-1.058231655774993507e-01,-7.310750838191766576e-02,3.955289407674911911e-02,-7.233103373849034123e-02,-1.670016197490817589e-01,-2.882030523027754795e-02,-8.256638172650868079e-02,-4.776856733799667021e-02,-3.544275963546063279e-02,-1.438919622471332149e-01,-2.021321767391275927e-03,5.134723668226845450e-02,2.030571048082626534e-02,-6.203442138009336582e-02,8.474509808499661612e-04,-1.079534486809248101e-01,-1.434273828877533630e-01,-2.947416246086685676e-02,-5.904258305482837366e-02,-8.711191615335826810e-02,2.149407829350854712e-02,2.661979737878086144e-02,-1.525106374203626936e-01,-1.178956655562809763e-01,-1.058704652961314219e-01,3.428911490883078395e-02,-8.153405134007418731e-02,-1.572835820403074569e-01,-3.985119928480831963e-02,-1.065548792931113459e-01,4.652102310022293574e-02,-7.290657704897801628e-02,-2.675735676727204054e-02,-7.730389205586882251e-02,4.411798213426904036e-02,4.267095242078196987e-02,6.947033252754296340e-02,-1.291500105657323316e-01,-1.431736187306544561e-01,-8.884744762876173318e-02,-1.056970745422864122e-01,-3.997338807393232413e-02,1.455790452918359623e-01,-1.320982076714422582e-01,3.096136137790687221e-02,-5.604617724514382449e-02,-5.425180313645212166e-02,2.541942041626901391e-02,-1.504986739209227542e-01,-8.202819736011955631e-02,-9.634079007507059811e-02,-2.694746664632017424e-02,3.762550403571417873e-02,-4.009203353644143902e-02,-1.055229026290745165e-01,1.566912822483911352e-02,4.400645602191905620e-02,-7.514220428100623628e-02,-1.602600843873243919e-01,-3.090629549746929869e-02,-9.107111513077728593e-02,-3.146053346144959684e-01,2.856319241370773865e-01,1.407641644276460269e-01,3.620711151998234900e-01,1.550529527571327948e-01,1.004048868315251392e-01,-2.781256610894433101e-01,-1.140412084605613857e-01,-2.917253284601336455e-02,-6.935274998458272611e-02,-7.664937562266467552e-02,-6.977339893684823824e-02,2.060992196535760962e-02,-1.444977063216718594e-01,-7.763158045924421768e-02,9.872990014803073588e-02,-5.606608513278056594e-02,-5.097204519962199309e-02,-1.885149959988916685e-02,1.917430262311358435e-01,4.841930904803672941e-01,2.044432345816221130e-01,2.378740476368987056e-01,1.000000000000000000e+00,5.127444958962922295e-01,1.801385937815947469e-01,-1.525108508927618955e-01,-9.931806125045315736e-02,-1.129367004187124962e-01,-2.783780147081407752e-02,1.834023218127058263e-01,-5.068472273787765631e-02,1.476888414409718298e-01,-1.384194835840409366e-01,-4.763333122122195146e-02
1.620535696209696522e-02,-3.809173348269060538e-02,6.235622973188743867e-02,-2.886056016260034052e-01,-5.457523984608611371e-03,2.091941442272023111e-01,9.004576020064057607e-02,-1.166173426689971239e-02,-1.075137439921543259e-01,2.810224685573439740e-01,-4.806037373085995240e-03,2.146665553843880581e-01,1.009218131338375374e-01,-2.908586326665341809e-02,-7.642571471171763497e-02,2.715212462630084422e-01,-4.972258322940209530e-02,8.847507272005669665e-02,1.178734409398720685e-02,-3.525556559993957284e-02,-1.404149511162350594e-01,2.210018389941708350e-01,-1.910355999216612477e-01,-4.884837979027439187e-02,-8.850926530551121718e-02,-1.527423712952995661e-03,2.224703853218967520e-01,2.847053816397935797e-02,-3.615477906093727146e-03,-5.700000973219183226e-02,2.528440972814107734e-01,-1.616607769185118837e-01,5.880658298820690176e-04,1.527021225984131203e-01,5.245901604795390888e-02,-8.105901751466423888e-02,2.728216213733127837e-01,1.026837405940951575e-02,-1.405727545357032260e-01,-6.564249036189069575e-02,5.131326048457782174e-02,5.466629174785905126e-03,-2.962080952754042942e-02,-1.194081821393283560e-01,1.964456834806690977e-01,-1.880897865997093257e-02,-1.313264772490730682e-02,-5.417187503325606585e-02,2.487633238633770935e-02,8.336942832098079292e-02,4.125921101960146331e-02,3.056053433473595541e-03,1.021284290747869750e-01,-1.631534050337985486e-01,-7.953205996978067460e-02,9.950101670165766021e-02,-1.151257166703826135e-01,-1.530952446422078998e-02,1.177056418669365501e-01,1.065552598598261576e-02,2.754792685564593779e-01,1.366498140791052966e-02,-7.904313649235077122e-02,3.275248873372532121e-01,-8.450532352926377888e-02,1.583784445064734814e-01,-1.317093836712316390e-01,-3.770101339236345966e-02,6.486100046289085264e-02,1.940310896187246725e-01,-5.061741354733003545e-02,1.957282490839917510e-01,1.731687570707981724e-02,-2.751837683630438403e-02,-1.217865542534058709e-01,2.063149039301989396e-01,-1.908020384840694583e-01,-2.905805929467815685e-01,1.741352638137926012e-01,1.567634842318471056e-01,3.329836499443775688e-01,1.416475949724727845e-01,1.026672340802678857e-01,-3.093003619402044380e-01,-1.116262648457054529e-01,-1.614996142451794736e-01,3.556069534093305590e-02,-8.021334138132267533e-02,-1.612178198267481544e-01,6.001886192654341812e-03,-2.480397582321260119e-02,1.419971156478010421e-01,4.542248488466271716e-02,-2.865647797800040600e-02,-3.906414137646039425e-02,2.583629735313622278e-01,3.612881818715016902e-01,1.294523006341641580e-01,4.205103156048549118e-01,6.575095998757067850e-01,5.127444958962923405e-01,9.999999999999997780e-01,-9.814373901464187866e-02,-8.669171311181837758e-02,1.163725846843163408e-01,-1.275844987644104422e-01,-4.249198555976913851e-03,9.052042952893479821e-02,-1.904845025628535971e-01,1.541194742508733562e-01,-1.256232352898640769e-01,-1.889624599398816718e-01
8.277391042721678888e-03,-1.195817018986211622e-01,2.110131960768475354e-02,-2.112744203310483460e-01,-2.238183720263321186e-01,4.952931923235522060e-02,-9.933325857499818168e-02,-5.657946726127969367e-02,-1.928548782115786508e-01,-1.875473186397599856e-02,-2.306433379059917299e-01,4.179842410632027272e-02,-1.188380558692633676e-01,-7.240065501617427846e-02,-1.654569934529395714e-01,1.858830003089378480e-03,-1.528899580846678485e-01,-6.773053850962504341e-02,4.902475078268959258e-02,-1.152570256562679418e-01,-2.099690433546534118e-01,2.791159440551851251e-02,4.142464948480688025e-01,8.314752089626938070e-02,2.775300134149333298e-01,-2.179081759815164054e-01,6.314828743161918223e-02,-8.344669182133662710e-02,9.909627119136368151e-03,-1.344872859030558088e-01,3.598629923288967913e-02,-8.060331550539440171e-02,-2.163237789470347783e-01,6.234877931132763729e-02,-4.415345790179821955e-02,-2.582788999053681200e-01,4.712281802262994340e-02,-9.131203885444128020e-04,1.245990462952462768e-01,-1.443854529494995598e-01,-7.062985303633066703e-02,5.645391236951470548e-02,-9.836735439143458326e-02,-1.985040511849713585e-01,3.509464691117566287e-02,3.948571829665904059e-02,1.563597640085711560e-01,6.527770882430004515e-03,-1.904554531184471933e-01,3.785588520268957924e-02,-7.524335872360070343e-02,7.392500729547191174e-02,-3.507974480199959472e-02,2.713404889886976146e-01,-1.891368333690505998e-01,1.982602877267547817e-02,9.556070660782333206e-03,-1.111732300921787139e-02,-1.002271899157596846e-01,-2.116359801962140741e-01,4.906779755600657045e-02,-2.076375003055877869e-02,-3.113796583270332929e-01,3.544420403585074597e-02,-1.915236275045349434e-01,-4.893766547991237892e-02,8.175922997794682345e-02,-1.884459245744428760e-02,-1.815197784706943651e-01,-4.134329985560357412e-02,-1.397858681919713075e-01,-7.121204401653113969e-02,5.493217844889089485e-02,-1.189188737481973041e-01,-2.127027576932288833e-01,2.120215844572937228e-02,4.017850092594495437e-01,1.069270050282060541e-01,3.646878310135475559e-02,1.422328497971158678e-01,-1.423921438544760998e-01,1.060791253487946423e-01,-5.741205887244985734e-02,2.024933616736539765e-01,3.903883124044357777e-02,4.442440917088583685e-01,-1.674836824457373308e-01,2.019344433689765350e-02,3.024902520076284129e-01,-6.463443541645933106e-03,-2.107209993083110078e-01,-1.624321885108629196e-02,-5.112339875779037257e-02,-9.111298868218591085e-02,-2.456494533011714665e-01,5.764259750917992593e-03,6.940823607875280798e-02,4.453536878898574636e-01,-3.151333660165290575e-03,-8.797077133739976407e-02,1.801385937815947469e-01,-9.814373901464189254e-02,9.999999999999998890e-01,-1.965388426009138101e-01,-8.745714917320497259e-03,1.846268801680954821e-02,5.495648815443963768e-03,-7.379293056959221331e-02,5.237089344659904278e-01,-1.477887248269012799e-01,-2.967941209815688416e-02,4.112523769054376443e-01
-6.960635049489082016e-02,3.114458870911394547e-02,-6.484427981818095821e-02,2.763834801505655678e-02,8.443622373091024258e-01,1.429252751623989216e-02,-1.201439671834445555e-01,1.195291628176245735e-01,-4.132234153206928301e-02,9.539209860816688646e-03,8.540515780207997842e-01,2.354236962153045259e-02,-1.115705841093782291e-01,8.032021266471123244e-02,-9.296562782612509401e-02,4.244465385891830859e-03,7.084011206327387455e-01,3.100665397628235564e-02,-1.110303727295370024e-01,1.117261174116979117e-01,-6.726283670862022446e-02,1.279943868566950360e-02,-1.046541719124936820e-01,-1.033148550629488099e-01,-9.110424731312133373e-02,8.699361155718917660e-01,-3.181693228830153458e-02,-1.038403094837695578e-01,1.850275464702962405e-02,-9.891384606944661484e-02,-1.556532243344067867e-02,1.327888153992631826e-01,8.389061814444315202e-01,-4.901175847596347251e-02,4.007915118005481864e-02,-8.382161167049256845e-02,1.655914679005036916e-02,1.227871152363279178e-01,3.319264791412308846e-02,7.293657317626250913e-01,3.814816927340842351e-02,-1.084788918750873576e-01,1.137540691316020480e-01,-1.726606961065936877e-02,9.196953235216217062e-03,-1.514608701318058068e-02,-1.066805653733300385e-01,4.961464891248876935e-02,-5.380284507003884123e-03,3.625112044825512525e-02,1.642448484600783631e-01,-9.478098671019950794e-02,6.839464735998022904e-03,9.413103862257257703e-02,9.881444696552279527e-01,-6.583826751934755694e-02,-7.683926399174298427e-02,-4.985322699062820495e-02,-1.300829513227682310e-01,8.013204069860676571e-01,-3.512666734738004864e-02,2.738794414214161359e-03,-8.039473255147495945e-02,3.446878231138477550e-02,9.707636260173593268e-01,-2.590511105437197023e-02,-1.327649958534585783e-01,-4.479909966124974441e-02,-7.606584731234565522e-02,-4.833810916798143148e-02,6.620752360616588561e-01,1.874605077897372254e-02,-1.219983591497034725e-01,7.830201016076113185e-02,-7.592154903861118853e-02,1.495638170904322987e-02,-1.228461994532768775e-01,7.271545148638813849e-02,-5.735786948384449802e-02,-5.258905295096860666e-02,-1.113963495803872578e-01,-5.639193454991464627e-02,2.335773603556761183e-02,4.504274040572520815e-02,-1.032512474844569650e-01,-1.051863844894915107e-01,2.467825341979023868e-01,-1.325525518770496840e-02,-8.332259876440460677e-02,8.834770174180862912e-02,9.168886035406795809e-01,-3.107694593823178385e-03,-1.218800976110394757e-01,7.265929120207899328e-02,-7.601885931563455434e-02,-6.429264857640871209e-05,5.993584388432206950e-02,-1.488915111590699558e-01,-8.395461393008346596e-02,-7.845726412262184202e-02,-1.525108508927618955e-01,-8.669171311181837758e-02,-1.965388426009138101e-01,1.000000000000000000e+00,-7.962265706361658368e-02,-9.217207138842013758e-02,-5.156639248167353695e-02,-1.385434186498325226e-01,-2.181814253368070666e-01,-3.144094316141488737e-02,-4.866769926055458662e-02,-8.287386814636429899e-02
-6.816544404352165021e-02,-1.243195584469994341e-02,-9.441285486308746699e-02,-1.078184898365553424e-01,1.017864134497085127e-01,5.344216470682411346e-01,-1.128840333110380789e-01,1.461313369520175244e-02,1.156184224783920675e-02,3.168753113385860964e-01,1.004933155752612828e-01,4.037635391704116894e-01,-1.093790215418869727e-01,1.167700501701451551e-02,-1.016987657454143136e-02,3.072954576277471817e-01,-3.519139695943380303e-02,4.016600851679143491e-01,8.331705238698222660e-03,-1.253586731327183991e-02,-1.275380661578293384e-01,2.737400330959851580e-01,6.346713033288993444e-02,-4.745881401534676747e-02,-3.499957699439747855e-02,9.765850992520834495e-02,4.439905707235951016e-01,-9.887747544316835557e-02,6.249793545843585624e-03,-2.447961167832917936e-02,2.757862724311990199e-01,-3.364435499599268548e-02,1.102503594543543380e-01,3.315494094583691931e-01,2.809048341154578993e-02,-8.820093309979523677e-02,2.704832460754369450e-01,2.468932535387072247e-02,9.217188883589560316e-03,-4.837505859122208374e-02,5.433582218578647538e-01,-1.119001064511264756e-02,-1.127285959118378908e-02,-1.473946641257308787e-01,2.971697314198060713e-01,6.927286448519901496e-01,-1.851115996776141540e-02,1.200169302692180584e-01,-9.879527679482114078e-02,4.582472827563015549e-01,-5.201112252805740327e-02,-2.125611193946176647e-02,-3.128598777788028223e-03,5.114970572171548963e-02,-7.661780238122349596e-02,9.212693057470130453e-01,-1.548516727030648521e-01,1.998681907954468207e-01,-2.068767724440188638e-01,1.214050428712997592e-01,3.852357194059222167e-01,2.662625584345327742e-02,-4.445644477850475146e-02,2.422117802744682691e-01,-7.262545233681848289e-02,8.636605081027027842e-01,-6.281170673272663818e-02,7.578447510080872640e-02,-1.679990556759355103e-01,4.349093217673981049e-01,-2.598500331358888707e-02,3.673333598567752878e-01,2.125104534629291414e-02,8.595935903696080502e-03,-1.117712658651609237e-01,2.476475037873546725e-01,5.948733422668204401e-02,2.486433937484609433e-02,-1.557762527710603306e-01,-6.928628789517431164e-02,-1.126755271020089544e-01,-5.682640596996393206e-02,-6.848782686875243275e-02,7.147616988879083866e-02,-7.817089354062148332e-02,5.141534377106381226e-02,2.572691963844106824e-02,-9.112702893654636704e-02,-1.042047281778564667e-04,6.427465928697900788e-02,4.283418504074643085e-02,7.059373335058145571e-01,-8.915201815949860831e-02,1.214790624658872858e-02,-8.940056361495678228e-02,3.877549880592567333e-01,1.293579924804733605e-01,-5.189115335232535875e-02,1.655426949738659781e-01,3.019306204963841944e-01,-9.931806125045317124e-02,1.163725846843163547e-01,-8.745714917320497259e-03,-7.962265706361658368e-02,9.999999999999997780e-01,-1.954548619428867484e-01,2.474719738130581326e-01,-2.285655928702616246e-01,-3.344539127068082290e-02,-1.487629268475791078e-01,-8.818162301068646625e-02,-7.089673671090308653e-03
-6.625240901400553106e-02,-6.363878261721779561e-02,-5.113378220264385571e-02,2.304582056877834406e-01,-1.184771430651371943e-01,-2.130677369188478942e-01,4.886132245944670438e-01,-1.530120795165191283e-01,-2.414359495098024055e-01,-1.720828324085254823e-01,-1.142467227651108169e-01,-2.047398487041961201e-01,5.432995313617953181e-01,-1.862619484234920020e-01,-2.497761772773344491e-01,-1.749181529802240898e-01,-1.082358739349905397e-01,-1.505911655228245605e-01,4.064663656288896032e-01,-1.474733278627510524e-01,-2.113231840246801441e-01,-2.189724506605433274e-01,1.010239784074272729e-01,3.346506395886802293e-02,1.024170353423003998e-01,-1.283268099217888536e-01,-1.935707456174024232e-01,6.350693605635771011e-01,-1.397552373874024756e-01,-3.210424580336095346e-01,-1.579952488623403428e-01,3.661475770182473499e-02,-1.104872582287175359e-01,-1.690511359815132786e-01,-1.569303562622861026e-01,-1.819265751952471866e-01,-1.749874269040365971e-01,-1.596493461164086858e-01,4.067476559720386020e-01,-9.563700044276589318e-02,-1.686282725475585498e-01,4.535735768844755822e-01,-1.647821483826575339e-01,-1.841638800020298783e-01,-2.206763363655140919e-01,-1.899634079473764559e-01,4.842834149361325280e-01,-1.346757106001929272e-01,-2.529920710880232404e-01,-2.137059481414838868e-01,-6.401051622535719465e-02,-1.771692767136227517e-02,-1.383018789281928174e-01,1.351723761365520859e-01,-8.974558971432547438e-02,-1.944676693287533120e-01,9.461603129700565384e-01,-1.612551900979639630e-01,-2.785054595016946410e-01,-9.991563794942048826e-02,-1.240812491045330257e-01,-1.077111729251547800e-01,-2.086076425347942742e-01,-1.250708932969623599e-01,-9.548858304442943423e-02,-1.886971791109857410e-01,8.314025551262532732e-01,-1.461093775527596283e-01,-3.412981703918789300e-01,-1.780372008277487927e-01,-1.253494409235305085e-01,-1.410990660916305039e-01,3.485954618572536523e-01,-1.619941854763522482e-01,-2.156500213731340210e-01,-2.046116821569877731e-01,1.169611877797524513e-01,6.039343463779094784e-02,-1.180328189894161439e-01,-1.377741598585256466e-01,-1.393421147024176965e-01,-1.309550354082327228e-01,4.942102362100596336e-02,1.611412954355992688e-01,-1.958470119956400371e-02,9.574987004018775671e-02,4.464196740080331877e-02,4.538293798275684632e-02,8.172799227745676520e-02,1.609794651267551779e-01,-1.023611177840989817e-01,-2.166745795783971140e-01,6.450692294290368833e-01,-1.965271384090562512e-01,-2.822396630353596336e-01,-2.251861192421172608e-01,-1.996982134299327971e-01,-1.700554495986962289e-01,-1.703656809029731045e-01,-8.742604553457108962e-02,-1.129367004187125240e-01,-1.275844987644104422e-01,1.846268801680954474e-02,-9.217207138842013758e-02,-1.954548619428867207e-01,9.999999999999997780e-01,-1.796777208912039570e-01,-3.063035039549214522e-01,1.229629819304263461e-01,-1.210459426934061972e-01,-4.113039908761894486e-02,1.712277831380485393e-01
-6.229694253748694482e-02,1.070783036935427368e-01,-9.106052381513615734e-02,-9.325585853613764520e-02,-3.762202351262555061e-02,6.394971998607827668e-02,-3.741475995260450105e-02,1.712153391309892136e-01,8.807876543934781838e-03,1.393106571892398227e-01,-4.087031025061441808e-02,8.119230883809455679e-02,-3.123739312775124927e-02,2.964385503608875094e-01,7.352044584753730534e-04,1.603122056359804759e-01,-1.925687174238296592e-02,2.479482600472732168e-02,1.141459771296048503e-01,2.669243309923751695e-01,-3.696585770156151501e-02,1.019857423824876014e-01,1.358708066134158288e-01,-6.143673410463679208e-02,-2.230311878358854846e-02,-5.414592210227065633e-02,1.415008250291980019e-01,-4.012221162451422296e-02,4.215423592428772515e-01,-2.278820261641012132e-02,1.400417163095022122e-01,-6.773236722662927256e-02,-3.849787122055133015e-02,5.407382058616017756e-02,2.548059297945781676e-01,-3.252467412517152934e-02,1.199500723625749193e-01,3.196324098918092854e-02,-3.937162217167859690e-02,-1.824826923686501470e-02,4.582180248638949294e-02,9.247815151222828212e-02,3.077069253952273153e-01,-8.937403029400345367e-02,9.004252815610973293e-02,6.914931775125471303e-02,9.127104782314901521e-02,4.052664957856735861e-01,-3.483114572526511965e-02,1.164387095170507369e-01,-3.741250695108266217e-02,-1.930942727534917108e-02,4.594352863807298765e-02,1.388877057655661662e-01,-3.759844230189041819e-02,1.659506159163331995e-01,-9.406664428199840167e-02,7.688237377250395355e-01,-1.534877659346885193e-01,-2.941081763260058532e-02,1.157699431016047525e-01,2.666194435855465672e-01,-3.331288391953050876e-02,9.384173719956384607e-02,-2.377104743685302252e-02,7.489711663557109544e-02,3.503266321011112849e-02,6.680346045978752256e-01,-1.628294114337003329e-01,1.471146200294410622e-01,-2.199270339310269509e-02,1.844053287121873858e-02,1.425681609011368589e-01,2.808620827237063855e-01,-5.170871767096157229e-02,1.132036538669861508e-01,1.094837826258160118e-01,1.193298496780458157e-01,-1.233088608577079803e-01,-2.740252654136313137e-02,-1.580703092626751516e-01,-2.571336700352646817e-02,-2.192767531701005773e-02,1.343957393204253115e-01,-4.227048262052668370e-02,1.584451933997316486e-01,6.656968236624346072e-03,-1.073952682854959206e-01,5.485141461819850045e-02,1.226439426222746265e-01,-3.688087451136388972e-02,7.574077811009112537e-02,-2.475975803370693284e-02,3.728198852161920818e-01,-7.939397974237295819e-02,1.146562750592749064e-01,-3.554863479535039922e-02,5.501766216457344184e-03,-4.364226748869990541e-02,-3.386895601701650493e-02,-2.783780147081407752e-02,-4.249198555976913851e-03,5.495648815443963768e-03,-5.156639248167354389e-02,2.474719738130581048e-01,-1.796777208912039570e-01,1.000000000000000000e+00,-1.993534681321272872e-01,1.493688526458953059e-01,-1.489364396348001329e-01,-4.148296974144759924e-02,1.279325588367088429e-01
-1.070857732940767998e-01,-5.032759995016355264e-02,1.038054587127109490e-02,-1.502726227184356667e-01,-1.080313610561459414e-01,-1.534088570715633759e-01,-2.576073566931338932e-01,8.882637409067180301e-02,4.902045940065584140e-01,-1.171256971247705281e-01,-1.149917686127405331e-01,-1.217187499170807735e-01,-2.689168454915283335e-01,5.664145711155239848e-02,5.401617603041773963e-01,-1.758508330576309120e-01,-7.661581517045804035e-02,-4.934620974089126699e-02,-1.260888994928969498e-01,3.337610146467683003e-02,4.986122108725328794e-01,-1.177483060406532139e-01,-2.299315337408826543e-01,-2.684946268017677010e-02,-1.625901274064331728e-02,-1.114719216989222689e-01,-1.368505583203219189e-01,-2.844771708134818389e-01,-2.931667858672205168e-02,6.268225329987738847e-01,-1.768879267623685581e-01,-5.583003742921985313e-02,-1.137710587522739597e-01,-8.806361298060864928e-02,1.711578017767348761e-02,5.243026059714006593e-01,-1.729301253143501194e-01,9.588428471353475924e-02,-2.156829791943827568e-01,-8.834568211904575419e-02,-1.001851704251520148e-01,-1.317615131089404645e-01,3.724447697133334567e-02,5.369932739665739252e-01,-1.105539588534611289e-01,-7.316649361612226343e-02,-1.806605681021754006e-01,-8.138405012779327541e-02,5.336316206069494639e-01,-1.736839137229118646e-01,9.545874523220415631e-02,6.230282962278618081e-02,-9.590934483063306981e-03,-1.245720012887715639e-01,-1.463702645133779512e-01,-1.804076481877884275e-01,-2.923676350646654543e-01,-1.079442963052652527e-01,9.099826895674475447e-01,-1.104965941621783021e-01,-1.680874604479591083e-01,3.868317934021735845e-03,4.336892462045406904e-01,-1.517553495475594538e-01,-1.461279483221156750e-01,-1.956919105366804745e-01,-3.157919122237107801e-01,-1.308988027907639351e-01,8.465555662268970938e-01,-2.112112196797254204e-01,-6.780741905239014156e-02,-1.955610507457527028e-02,-1.135366414245085193e-01,3.605151794379055086e-02,4.568491386692957734e-01,-1.458147508063581121e-01,-2.315488359735750623e-01,-1.039494177049095497e-01,1.464136229654250942e-01,4.567665702951156231e-02,2.159939657207702313e-01,2.101487899962893244e-02,3.843871701763322546e-02,-2.347792589637055227e-01,7.921550154642174879e-02,-6.653872497481320980e-02,-1.259513235127899256e-01,-3.198679274453346266e-02,-1.183302965299233289e-01,-2.031323788479429959e-01,-1.248021966521968701e-01,-1.109926324040788337e-01,-2.828496104403760425e-01,5.132685950183078077e-02,6.747602129425721573e-01,-1.609739380457579638e-01,-1.925222359974715705e-02,5.905902871315822644e-02,5.992154276717245875e-02,8.025424006576681313e-02,1.834023218127058263e-01,9.052042952893479821e-02,-7.379293056959221331e-02,-1.385434186498324949e-01,-2.285655928702615969e-01,-3.063035039549215077e-01,-1.993534681321272872e-01,1.000000000000000000e+00,-2.606036985660304395e-01,1.758738201749801000e-01,1.199061835874048604e-01,-1.422969006047419271e-01
8.579744672464058308e-02,-1.330243279373104388e-02,-2.285646364384480780e-02,4.553682919049893002e-02,-2.265972369617854365e-01,-2.659304822399500418e-02,-5.796801015047487599e-02,6.197994380541096970e-02,-3.352078889355757929e-01,-7.223347164819414468e-02,-2.219595959229792581e-01,-3.295698889900265660e-02,-4.986388790988794534e-02,5.029532610815606181e-02,-3.245495930744933255e-01,-1.090177373089411539e-01,-1.600529082731597108e-01,-1.412693491502008403e-01,1.929962464550746548e-01,-9.121098495928671446e-02,-1.526670601155602491e-01,-1.778092582788388110e-01,6.619235384782752307e-01,2.410975512716941049e-01,3.459728003251935080e-01,-2.240257659681689495e-01,-4.297443924123489634e-02,8.733788510685359593e-03,1.479008729445688286e-01,-2.598606352448648571e-01,-1.369287325704746094e-01,-4.480094609697602565e-02,-2.111199553714124544e-01,-1.495515980958857585e-02,4.530537712682499579e-02,-3.959794275653671369e-01,-1.389443839788796764e-01,-5.450422376475263370e-02,1.862128209061852668e-01,-1.624526665280250359e-01,-1.555452097774727149e-01,2.061809784459706918e-01,-6.474628780260743843e-02,-1.640865710514378129e-01,-1.754819567868985131e-01,-8.490057409582719983e-02,2.313691613322104712e-01,4.197904342877287198e-02,-1.881424353030113628e-01,-1.640150944817377887e-01,-5.564182654571903780e-02,1.219065593058578645e-01,-8.678480407927074980e-02,2.276040107720570804e-01,-2.153472127171534578e-01,-6.285040502906458215e-02,1.325117765007770565e-01,1.147825000666071460e-01,-1.902072365603434123e-01,-2.012643591987720026e-01,1.698935703894124960e-02,1.071124923247579047e-01,-4.101577706010575697e-01,-7.984471483259457381e-02,-2.119797616939194940e-01,-5.251742352711868261e-02,2.203079185610251622e-01,1.457360113036743343e-01,-3.275056594257166331e-01,-1.625122201973397407e-01,-1.431884278020635892e-01,-1.378517691680874735e-01,1.992304651948096639e-01,-8.482461486627897174e-02,-1.528398904386330248e-01,-1.722680008167775112e-01,6.418530399471997772e-01,2.251295895770857314e-01,-1.692805689104707190e-01,-3.808888309694395680e-02,-2.252654102666468150e-01,-3.088842750391992270e-02,2.095779199433957588e-02,2.710382719409021313e-01,1.924964884950065569e-01,5.081777313568601739e-01,-2.512783170630931151e-01,8.624696649166349594e-02,3.960268366498866377e-01,3.069391533692301249e-02,-2.280766936628927377e-01,-9.050698347046366721e-02,2.505627076897186736e-02,2.250583660202754022e-03,-3.751630091478830864e-01,-1.866705946433545038e-01,-1.010625265099229508e-01,2.501122608520866542e-01,-1.014257290275181328e-01,-1.587235398816280729e-01,-5.068472273787766325e-02,-1.904845025628536248e-01,5.237089344659904278e-01,-2.181814253368070666e-01,-3.344539127068082290e-02,1.229629819304263461e-01,1.493688526458952781e-01,-2.606036985660304395e-01,9.999999999999998890e-01,-2.592594212751031524e-01,1.225996798361102536e-01,4.928038746270611004e-01
3.272455966140652012e-02,-4.348464721300630137e-02,6.642831139013265218e-02,-2.494994867879274381e-02,-2.472700404511245925e-02,-1.069032624017732525e-01,-5.445157341351981178e-02,-2.339738763356749296e-01,-7.443110400336810928e-02,-4.818569926569100936e-02,-3.473492962128219008e-02,-1.122325784460504322e-01,-7.080832616647872446e-02,-2.593095533387297924e-01,-4.152045742554917596e-02,-8.993492307106930664e-03,-3.782176387411199936e-02,-6.449376877444069900e-02,-1.751504342433228001e-01,-1.684704401953112107e-01,2.630190879781665325e-01,1.497515212005057390e-02,-3.427648105501497344e-01,-2.191611974322114076e-01,-2.579416154016049290e-01,-3.066779402347584102e-02,-6.795522076062918138e-02,-9.377717018452788600e-02,-2.526874054536322189e-01,5.561812602157838181e-02,3.268732195118868172e-02,8.136799105344182104e-02,-4.274556421709992809e-02,-6.231244665186196074e-02,-1.807879155158378381e-01,1.277969495506869613e-01,3.816214408855936324e-02,2.792189316939629184e-02,-2.102101506765322869e-01,-1.826052781857927590e-02,-1.150835879626803254e-01,-1.462009527659111630e-01,-1.507802457035612720e-01,2.147193353524193271e-01,5.684407291466969311e-03,-1.051829582139971048e-01,-1.682584044936820122e-01,-2.929663541259997644e-02,1.882943790134471163e-01,1.597793753783850398e-02,1.471350214933558539e-02,-6.330215950687514970e-02,8.548789024628512812e-02,-3.106960799326248246e-01,-3.977418154817410900e-02,-1.225472862501625765e-01,-8.829072738314880375e-02,-1.000206641625670384e-01,1.551697461598398331e-01,-2.963709157409029696e-02,-6.047341760130806737e-02,-1.914191422677691545e-01,1.503119921242627444e-01,-7.416713352749054050e-03,-4.971283186178348384e-02,-1.004464073991537115e-01,-1.940905890066088879e-01,-1.599336675992142909e-01,2.106313854241921302e-01,-4.225559870106045113e-02,-2.508044942617378148e-02,-2.480554789777059121e-02,-1.851057694966212752e-01,-1.285038396512960812e-01,3.342347793383819710e-01,2.656959688145659956e-02,-3.323867293704755310e-01,-3.108020062125730898e-01,3.930741185306663166e-01,2.170585536302876706e-01,3.608951660966607244e-01,1.849000808627406511e-01,1.449209481907019481e-01,-3.497934532595012858e-01,-3.870145659266004956e-01,-5.716307507246601860e-01,-3.497904974433729830e-01,-2.406441903033257335e-01,-5.019674572249156475e-01,-4.628319980774109887e-01,-3.738798777210024932e-02,-1.234805262136912524e-01,-5.947332318498427250e-02,-1.889083869237976332e-01,1.654630637063498055e-01,8.332207944647774395e-03,1.046094604588988092e-02,-5.228181347103511012e-02,7.203212278744042241e-02,4.904829046685097588e-02,1.476888414409718298e-01,1.541194742508733562e-01,-1.477887248269012799e-01,-3.144094316141488737e-02,-1.487629268475791078e-01,-1.210459426934062110e-01,-1.489364396348001607e-01,1.758738201749801000e-01,-2.592594212751031524e-01,1.000000000000000000e+00,-3.595685280083126822e-01,-6.594497086054649237e-01
2.208866277333169925e-01,1.006043400056028103e-01,1.566645247741513605e-02,-1.036353034565472286e-01,-5.253144018677315119e-02,-7.412572670482914239e-02,-1.978386460190952600e-01,-4.502716728750594949e-02,1.264744990967009430e-01,-1.011827461512556231e-01,-5.046333259721837161e-02,-8.346578489009472135e-02,-1.763375252346065791e-01,-5.729865359838022532e-02,1.189278873130963504e-01,-9.390321934570006190e-02,-2.642505284428681156e-02,-3.956365123433434189e-02,3.976559801969320462e-02,1.422813577413563346e-02,1.035699185462416877e-01,-8.741295450241436116e-02,2.700211948050452726e-01,5.534244282924882796e-01,1.587997077035186166e-01,-4.867628366148078062e-02,-9.023110569176075180e-02,-1.620789669263402177e-01,1.999584755622984752e-03,1.919786995911602900e-01,-8.647858878297595697e-02,1.753219234186292885e-01,-4.458670431156713798e-02,-7.851005790921888883e-02,-1.785674206514831566e-02,1.589828557322984504e-01,-9.518895867452804860e-02,1.009613617465385527e-01,-1.132391195938695500e-01,-3.223283423984327212e-02,-7.306610884271287631e-02,2.021399263928497572e-02,7.860306831369538380e-03,8.201342080611034868e-02,-8.801333219188899049e-02,-6.337487748137712873e-02,1.534020371883425965e-02,2.299585669618979880e-02,-7.815745401065914144e-02,-7.208546495024710510e-02,-1.020533643936208379e-02,5.176067281599618791e-02,9.827911882204620753e-02,-1.867634262595487815e-01,-5.097526957276132115e-02,-8.245295752849461646e-02,-4.860486667776563185e-02,-3.272353060734321112e-02,1.045321693381189299e-01,-4.473347764346313760e-02,-4.681604303829339786e-02,1.078968767978770796e-02,1.355459704695210488e-01,-6.236066175236921333e-02,-4.602893951656374799e-02,-7.556945826579268555e-02,-8.596580303279226232e-02,-3.686343816164056736e-02,1.345751586226870133e-01,1.294431230543846047e-02,-2.941202249740370450e-02,-5.000486285909427897e-02,6.078422884198556031e-02,-3.467099806533134598e-02,6.954663634786104054e-02,-8.643296581617024299e-02,2.902169447446587558e-01,7.362906625078521894e-02,-6.367322982514284080e-02,-2.574319707389399400e-02,-9.382375631016284454e-04,-2.699475707184642928e-02,-1.548241651259884000e-01,-1.749779722859962083e-01,9.257169972390353330e-01,2.010465048207698835e-01,-2.227858516649633691e-01,7.839393710209228150e-01,2.908311455387954658e-01,-1.708894839789848463e-01,-5.258690268283015140e-02,-1.053303048051433405e-01,-1.460420583939211758e-01,-3.411262898693462331e-02,1.198524419899657523e-01,-8.253265443379885491e-02,-1.504868818849221801e-01,-8.715851912260998147e-02,-1.207484609245696866e-01,-8.716959699127829753e-02,-1.384194835840409366e-01,-1.256232352898640492e-01,-2.967941209815688416e-02,-4.866769926055457968e-02,-8.818162301068648012e-02,-4.113039908761894486e-02,-4.148296974144759924e-02,1.199061835874048743e-01,1.225996798361102397e-01,-3.595685280083126822e-01,9.999999999999998890e-01,1.170114381801044684e-01
-2.400512947078562234e-02,-2.986525546754701874e-02,-1.037930334123555592e-01,5.974152806794854470e-02,-1.201766254167045134e-01,3.135153469352283673e-02,-1.395307921557465206e-02,6.462054575049899774e-02,-7.018024155288733745e-02,-8.570144601770587900e-02,-1.150456079732695286e-01,4.698003211781214689e-02,-6.256328300653444217e-03,7.039464271843957899e-02,-8.210333575332560974e-02,-8.422177139155721803e-02,-3.963711876672033202e-02,-5.335037619721019059e-02,2.520085634732562863e-01,1.368388087287379044e-03,-1.854174384190104552e-01,-9.095896696714908525e-02,4.542084949602978039e-01,1.411287005351736790e-01,4.653116829369972063e-01,-1.123100260551391921e-01,2.068856235706521829e-02,3.192428624628889516e-02,1.307353251460281751e-01,-4.143227669866105661e-02,-6.487976443046838959e-02,-1.181580327472672720e-01,-1.027995226982557353e-01,3.855084881061886237e-02,6.044540154731640330e-02,-2.274017994178742508e-01,-7.553862281597177597e-02,-9.427387718562278696e-02,3.165650003364329779e-01,-4.526503833074699973e-02,-3.487445994048626874e-02,2.515618540025486571e-01,1.748472125153193238e-02,-1.500804086210114907e-01,-1.008350009673900094e-01,-8.423726371875712993e-02,3.333220452989207883e-01,-3.527255753389690017e-03,-2.333262738081271215e-01,-1.165103230208689028e-01,-3.903027006631751283e-02,6.610380219906696053e-02,-1.486781968931781273e-01,3.755312746211929564e-01,-7.519741798451735904e-02,-5.585388938612873694e-02,1.857081643448430519e-01,3.979320579868125818e-02,-1.216635180115642062e-01,-1.024416059881941010e-01,2.674099378361002345e-03,6.457271686340892991e-02,-3.075719080063615829e-01,-5.266225197120631696e-02,-6.873648416305587483e-02,-5.452930355904251486e-02,3.039974244683232296e-01,1.237039103254910649e-01,-2.338904133100737637e-01,-2.387947645378873940e-02,-4.080795893419238846e-02,-7.921147970445495401e-02,2.426384381946474489e-01,-1.350080013965899127e-02,-2.163625290089945807e-01,-8.052607675966254319e-02,4.257526232217197504e-01,3.350362106925572903e-01,-2.889875870744848529e-01,-1.584270414612007905e-01,-3.359733582938135288e-01,-1.452777394577421388e-01,-8.615773421207574556e-02,3.858249732200038085e-01,2.002897827176080836e-01,8.751710275887722990e-01,-6.567139371917848911e-02,6.184701118926055202e-02,7.444056181193429156e-01,1.160988108982074912e-01,-1.013591327724996383e-01,-1.872093500890969001e-02,6.653787603453598098e-02,3.338483220569044008e-02,-2.228084394357911502e-01,-8.805538052045085162e-02,-5.623298959550206144e-02,1.793554633479873262e-01,-1.357933333423021749e-01,-7.821079325713145569e-02,-4.763333122122195146e-02,-1.889624599398816718e-01,4.112523769054376443e-01,-8.287386814636429899e-02,-7.089673671090307785e-03,1.712277831380485393e-01,1.279325588367088429e-01,-1.422969006047419271e-01,4.928038746270611004e-01,-6.594497086054649237e-01,1.170114381801044823e-01,1.000000000000000000e+00
